OG	Tcas	Dmel
OG0006160	TC001144	FBgn0035272
OG0003012	TC014857	FBgn0037543
OG0007387	TC032169,TC032170	FBgn0030412
OG0007394	TC007250	FBgn0031872,FBgn0040388
OG0002656	TC015972	FBgn0032249
OG0001217	TC004396	FBgn0015589,FBgn0026598
OG0000325	TC011748	FBgn0008651,FBgn0011278
OG0003925	TC002433	FBgn0010808
OG0004278	TC030665	FBgn0050392
OG0003534	TC007436	FBgn0003257
OG0005833	TC007421	FBgn0260456
OG0007042	TC004239	FBgn0035799
OG0002313	TC004842	FBgn0037146
OG0000526	TC004964	FBgn0037715,FBgn0052832,FBgn0037714
OG0000116	TC000027	FBgn0027343,FBgn0260400,FBgn0042146,FBgn0024542,FBgn0040365
OG0007416	TC003968,TC006904,TC032660	FBgn0035558
OG0007375	TC007360,TC032824	FBgn0041111
OG0001626	TC014595	FBgn0260941
OG0002096	TC015537	FBgn0040375
OG0004973	TC006095	FBgn0053508
OG0003362	TC032588	FBgn0051279
OG0001918	TC015462	FBgn0036279
OG0006612	TC008389	FBgn0036932
OG0003739	TC012300	FBgn0039296
OG0003111	TC008698	FBgn0037753
OG0005040	TC010479	FBgn0012034
OG0001268	TC010951	FBgn0083992,FBgn0039742
OG0004664	TC008934	FBgn0015477
OG0003088	TC002099	FBgn0037720
OG0000755	TC012168	FBgn0261279
OG0002135	TC008239	FBgn0029713
OG0002333	TC011657	FBgn0037410
OG0007554	TC034465,TC011671	FBgn0085425
OG0005523	TC010228	FBgn0260985
OG0005857	TC014265	FBgn0035050
OG0007280	TC001920	FBgn0024314
OG0004691	TC006062	FBgn0033257
OG0004205	TC007435	FBgn0027330
OG0004532	TC001231	FBgn0033737
OG0006765	TC013017	FBgn0036556
OG0003488	TC009871	FBgn0038772
OG0005981	TC014690	FBgn0265174
OG0001499	TC014342	FBgn0041210
OG0004675	TC014596	FBgn0033369
OG0007392	TC033148,TC013419,TC002563,TC033618	FBgn0050503,FBgn0033170
OG0000416	TC034036,TC011069,TC007618	FBgn0264895
OG0005010	TC034871	FBgn0034976
OG0002358	TC015634	FBgn0011715
OG0002614	TC034624	FBgn0032168
OG0002700	TC031162	FBgn0027582
OG0002902	TC001724	FBgn0010309
OG0000840	TC001613,TC033341,TC032838	FBgn0036756
OG0002825	TC014273	FBgn0032586
OG0003281	TC011122	FBgn0038246
OG0005322	TC031145	FBgn0085447
OG0006621	TC010476	FBgn0005633
OG0006895	TC000130	FBgn0036195
OG0003720	TC007152	FBgn0051111
OG0005619	TC003556	FBgn0261881
OG0001348	TC005588	FBgn0050389
OG0005392	TC015420	FBgn0243511
OG0004301	TC002441	FBgn0010470
OG0008009	TC005641,TC006482,TC006483,TC006484	FBgn0034996
OG0006673	TC005794	FBgn0036828
OG0000180	TC007035,TC008479	FBgn0036046,FBgn0044049,FBgn0044051,FBgn0044048,FBgn0044050
OG0002845	TC007045	FBgn0032635
OG0000298	TC031052	FBgn0040297
OG0008036	TC034105	FBgn0038638
OG0000070	TC006371,TC034671	FBgn0259964,FBgn0040968,FBgn0266363,FBgn0266364,FBgn0264750,FBgn0259989,FBgn0051704
OG0006991	TC032995	FBgn0035876
OG0004091	TC015509	FBgn0034304
OG0000968	TC010977	FBgn0051522
OG0007756	TC004720,TC031800	FBgn0032640
OG0002435	TC014326	FBgn0016075
OG0005190	TC007466	FBgn0288229
OG0004042	TC003818	FBgn0015949
OG0004121	TC013056	FBgn0286222
OG0003857	TC006987	FBgn0039625
OG0007172	TC013807	FBgn0031603
OG0000952	TC015419	FBgn0037332
OG0005321	TC009918	FBgn0085444
OG0004279	TC007089	FBgn0034606
OG0003826	TC010144	FBgn0051051
OG0005644	TC033159	FBgn0262167
OG0006397	TC004390	FBgn0030468
OG0001033	TC033022	FBgn0032486
OG0000297	TC005525	FBgn0032895,FBgn0051676
OG0002122	TC013770	FBgn0000221
OG0006627	TC002552	FBgn0036910
OG0000527	TC007516,TC014710,TC007517	FBgn0013810
OG0007125	TC003335	FBgn0035590
OG0007032	TC031065	FBgn0052365
OG0005210	TC001765	FBgn0025741
OG0003695	TC001149	FBgn0051118
OG0003939	TC011806	FBgn0028968
OG0005889	TC014436	FBgn0035155
OG0002012	TC002985	FBgn0002579
OG0004878	TC002510	FBgn0040153
OG0001267	TC005536,TC000433	FBgn0039748
OG0005834	TC000360	FBgn0035043
OG0003950	TC011012	FBgn0039870
OG0003870	TC015921	FBgn0039687
OG0002301	TC032759	FBgn0052446
OG0002242	TC012457	FBgn0036980
OG0005465	TC005668	FBgn0259982
OG0005146	TC014620	FBgn0000152
OG0001391	TC002649	FBgn0033665
OG0004033	TC013747	FBgn0034494
OG0007059	TC002618	FBgn0035755
OG0007067	TC002697	FBgn0023001
OG0002618	TC006360	FBgn0011584
OG0005535	TC032788	FBgn0261085
OG0007595	TC004838,TC004836	FBgn0004118
OG0005791	TC014227	FBgn0034951
OG0006513	TC000324	FBgn0030838
OG0004599	TC004948	FBgn0033518
OG0001836	TC015175	FBgn0030503
OG0002646	TC013032	FBgn0032246
OG0002865	TC009267	FBgn0032691
OG0008050	TC004705	FBgn0039686
OG0007228	TC004317	FBgn0031473
OG0006065	TC014133	FBgn0267689
OG0007505	TC034698,TC014438	FBgn0031857
OG0004902	TC007094	FBgn0031690
OG0005956	TC032593	FBgn0264606
OG0000662	TC008273	FBgn0033844
OG0006172	TC016033	FBgn0025725
OG0003334	TC006298	FBgn0038358
OG0006677	TC011033	FBgn0036814
OG0002682	TC034762	FBgn0032329
OG0003464	TC001041	FBgn0027784
OG0007768	TC009255,TC001862	FBgn0019624
OG0000562	TC005232	FBgn0029155
OG0001706	TC009484	FBgn0020521
OG0002843	TC032859	FBgn0040985
OG0005747	TC009164	FBgn0034859
OG0000344	TC033650	FBgn0029147
OG0006319	TC032728	FBgn0030245
OG0004699	TC003373	FBgn0013726
OG0002889	TC008984	FBgn0032750
OG0003428	TC008117	FBgn0038607
OG0000542	TC015221	FBgn0085354,FBgn0051988,FBgn0050178
OG0000762	TC014600	FBgn0261556
OG0001535	TC007498	FBgn0288857
OG0002398	TC033301	FBgn0037262
OG0003607	TC012753	FBgn0039056
OG0006275	TC009723	FBgn0035528
OG0000404	TC000237	FBgn0262737
OG0004476	TC011692	FBgn0024556
OG0004650	TC011199	FBgn0033405
OG0007040	TC013551	FBgn0035825
OG0004588	TC013143	FBgn0010356
OG0006044	TC002333	FBgn0266723
OG0003373	TC006489	FBgn0038426
OG0003861	TC000048	FBgn0039665
OG0002067	TC012902	FBgn0023515
OG0003552	TC013704	FBgn0038912
OG0001495	TC003196	FBgn0000028
OG0006764	TC008443	FBgn0000115
OG0003590	TC006375	FBgn0028688
OG0003991	TC034606	FBgn0033092
OG0003943	TC004669	FBgn0043900
OG0003718	TC012364	FBgn0039273
OG0006058	TC031541	FBgn0267428
OG0006969	TC011451	FBgn0035936
OG0004911	TC011013	FBgn0033019
OG0003480	TC013613	FBgn0038727
OG0003409	TC012735	FBgn0010926
OG0004706	TC010199	FBgn0021814
OG0004772	TC015595	FBgn0051997
OG0006589	TC014779	FBgn0031064
OG0007770	TC015400	FBgn0287184
OG0000461	TC003620	FBgn0000394,FBgn0261952,FBgn0003865
OG0004867	TC031530	FBgn0035480
OG0004861	TC013629	FBgn0039120
OG0006526	TC007514	FBgn0030873
OG0004063	TC015037	FBgn0034396
OG0006564	TC011163	FBgn0052536
OG0005355	TC004111	FBgn0289122
OG0001839	TC004932	FBgn0030520
OG0005677	TC012671	FBgn0263006
OG0004118	TC006517	FBgn0029878
OG0000252	TC006429	FBgn0031146,FBgn0036433,FBgn0265413
OG0001387	TC001116,TC009779	FBgn0045063
OG0007038	TC009460	FBgn0027554
OG0006583	TC004962	FBgn0027291
OG0007437	TC008150,TC007297,TC008149	FBgn0033760
OG0006082	TC032605	FBgn0270924
OG0001444	TC006055	FBgn0036496,FBgn0025790
OG0005466	TC001512	FBgn0259984
OG0004757	TC005702	FBgn0027558
OG0001771	TC003976,TC032643	FBgn0266757
OG0002230	TC015155	FBgn0025686
OG0007797	TC032711,TC033509,TC033281,TC004403	FBgn0004584
OG0007807	TC010649	FBgn0037238
OG0004207	TC000229	FBgn0030086
OG0007515	TC007720,TC007721	FBgn0265597
OG0004917	TC000388	FBgn0033010
OG0006978	TC015063	FBgn0011206
OG0007260	TC004104	FBgn0031361
OG0000911	TC033432,TC005187	FBgn0029783
OG0007822	TC001042,TC004117	FBgn0021795
OG0003588	TC000225	FBgn0038977
OG0005265	TC015248	FBgn0083971
OG0001175	TC034301	FBgn0038542,FBgn0038541
OG0001135	TC009046	FBgn0038058
OG0004232	TC014562	FBgn0027084
OG0002566	TC007809	FBgn0003502
OG0002154	TC007191	FBgn0029820
OG0001913	TC009556	FBgn0036345,FBgn0019644
OG0004761	TC004129	FBgn0028996
OG0005411	TC007616	FBgn0250869
OG0008028	TC005329,TC004699	FBgn0259721
OG0003144	TC012556	FBgn0037814
OG0002089	TC015839	FBgn0040394
OG0004844	TC003689	FBgn0015925
OG0001343	TC033748	FBgn0015524
OG0003232	TC000593	FBgn0038118
OG0001957	TC014371	FBgn0052392
OG0003632	TC005996	FBgn0051184
OG0004424	TC033398	FBgn0033989
OG0006226	TC009889	FBgn0035429
OG0000181	TC000272	FBgn0040349,FBgn0051546,FBgn0051548,FBgn0037354,FBgn0051549
OG0005025	TC032755	FBgn0005677
OG0005278	TC006287	FBgn0040007
OG0004628	TC032139	FBgn0033476
OG0002715	TC006498	FBgn0032395
OG0004841	TC008001	FBgn0032120
OG0007343	TC010195	FBgn0003137
OG0005806	TC033325	FBgn0034913
OG0005969	TC001232	FBgn0264954
OG0006405	TC000301	FBgn0002878
OG0001329	TC006384	FBgn0014032,FBgn0030041
OG0004553	TC000470	FBgn0033654
OG0004792	TC007660	FBgn0036255
OG0003052	TC001757	FBgn0037609
OG0003109	TC007395	FBgn0286506
OG0005736	TC002132	FBgn0034816
OG0000242	TC033046	FBgn0259212
OG0001066	TC014788	FBgn0015803
OG0006436	TC005373	FBgn0030631
OG0003851	TC001172	FBgn0039639
OG0006729	TC002738	FBgn0025582
OG0002891	TC013727	FBgn0002031
OG0000123	TC014916,TC014144,TC015378,TC015583,TC015392	FBgn0037323
OG0002858	TC034593	FBgn0041184
OG0001832	TC008237,TC007233	FBgn0030449
OG0000924	TC013684,TC013685	FBgn0027592
OG0003419	TC034768	FBgn0038576
OG0003505	TC034528	FBgn0038818
OG0001275	TC014965	FBgn0039802,FBgn0033885
OG0005559	TC016079	FBgn0261387
OG0006672	TC012381	FBgn0036827
OG0004520	TC013135	FBgn0033728
OG0000895	TC003133	FBgn0029663
OG0003746	TC004859	FBgn0027508
OG0002002	TC032736	FBgn0023537
OG0000008	TC005211,TC000149,TC003662,TC014838,TC002127,TC002874,TC002226,TC004479,TC004905,TC000033,TC015028,TC002606,TC002700,TC004165,TC010289,TC033315,TC002818,TC016077,TC004997,TC002310,TC007000,TC002205,TC031222,TC001727,TC032654,TC031234,TC010275,TC032563	FBgn0027499
OG0003660	TC006450	FBgn0039183
OG0005178	TC013805	FBgn0031285
OG0006570	TC006102	FBgn0000257
OG0006572	TC005067	FBgn0031044
OG0001208	TC032172,TC003719	FBgn0039055
OG0001877	TC001152	FBgn0031037
OG0000211	TC010989	FBgn0036193
OG0003983	TC032845	FBgn0050438
OG0003186	TC014104	FBgn0037972
OG0007691	TC003905,TC013662,TC013661,TC014147	FBgn0034197
OG0001122	TC007989	FBgn0031623,FBgn0011290
OG0004823	TC016310	FBgn0036681
OG0002756	TC004819	FBgn0032513
OG0002740	TC007055	FBgn0015399
OG0003074	TC003707	FBgn0286204
OG0003602	TC034543	FBgn0039054
OG0004835	TC015976	FBgn0031450
OG0005378	TC001431	FBgn0086778
OG0001009	TC015069	FBgn0030982,FBgn0051715
OG0002518	TC007870	FBgn0031885
OG0003047	TC009316	FBgn0037634
OG0003601	TC030602	FBgn0027526
OG0005079	TC031504	FBgn0061360
OG0001640	TC015937	FBgn0261385
OG0002590	TC011703	FBgn0032075
OG0004475	TC005724	FBgn0033846
OG0000215	TC031001	FBgn0051163,FBgn0039002,FBgn0263117
OG0004679	TC004496	FBgn0033354
OG0006740	TC032314	FBgn0036643
OG0000399	TC033960	FBgn0261705
OG0001219	TC011029	FBgn0034196,FBgn0039163
OG0006823	TC013115	FBgn0036366
OG0003206	TC031895	FBgn0038028
OG0000953	TC030741	FBgn0051550
OG0005446	TC012481	FBgn0259704
OG0001637	TC004626,TC006568	FBgn0261274
OG0001858	TC004820	FBgn0036415,FBgn0004432
OG0006613	TC000619	FBgn0036909
OG0002017	TC030543	FBgn0040337
OG0002609	TC007497	FBgn0004868
OG0000406	TC031808,TC003729,TC031279,TC013296	FBgn0034788
OG0002400	TC001084	FBgn0037265
OG0005302	TC000338	FBgn0085271
OG0006869	TC015591	FBgn0036262
OG0006445	TC032034	FBgn0030660
OG0005252	TC011204	FBgn0028697
OG0001946	TC004000	FBgn0035915,FBgn0052351
OG0002795	TC014468	FBgn0004837
OG0002250	TC008296	FBgn0037000
OG0004200	TC001348	FBgn0030063
OG0001286	TC012196	FBgn0013348,FBgn0033027
OG0002772	TC010441	FBgn0028527
OG0001491	TC005186	FBgn0014141
OG0007365	TC033217,TC014667	FBgn0264357
OG0000373	TC002960	FBgn0052485,FBgn0052407,FBgn0053523,FBgn0036085
OG0002821	TC006361	FBgn0028375
OG0002438	TC031481	FBgn0016076
OG0002025	TC007375	FBgn0024364
OG0001682	TC003349	FBgn0263102
OG0002797	TC030607	FBgn0001978
OG0003843	TC007229	FBgn0029176
OG0006635	TC014410	FBgn0004623
OG0008055	TC013160	FBgn0050052
OG0001654	TC013586	FBgn0261885
OG0004680	TC011565	FBgn0033351
OG0003777	TC033934	FBgn0004359
OG0000080	TC034745	FBgn0261363
OG0003872	TC033796	FBgn0039689
OG0001473	TC010993	FBgn0036029,FBgn0030722
OG0004990	TC011262	FBgn0004882
OG0003556	TC014995	FBgn0027575
OG0004313	TC001718	FBgn0034716
OG0005426	TC000150	FBgn0259171
OG0002698	TC015397	FBgn0032346
OG0003456	TC000847	FBgn0024329
OG0002546	TC013006	FBgn0013531
OG0004988	TC007194	FBgn0000625
OG0000670	TC010850	FBgn0011656
OG0005982	TC004121	FBgn0265178
OG0001970	TC004652	FBgn0053003
OG0002426	TC013469	FBgn0260470
OG0000631	TC011061,TC031404,TC011062	FBgn0027106
OG0004214	TC004803	FBgn0010269
OG0007737	TC009713	FBgn0036710
OG0006734	TC034634	FBgn0000017
OG0003044	TC015474	FBgn0037624
OG0001669	TC004697	FBgn0262582
OG0008047	TC006675	FBgn0260760
OG0000353	TC003178,TC003279	FBgn0036751,FBgn0036752,FBgn0033952
OG0007370	TC000912	FBgn0260642
OG0003693	TC007473	FBgn0051119
OG0004795	TC034458	FBgn0030151
OG0005000	TC032626	FBgn0004607
OG0002489	TC012661	FBgn0031818
OG0000286	TC011385,TC011090,TC034503	FBgn0000261,FBgn0032061
OG0005218	TC001306	FBgn0052176
OG0001776	TC032110,TC003242	FBgn0267435
OG0003357	TC001230	FBgn0038407
OG0002973	TC014105	FBgn0037475
OG0004695	TC009390	FBgn0021995
OG0005829	TC003256	FBgn0035035
OG0001966	TC015686	FBgn0052506,FBgn0031116
OG0005018	TC033023	FBgn0033809
OG0001337	TC003327	FBgn0052699
OG0005715	TC034478	FBgn0050274
OG0001811	TC030463,TC030001	FBgn0004552
OG0005396	TC030783	FBgn0250753
OG0003129	TC012273	FBgn0004889
OG0003520	TC032203	FBgn0038837
OG0007146	TC001303	FBgn0040650
OG0000680	TC033681	FBgn0050375,FBgn0033277,FBgn0050371
OG0004514	TC032181	FBgn0033773
OG0003735	TC004532	FBgn0039336
OG0003910	TC001092	FBgn0015221
OG0006799	TC003870	FBgn0036446
OG0005082	TC032748	FBgn0029504
OG0004941	TC014707	FBgn0031098
OG0004259	TC009328	FBgn0034577
OG0004620	TC013579	FBgn0033483
OG0004995	TC014023	FBgn0003124
OG0000510	TC006152	FBgn0041781
OG0003390	TC009543	FBgn0038490
OG0001962	TC007077,TC003191	FBgn0005658
OG0005581	TC006824	FBgn0261588
OG0007198	TC013495	FBgn0031566
OG0007158	TC009122	FBgn0031640
OG0005348	TC013528	FBgn0086444
OG0007645	TC000664,TC000665,TC000666,TC000887	FBgn0052483,FBgn0035154
OG0007413	TC014498,TC014497,TC004546,TC004547	FBgn0052405,FBgn0020642
OG0003683	TC006900	FBgn0039233
OG0005616	TC004369	FBgn0261859
OG0000182	TC006392,TC006393,TC006391	FBgn0039840,FBgn0036727,FBgn0029733
OG0001232	TC007685	FBgn0031161,FBgn0039343
OG0001222	TC001433	FBgn0039187
OG0007376	TC011477,TC033344	FBgn0053556
OG0004965	TC014054	FBgn0031663
OG0004165	TC016323	FBgn0040319
OG0001568	TC010603	FBgn0085414
OG0005022	TC011254	FBgn0039349
OG0000937	TC006274	FBgn0037107,FBgn0017590
OG0003836	TC011352	FBgn0039627
OG0001799	TC015854	FBgn0035290
OG0002448	TC015134	FBgn0002525
OG0005799	TC000872	FBgn0034923
OG0007142	TC033818	FBgn0031114
OG0000226	TC033792	FBgn0039817,FBgn0033387,FBgn0050345,FBgn0050344,FBgn0033388
OG0004758	TC014863	FBgn0039911
OG0006274	TC016223	FBgn0035529
OG0001039	TC011428	FBgn0028543,FBgn0054003
OG0002348	TC015956	FBgn0028436
OG0000155	TC034010	FBgn0046999,FBgn0025827,FBgn0034162,FBgn0034165
OG0004704	TC031506	FBgn0033260
OG0001359	TC005479	FBgn0050463
OG0004270	TC004638	FBgn0034602
OG0001862	TC001667	FBgn0001250
OG0006076	TC009744	FBgn0267972
OG0001381	TC002138,TC014181	FBgn0020391
OG0005917	TC030678	FBgn0263757
OG0003363	TC010122	FBgn0038424
OG0000503	TC033819	FBgn0010314
OG0002106	TC003619	FBgn0024992
OG0003754	TC011549	FBgn0039385
OG0005099	TC012663	FBgn0037550
OG0000580	TC010895,TC031998,TC012913	FBgn0038799
OG0007074	TC013691	FBgn0035713
OG0002076	TC011404	FBgn0003079
OG0002460	TC014715	FBgn0031745
OG0004875	TC001338	FBgn0002917
OG0004252	TC007680	FBgn0030218
OG0005947	TC010857	FBgn0264339
OG0001005	TC014256	FBgn0041092
OG0005985	TC013521	FBgn0265187
OG0003770	TC001302	FBgn0039430
OG0005777	TC008912	FBgn0003008
OG0002544	TC031158	FBgn0031981
OG0004968	TC008271	FBgn0031660
OG0007709	TC009844	FBgn0260462
OG0003104	TC013863	FBgn0014023
OG0007454	TC034819,TC032977	FBgn0003575
OG0005279	TC003717	FBgn0010247
OG0000729	TC032023,TC032067,TC005521	FBgn0085370
OG0004318	TC014758	FBgn0034243
OG0005001	TC007659	FBgn0003950
OG0005925	TC030048	FBgn0263911
OG0001931	TC032346	FBgn0036043
OG0003076	TC015733	FBgn0037680
OG0001611	TC011351,TC007441	FBgn0259818
OG0002822	TC033637	FBgn0032582
OG0006506	TC011619	FBgn0030791
OG0003045	TC007995	FBgn0037626
OG0004919	TC011311	FBgn0000611
OG0000552	TC002895	FBgn0037592,FBgn0051454,FBgn0051259
OG0000920	TC012311	FBgn0031286
OG0005268	TC014638	FBgn0083978
OG0004612	TC013789	FBgn0033457
OG0000245	TC034656	FBgn0035412,FBgn0260430,FBgn0052284,FBgn0260026
OG0005419	TC008156	FBgn0259146
OG0000124	TC032949	FBgn0262100,FBgn0053113,FBgn0015831
OG0005854	TC033317	FBgn0015801
OG0006316	TC007264	FBgn0021742
OG0004290	TC007178	FBgn0034654
OG0006858	TC033419	FBgn0002466
OG0004799	TC004745	FBgn0003892
OG0001978	TC034332	FBgn0015600
OG0007893	TC007134,TC007133,TC007132	FBgn0025334
OG0003298	TC000446	FBgn0038256
OG0007575	TC002656,TC004081,TC015398,TC031051,TC003059,TC033512	FBgn0039879,FBgn0083979
OG0000764	TC031982	FBgn0261564
OG0007891	TC015682,TC015681	FBgn0027376
OG0004392	TC009150	FBgn0034058
OG0001339	TC007254	FBgn0030167
OG0003169	TC014996	FBgn0046225
OG0004296	TC009967	FBgn0034646
OG0002558	TC006312	FBgn0015299
OG0002309	TC014790	FBgn0037116
OG0005623	TC006188	FBgn0261938
OG0007060	TC001257	FBgn0035754
OG0006479	TC008881	FBgn0011741
OG0002844	TC034685	FBgn0032633
OG0000454	TC000611	FBgn0029863,FBgn0023525,FBgn0029608
OG0004364	TC034877	FBgn0050100
OG0004458	TC033720	FBgn0005613
OG0001822	TC007283	FBgn0030320
OG0000961	TC034530,TC013020	FBgn0037327
OG0006451	TC005988	FBgn0030654
OG0000664	TC032117	FBgn0027356
OG0003913	TC010201	FBgn0260440
OG0000219	TC030715,TC032056,TC004597,TC000393,TC001255	FBgn0029896
OG0005597	TC012618	FBgn0261673
OG0003960	TC004918	FBgn0032961
OG0007272	TC007702	FBgn0031304
OG0002265	TC006236	FBgn0037024
OG0006166	TC009872	FBgn0022702
OG0004317	TC014602	FBgn0034697
OG0001311	TC015502,TC004313	FBgn0011589
OG0004636	TC009250	FBgn0023180
OG0002596	TC008606	FBgn0026439
OG0004007	TC033532	FBgn0034520
OG0008003	TC009281,TC009279	FBgn0086656
OG0005416	TC013712	FBgn0259113
OG0000611	TC007397	FBgn0015622,FBgn0030377,FBgn0264077
OG0003651	TC012578	FBgn0039160
OG0002148	TC009490	FBgn0029778
OG0005202	TC012565	FBgn0004618
OG0005383	TC033769	FBgn0086909
OG0002906	TC011683	FBgn0032775
OG0002514	TC012697	FBgn0031873
OG0000628	TC016005,TC015688	FBgn0041585
OG0005822	TC013623	FBgn0034972
OG0007538	TC009310	FBgn0028516
OG0005592	TC013624	FBgn0261618
OG0005136	TC013670	FBgn0020880
OG0002814	TC004723	FBgn0025678
OG0005548	TC032816	FBgn0261277
OG0005773	TC009299	FBgn0001123
OG0006505	TC007300	FBgn0030798
OG0004302	TC003142	FBgn0034674
OG0002735	TC014481	FBgn0032429
OG0001136	TC014014	FBgn0038088,FBgn0051345
OG0002172	TC007569	FBgn0029839
OG0003578	TC034275	FBgn0053110
OG0000800	TC009848	FBgn0266717
OG0001698	TC002405	FBgn0028552,FBgn0266721
OG0002481	TC012437	FBgn0015623
OG0001734	TC013974	FBgn0263973
OG0006595	TC003479	FBgn0031078
OG0000244	TC013449	FBgn0260003
OG0004500	TC010661	FBgn0033783
OG0002417	TC014886	FBgn0037213
OG0004918	TC013767	FBgn0032949
OG0004461	TC000823	FBgn0033900
OG0005697	TC001742	FBgn0034717
OG0002539	TC005366	FBgn0004177
OG0002286	TC002921	FBgn0037045
OG0007288	TC010244,TC010245,TC010251	FBgn0000473,FBgn0288232,FBgn0033979,FBgn0033978,FBgn0039519,FBgn0033980,FBgn0013772,FBgn0015714,FBgn0033302,FBgn0013771,FBgn0031726,FBgn0033304,FBgn0013773
OG0006881	TC004392	FBgn0036219
OG0006944	TC006037	FBgn0028429
OG0002920	TC014592	FBgn0032819
OG0002224	TC007868	FBgn0031233
OG0002541	TC013508	FBgn0031975
OG0002003	TC003484	FBgn0029525
OG0004459	TC009884	FBgn0033907
OG0005251	TC013930	FBgn0039942
OG0003034	TC004578	FBgn0051460
OG0006671	TC005120	FBgn0036825
OG0002762	TC002177	FBgn0032506
OG0006951	TC008241	FBgn0040475
OG0004834	TC011769	FBgn0002773
OG0006010	TC008320	FBgn0266186
OG0006906	TC013390	FBgn0036147
OG0000361	TC033668,TC014270,TC009318,TC010155	FBgn0004360
OG0005151	TC032865	FBgn0033712
OG0003805	TC001922	FBgn0002441
OG0007090	TC003639	FBgn0035648
OG0007133	TC015425	FBgn0020272
OG0000425	TC012042	FBgn0035227
OG0003785	TC030553	FBgn0003267
OG0007113	TC001563	FBgn0035622
OG0004782	TC013876	FBgn0023213
OG0002542	TC008153	FBgn0031977
OG0003610	TC009207	FBgn0024509
OG0006649	TC009976	FBgn0017578
OG0005128	TC002647	FBgn0033564
OG0004235	TC000140	FBgn0288690
OG0003507	TC004829	FBgn0038811
OG0003049	TC011184	FBgn0037638
OG0005135	TC031642	FBgn0032536
OG0004418	TC008165	FBgn0034001
OG0004386	TC007202	FBgn0034084
OG0001812	TC013058,TC010949	FBgn0011692
OG0004564	TC034643	FBgn0024188
OG0001752	TC030748	FBgn0265003
OG0006083	TC033271	FBgn0270926
OG0005086	TC015070	FBgn0037912
OG0007381	TC034351	FBgn0261836
OG0000506	TC012150,TC001417	FBgn0032289
OG0003845	TC004831	FBgn0028476
OG0003406	TC015243	FBgn0051251
OG0000029	TC004937,TC005130,TC035054,TC004084,TC005230,TC032066,TC004160,TC013415,TC031993	FBgn0003450
OG0003212	TC000739	FBgn0038065
OG0005485	TC014100	FBgn0260653
OG0002280	TC002476	FBgn0028427
OG0007734	TC034620,TC003823	FBgn0037015,FBgn0037012
OG0006731	TC000109	FBgn0004556
OG0001712	TC010817	FBgn0035094
OG0002011	TC008337	FBgn0025639
OG0007671	TC000863,TC032089,TC000701	FBgn0031725
OG0001443	TC012727	FBgn0032388
OG0006852	TC005557	FBgn0036300
OG0002367	TC011992	FBgn0037368
OG0002585	TC004066	FBgn0032033
OG0003187	TC000221	FBgn0037963
OG0002804	TC010824	FBgn0001987
OG0006280	TC015822	FBgn0001257
OG0006668	TC009517	FBgn0036819
OG0002035	TC034798	FBgn0025381
OG0002432	TC005869	FBgn0028694
OG0000909	TC005904,TC005905	FBgn0029804
OG0002838	TC006280	FBgn0032595
OG0006052	TC010540	FBgn0267348
OG0007236	TC007227	FBgn0004242
OG0002726	TC001600	FBgn0015797
OG0001928	TC005345	FBgn0036141
OG0007358	TC014348,TC000170,TC001367,TC001368	FBgn0001089,FBgn0260746
OG0000178	TC003241,TC000772,TC000789,TC032381,TC032397,TC001288	FBgn0027660
OG0005737	TC000527	FBgn0034821
OG0000342	TC004236	FBgn0030215,FBgn0036726,FBgn0263033,FBgn0032365
OG0003716	TC016340	FBgn0039282
OG0001326	TC000967	FBgn0030052
OG0006227	TC009890	FBgn0035430
OG0002071	TC014640	FBgn0023540
OG0003331	TC001090	FBgn0038343
OG0007153	TC007635	FBgn0052499
OG0004961	TC009151	FBgn0034071
OG0007010	TC030734	FBgn0027549
OG0003407	TC008697	FBgn0038533
OG0005599	TC030550	FBgn0261680
OG0002720	TC034816	FBgn0027081
OG0004469	TC031132	FBgn0033859
OG0004824	TC002856	FBgn0061197
OG0002773	TC033199	FBgn0028541
OG0000518	TC000861	FBgn0051814
OG0002389	TC015127	FBgn0037324
OG0000208	TC032686	FBgn0053208
OG0003424	TC000483	FBgn0038592
OG0005825	TC005215	FBgn0035020
OG0001900	TC031030	FBgn0036612
OG0006748	TC034094	FBgn0036621
OG0006443	TC002608	FBgn0027287
OG0001982	TC008016	FBgn0024947
OG0007016	TC006217	FBgn0035850
OG0004323	TC006009	FBgn0034237
OG0004324	TC002359	FBgn0028382
OG0000623	TC009907,TC001673,TC010659	FBgn0034546
OG0002802	TC004120	FBgn0028518
OG0007745	TC015002,TC015001	FBgn0025807
OG0001297	TC013381	FBgn0030691,FBgn0034487
OG0005388	TC004004	FBgn0087011
OG0004253	TC034373	FBgn0050295
OG0004585	TC010003	FBgn0033571
OG0002612	TC015511	FBgn0032170
OG0001841	TC034457,TC032133	FBgn0052600
OG0002523	TC007212	FBgn0031882
OG0004262	TC004876	FBgn0034573
OG0001673	TC030900	FBgn0262636
OG0005790	TC013255	FBgn0034956
OG0003482	TC002556	FBgn0038725
OG0003024	TC011372	FBgn0037566
OG0007102	TC031068	FBgn0016756
OG0007811	TC014951	FBgn0035091
OG0000785	TC012345	FBgn0000541
OG0004197	TC010944	FBgn0030037
OG0005031	TC000088	FBgn0023076
OG0004372	TC008022	FBgn0034060
OG0004627	TC003488	FBgn0013435
OG0006594	TC034861	FBgn0031069
OG0002552	TC030608	FBgn0031959
OG0007415	TC003873,TC000054,TC000055	FBgn0035907,FBgn0035906,FBgn0035904,FBgn0086348
OG0004790	TC009901	FBgn0032721
OG0001721	TC010676	FBgn0063667,FBgn0035189
OG0000733	TC002345	FBgn0085478
OG0007382	TC008358,TC008359,TC008357	FBgn0002570,FBgn0032382,FBgn0033296,FBgn0002569,FBgn0032381,FBgn0002571,FBgn0033297,FBgn0033294,FBgn0050360,FBgn0050359
OG0000825	TC002952,TC002955,TC002953	FBgn0030521
OG0007711	TC033995,TC005949	FBgn0260970
OG0000737	TC012598	FBgn0250910
OG0002218	TC013942	FBgn0031216
OG0001564	TC011066	FBgn0085387
OG0002303	TC003413	FBgn0000560
OG0005924	TC000831	FBgn0263864
OG0004363	TC032011	FBgn0034094
OG0006085	TC010176	FBgn0275436
OG0005304	TC015298	FBgn0085343
OG0000354	TC004933,TC000805,TC032037	FBgn0033921
OG0003038	TC005515	FBgn0024326
OG0002491	TC009851	FBgn0031816
OG0001110	TC003214	FBgn0051477,FBgn0014391
OG0000531	TC014942	FBgn0000636
OG0001843	TC015718,TC006533	FBgn0030590
OG0001872	TC003149	FBgn0036372,FBgn0030955
OG0006408	TC006739	FBgn0030528
OG0001951	TC011101,TC009893	FBgn0035845
OG0003908	TC015811	FBgn0000032
OG0000300	TC013219	FBgn0031324,FBgn0037514,FBgn0261502,FBgn0037516
OG0004481	TC014962	FBgn0260475
OG0005127	TC006476	FBgn0011640
OG0006862	TC013042	FBgn0036287
OG0000084	TC006138	FBgn0032631,FBgn0052521,FBgn0264486
OG0001627	TC005477	FBgn0260945
OG0003597	TC001088	FBgn0039007
OG0004263	TC003848	FBgn0050291
OG0005871	TC010477	FBgn0027587
OG0004946	TC013448	FBgn0030763
OG0005531	TC009340	FBgn0261064
OG0005382	TC030701	FBgn0086906
OG0003928	TC008732	FBgn0039827
OG0001909	TC032716,TC000159	FBgn0036450
OG0004816	TC009371	FBgn0030887
OG0001972	TC007352,TC006347	FBgn0024244
OG0002419	TC016289	FBgn0015331
OG0002515	TC002968	FBgn0026196
OG0005689	TC033567	FBgn0263219
OG0003343	TC002335	FBgn0038385
OG0000185	TC006354	FBgn0036158,FBgn0031245,FBgn0031244
OG0001675	TC001074,TC000021	FBgn0262866
OG0007727	TC007598,TC007594	FBgn0288888
OG0006609	TC007128	FBgn0036937
OG0007286	tcas	dmel
OG0006749	TC011457	FBgn0036614
OG0005670	TC034308	FBgn0262867
OG0001042	TC001755	FBgn0028913,FBgn0000173
OG0001457	TC007399,TC013569	FBgn0026620
OG0006246	TC002523	FBgn0005640
OG0003210	TC030996	FBgn0038055
OG0006542	TC003909	FBgn0030915
OG0006141	TC032198	FBgn0028577
OG0002236	TC031556	FBgn0031209
OG0007363	TC001371,TC032209	FBgn0001139
OG0006696	TC030877	FBgn0052183
OG0005961	TC001326	FBgn0264712
OG0005130	TC006278	FBgn0066304
OG0002536	TC010160	FBgn0031950
OG0000970	TC012736	FBgn0039498,FBgn0037242
OG0004085	TC004375	FBgn0000057
OG0003780	TC009579	FBgn0039467
OG0000532	TC012876	FBgn0031145,FBgn0032680
OG0006633	TC009427	FBgn0036893
OG0006163	TC015308	FBgn0024510
OG0005636	TC014542	FBgn0262114
OG0003564	TC012731	FBgn0019960
OG0005936	TC001378	FBgn0263997
OG0000450	TC009614	FBgn0037358,FBgn0025642,FBgn0038186
OG0005386	TC005135	FBgn0087005
OG0003713	TC000667	FBgn0039271
OG0006276	TC011978	FBgn0035524
OG0002166	TC014110	FBgn0015794
OG0006189	TC005927	FBgn0035328
OG0005679	TC014404	FBgn0263038
OG0007889	TC014044,TC001140	FBgn0052230
OG0007805	TC007923,TC003809	FBgn0010288
OG0007694	TC034547,TC032032	FBgn0038038,FBgn0037298
OG0003984	TC014220	FBgn0033028
OG0006390	TC034177	FBgn0004456
OG0002842	TC014554	FBgn0032620
OG0005215	TC006542	FBgn0003300
OG0005330	TC015490	FBgn0085599
OG0001826	TC015064	FBgn0030364,FBgn0036057
OG0005155	TC007010	FBgn0031575
OG0005527	TC009174	FBgn0286784
OG0006623	TC003521	FBgn0020887
OG0002929	TC014309	FBgn0032846
OG0000270	TC006587	FBgn0052206
OG0007099	TC030555	FBgn0040239
OG0004052	TC033827	FBgn0034446
OG0002841	TC015668	FBgn0032618
OG0000951	TC012810	FBgn0037418,FBgn0283678
OG0001964	TC003118,TC003117	FBgn0035588
OG0001395	TC008956	FBgn0000581
OG0005512	TC006692	FBgn0260933
OG0003498	TC030670	FBgn0038806
OG0007304	TC034179,TC005387,TC006442,TC001546,TC015218,TC005384,TC006441,TC006444,TC034830,TC000282,TC006445	FBgn0038037,FBgn0038034
OG0001815	TC008920,TC033758	FBgn0052249
OG0002704	TC006726	FBgn0032362
OG0003125	TC033715	FBgn0037778
OG0001508	TC010381	FBgn0041775
OG0002315	TC004545	FBgn0004514
OG0005372	TC010519	FBgn0086706
OG0003233	TC010368	FBgn0038115
OG0006055	TC003477	FBgn0267384
OG0003137	TC003169	FBgn0037809
OG0001798	TC008741	FBgn0002872
OG0002815	TC011991	FBgn0000307
OG0005141	TC009947	FBgn0034315
OG0003297	TC013885	FBgn0038269
OG0005648	TC011290	FBgn0262517
OG0005470	TC009599	FBgn0260012
OG0002710	TC012543	FBgn0027505
OG0002931	TC013062	FBgn0032850
OG0006721	TC006662	FBgn0036662
OG0006863	TC006460	FBgn0052103
OG0002532	TC000640	FBgn0031906
OG0005631	TC011652	FBgn0261988
OG0004203	TC015538	FBgn0011586
OG0003537	TC034892	FBgn0038870
OG0005498	TC032990	FBgn0260795
OG0004709	TC015948	FBgn0003317
OG0003121	TC001200	FBgn0037741
OG0004175	TC006345	FBgn0030004
OG0007910	TC034990,TC006823	FBgn0289579
OG0007110	TC004235	FBgn0035630
OG0003268	TC000412	FBgn0020510
OG0006198	TC006993	FBgn0035318
OG0003662	TC001018	FBgn0000036
OG0003308	TC010194	FBgn0038319
OG0004125	TC003032	FBgn0029907
OG0000398	TC003787	FBgn0260660
OG0000568	TC004616	FBgn0013334
OG0007278	TC032551	FBgn0051922
OG0000314	TC031194	FBgn0038079
OG0008025	TC009873,TC013013	FBgn0035985
OG0004401	TC011921	FBgn0050467
OG0003924	TC034052	FBgn0002413
OG0004938	TC011142	FBgn0022770
OG0005998	TC003942	FBgn0265778
OG0003036	TC004789	FBgn0037607
OG0007635	TC034515	FBgn0039904
OG0003067	TC015452	FBgn0037660
OG0003750	TC004920	FBgn0027865
OG0002975	TC015197	FBgn0011020
OG0004297	TC034436	FBgn0042180
OG0004842	TC006551	FBgn0041723
OG0006333	TC007993	FBgn0010391
OG0001427	TC014168	FBgn0024728
OG0003239	TC000168	FBgn0038147
OG0004497	TC033006	FBgn0003975
OG0005560	TC014286	FBgn0261396
OG0003054	TC014816	FBgn0037646
OG0004580	TC002625	FBgn0033547
OG0006923	TC002783	FBgn0013469
OG0007097	TC033630	FBgn0035644
OG0000905	TC008661	FBgn0004687,FBgn0031410
OG0005838	TC004566	FBgn0016687
OG0006292	TC008692	FBgn0052250
OG0004764	TC010773	FBgn0039907
OG0005630	TC032054	FBgn0261987
OG0002233	TC013021	FBgn0031232
OG0004535	TC006258	FBgn0033677
OG0001888	TC010333	FBgn0036897
OG0007451	TC015237,TC015083,TC005925	FBgn0263235,FBgn0031249,FBgn0031248,FBgn0038595,FBgn0053127,FBgn0263234
OG0007323	TC033861,TC031214	FBgn0263397
OG0002051	TC008972	FBgn0023510
OG0005876	TC014167	FBgn0035140
OG0006459	TC001366	FBgn0030692
OG0003258	TC011763	FBgn0000576
OG0001719	TC011532	FBgn0035171
OG0000624	TC014763	FBgn0034483
OG0007943	TC009264,TC034994	FBgn0283500
OG0003333	TC033624	FBgn0053207
OG0003862	TC010137	FBgn0040623
OG0001130	TC030638	FBgn0038012,FBgn0030970
OG0000638	TC014347	FBgn0053548,FBgn0030102
OG0005972	TC007530	FBgn0264978
OG0004427	TC005991	FBgn0050476
OG0005698	TC001743	FBgn0013272
OG0005075	TC034247	FBgn0034618
OG0003027	TC008673	FBgn0037580
OG0000044	TC016281,TC034365,TC031048,TC015859,TC031676,TC002280,TC013409,TC002278,TC031677	FBgn0031170
OG0001639	TC014101	FBgn0261341
OG0002958	TC004063	FBgn0026577
OG0006098	TC010367	FBgn0283535
OG0007088	TC013073	FBgn0035643
OG0000831	TC004152	FBgn0030674
OG0004767	TC015133	FBgn0039902
OG0002459	TC034901	FBgn0031753
OG0000524	TC009049	FBgn0032596,FBgn0031443,FBgn0031442
OG0000922	TC032729	FBgn0004611
OG0001007	TC030702	FBgn0032104,FBgn0032105
OG0002050	TC008121	FBgn0023509
OG0002497	TC015941	FBgn0025777
OG0002192	TC013803	FBgn0010583
OG0000447	TC008433	FBgn0002561,FBgn0004170,FBgn0000022
OG0003886	TC002539	FBgn0002924
OG0001748	TC015877,TC030888	FBgn0264542
OG0007175	TC007753	FBgn0031611
OG0001100	TC005648	FBgn0039406,FBgn0037686
OG0002479	TC010807	FBgn0031759
OG0003149	TC005404	FBgn0037843
OG0004925	TC008405	FBgn0029174
OG0005472	TC005722	FBgn0260049
OG0001141	TC013913,TC000590	FBgn0038145
OG0002796	TC013787	FBgn0028878
OG0007269	TC010813	FBgn0053126
OG0002538	TC014396	FBgn0027515
OG0001021	TC033927	FBgn0010197
OG0001453	TC004018,TC033085	FBgn0035802
OG0003122	TC009237	FBgn0037739
OG0003060	TC010107	FBgn0037661
OG0005059	TC031391	FBgn0030662
OG0006456	TC014311	FBgn0030686
OG0000603	TC006117,TC002881	FBgn0039302
OG0001848	TC030565	FBgn0030679,FBgn0030676
OG0000274	TC000432	FBgn0039483,FBgn0037174,FBgn0039482
OG0006915	TC015491	FBgn0036136
OG0002103	TC005589	FBgn0024973
OG0004687	TC000028	FBgn0033317
OG0006102	TC033113	FBgn0283652
OG0001745	TC011362,TC002667	FBgn0264443
OG0001831	TC015464,TC011151	FBgn0052645
OG0002982	TC000613	FBgn0037482
OG0005805	TC004886	FBgn0021895
OG0006228	TC007872	FBgn0035432
OG0001008	TC008297	FBgn0032172
OG0001513	TC008629,TC006040	FBgn0001235
OG0007617	TC005861,TC005848,TC005849,TC034827,TC005860	FBgn0030968
OG0000636	TC007693,TC032733	FBgn0026206
OG0007215	TC005853	FBgn0025109
OG0000986	TC009772,TC001245	FBgn0025595
OG0005081	TC014750	FBgn0032240
OG0004312	TC001741	FBgn0020307
OG0006520	TC001101	FBgn0030855
OG0003781	TC001057	FBgn0051076
OG0000199	TC001933	FBgn0262002,FBgn0032176,FBgn0037985,FBgn0039812,FBgn0034844
OG0003276	TC005396	FBgn0288976
OG0004716	TC005723	FBgn0027054
OG0003574	TC006381	FBgn0038958
OG0006782	TC004898	FBgn0029114
OG0001813	TC004030	FBgn0035542
OG0004287	TC001676	FBgn0034644
OG0004545	TC010565	FBgn0033688
OG0002381	TC005910	FBgn0015402
OG0003466	TC001051	FBgn0038666
OG0006983	TC011845	FBgn0035922
OG0006896	TC000051	FBgn0036194
OG0001556	TC010342	FBgn0036090,FBgn0069938
OG0007956	TC010162	FBgn0025800
OG0000410	TC004512	FBgn0034971
OG0005258	TC001009	FBgn0083943
OG0003459	TC001352	FBgn0038674
OG0004255	TC009911	FBgn0020617
OG0000388	TC010130,TC009029,TC010127,TC033698	FBgn0034286
OG0003062	TC012015	FBgn0037665
OG0006278	TC002652	FBgn0035518
OG0003160	TC001620	FBgn0037884
OG0003969	TC030612	FBgn0033055
OG0003005	TC009022	FBgn0014930
OG0000407	TC009489	FBgn0034789
OG0000686	TC014217	FBgn0026262
OG0001845	TC002984	FBgn0030617
OG0004012	TC003086	FBgn0034535
OG0003527	TC010881	FBgn0038855
OG0003094	TC014081	FBgn0002431
OG0001115	TC001558	FBgn0037828,FBgn0036928
OG0008049	TC034895	FBgn0034062,FBgn0034379,FBgn0001133
OG0002743	TC007791	FBgn0032444
OG0000700	TC015566	FBgn0036875,FBgn0036877,FBgn0036876
OG0006437	TC030747	FBgn0030634
OG0001433	TC015755	FBgn0011642
OG0003840	TC031967	FBgn0028671
OG0003595	TC001750	FBgn0039016
OG0005093	TC003554	FBgn0016919
OG0006312	TC013425	FBgn0030240
OG0007674	TC004641	FBgn0039064
OG0002837	TC000075	FBgn0015391
OG0006918	TC000359	FBgn0010741
OG0002883	TC014495	FBgn0032732
OG0005621	TC011808	FBgn0261931
OG0004265	TC030761	FBgn0034567
OG0001053	TC001091	FBgn0051787,FBgn0264389
OG0001661	TC010525	FBgn0262169
OG0002540	TC008416	FBgn0031968
OG0004640	TC006735	FBgn0033438
OG0001020	TC013179,TC011929	FBgn0032348
OG0007698	TC007492	FBgn0001150
OG0002263	TC033754	FBgn0040634
OG0005005	TC034834	FBgn0000053
OG0004848	TC012213	FBgn0032455
OG0002880	TC001970	FBgn0015553
OG0000428	TC007834	FBgn0030613
OG0001908	TC013192	FBgn0036460
OG0000485	TC012163,TC014634	FBgn0001311
OG0003225	TC013572	FBgn0051342
OG0000560	TC011007	FBgn0037989
OG0004113	TC002570	FBgn0050105
OG0004233	TC003529	FBgn0028327
OG0007561	TC011525,TC013762	FBgn0087035
OG0001128	TC008369	FBgn0037992
OG0006932	TC006173	FBgn0036104
OG0003680	TC030691	FBgn0000140
OG0005607	TC005178	FBgn0261794
OG0006404	TC014561	FBgn0030507
OG0000231	TC008047,TC013188,TC000327,TC011986	FBgn0053196
OG0003863	TC012737	FBgn0039663
OG0004485	TC015906	FBgn0033806
OG0000229	TC014041	FBgn0035917
OG0001603	TC033551	FBgn0259238
OG0006002	TC003210	FBgn0266000
OG0000805	TC031289	FBgn0030960,FBgn0283473
OG0001849	TC032219	FBgn0003345
OG0004778	TC031491	FBgn0052017
OG0000862	TC006174,TC015207	FBgn0031081
OG0003418	TC013348	FBgn0022943
OG0007867	TC034205,TC034778,TC011867	FBgn0039636
OG0000900	TC005877	FBgn0029715,FBgn0032115
OG0006778	TC009432	FBgn0036516
OG0002340	TC012820	FBgn0037428
OG0002550	TC034016	FBgn0031972
OG0003055	TC007248	FBgn0027503
OG0006128	TC009718	FBgn0285913
OG0001240	TC030782	FBgn0015737,FBgn0041780
OG0002420	TC004676	FBgn0010225
OG0005227	TC013573	FBgn0027101
OG0007184	TC012257	FBgn0000547
OG0003146	TC009200	FBgn0037832
OG0006849	TC000255	FBgn0036277
OG0001307	TC009812	FBgn0034313
OG0002064	TC013714	FBgn0026088
OG0002293	TC001032	FBgn0026371
OG0001163	TC015411,TC006407	FBgn0038418
OG0004796	TC015575	FBgn0003141
OG0004970	TC008402	FBgn0051961
OG0003649	TC008077	FBgn0039172
OG0000466	TC015208	FBgn0029851
OG0002007	TC033205	FBgn0025635
OG0001740	TC034112	FBgn0264087
OG0002319	TC010772	FBgn0027086
OG0002900	TC014299	FBgn0032725
OG0000465	TC006326	FBgn0026060
OG0002997	TC011225	FBgn0010282
OG0001474	TC014764	FBgn0051712
OG0004633	TC032730	FBgn0027580
OG0003114	TC000780	FBgn0037757
OG0001893	TC031823	FBgn0036780
OG0006514	TC031415	FBgn0011758
OG0001057	TC001878	FBgn0032717
OG0005929	TC003706	FBgn0263933
OG0007885	TC010812,TC031044	FBgn0260464
OG0005368	TC012098	FBgn0086694
OG0000851	TC034572,TC003181,TC003271	FBgn0035941
OG0005080	TC004291	FBgn0067622
OG0002443	TC006474	FBgn0003716
OG0004901	TC006493	FBgn0031692
OG0000926	TC001704,TC034869	FBgn0031227
OG0007681	TC000530,TC016203	FBgn0041194
OG0001665	TC002076	FBgn0262527
OG0001757	TC011709,TC012720	FBgn0265274
OG0002416	TC012251	FBgn0037231
OG0003792	TC005585	FBgn0005696
OG0004053	TC011807	FBgn0034447
OG0004678	TC008664	FBgn0027607
OG0005253	TC011303	FBgn0058002
OG0006096	TC014184	FBgn0283508
OG0004079	TC003092	FBgn0050115
OG0006949	TC000973	FBgn0036038
OG0000493	TC006709,TC006689,TC001772	FBgn0031768
OG0004710	TC012542	FBgn0040780
OG0005335	TC007346	FBgn0086355
OG0003015	TC008961	FBgn0037554
OG0003724	TC006108	FBgn0020626
OG0006266	TC001758	FBgn0003710
OG0006920	TC002880	FBgn0052075
OG0003211	TC008189	FBgn0038057
OG0004619	TC003161	FBgn0033480
OG0000957	TC031075	FBgn0010772
OG0003085	TC004386	FBgn0037709
OG0006296	TC033836	FBgn0035543
OG0007644	TC033005,TC034797,TC034728,TC015541	FBgn0051105,FBgn0039839
OG0002296	TC002366	FBgn0037081
OG0005569	TC012522	FBgn0261477
OG0005786	TC032957	FBgn0023170
OG0001905	TC012126	FBgn0036515
OG0000887	TC007903	FBgn0022097,FBgn0040377
OG0001149	TC000222,TC001129	FBgn0038247
OG0005858	TC006787	FBgn0035092
OG0007357	TC009035	FBgn0003889
OG0001546	TC033435,TC014944	FBgn0058006
OG0002332	TC011656	FBgn0037409
OG0001555	TC010177	FBgn0266720,FBgn0011288
OG0006544	TC000641	FBgn0008635
OG0006179	TC015068	FBgn0035285
OG0005124	TC009083	FBgn0031455
OG0006999	TC010050	FBgn0035903
OG0005318	TC008776	FBgn0085434
OG0002684	TC008711	FBgn0000146
OG0005027	TC012492	FBgn0038872
OG0004833	TC012882	FBgn0032202
OG0006474	TC007521	FBgn0027093
OG0006090	TC011817	FBgn0283472
OG0005824	TC032201	FBgn0035010
OG0005319	TC003500	FBgn0085436
OG0005281	TC034751	FBgn0046692
OG0007315	TC014534,TC003085	FBgn0035089
OG0002579	TC004987	FBgn0032048
OG0003128	TC010961	FBgn0037792
OG0003277	TC009820	FBgn0038223
OG0003757	TC003011	FBgn0039404
OG0004072	TC005826	FBgn0034350
OG0003327	TC010098	FBgn0051344
OG0006889	TC000127	FBgn0036188
OG0001211	TC032165	FBgn0052246,FBgn0039125
OG0004753	TC033682	FBgn0040513
OG0006040	TC009075	FBgn0266708
OG0006313	TC008028	FBgn0003965
OG0000306	TC008169	FBgn0037798
OG0006792	TC007326	FBgn0036481
OG0001471	TC034075	FBgn0026238
OG0006634	TC015819	FBgn0029094
OG0003123	TC005065	FBgn0037772
OG0005120	TC004910	FBgn0029175
OG0003358	TC000183	FBgn0024491
OG0001379	TC003922	FBgn0033856,FBgn0001258
OG0007842	TC032559	FBgn0286980
OG0007806	TC031041	FBgn0085385
OG0007118	TC011093	FBgn0035593
OG0006970	TC005486	FBgn0011787
OG0003061	TC012466	FBgn0037664
OG0004718	TC001593	FBgn0027788
OG0004811	TC003227	FBgn0028740
OG0000351	TC009165	FBgn0034002
OG0000802	TC031853	FBgn0267337
OG0005571	TC014301	FBgn0261509
OG0000161	TC033260,TC033259	FBgn0023531
OG0000375	TC010007	FBgn0002873
OG0002576	TC000768	FBgn0032053
OG0001563	TC033101	FBgn0085386
OG0005784	TC015503	FBgn0003353
OG0006127	TC031696	FBgn0285912
OG0000393	TC007758	FBgn0085443
OG0003163	TC015914	FBgn0037875
OG0005649	TC014518	FBgn0262518
OG0006358	TC000192	FBgn0030354
OG0003743	TC005582	FBgn0039341
OG0002681	TC034172	FBgn0032330
OG0005069	TC007642	FBgn0038570
OG0002991	TC015585	FBgn0024912
OG0006070	TC034448	FBgn0267795
OG0007249	TC011056	FBgn0027509
OG0004920	TC012032	FBgn0030720
OG0006187	TC006977	FBgn0035317
OG0004403	TC033614	FBgn0034035
OG0006046	TC012028	FBgn0266848
OG0005992	TC007706	FBgn0265464
OG0002176	TC004775	FBgn0005390
OG0006218	TC001438	FBgn0035371
OG0001231	TC009906,TC004976	FBgn0022800
OG0007052	TC014647	FBgn0035771
OG0001385	TC004742	FBgn0033766
OG0007477	TC015126	FBgn0030710
OG0007138	TC004605	FBgn0052512
OG0003938	TC011826	FBgn0039844
OG0005236	TC014134	FBgn0031945
OG0005902	TC000160	FBgn0263398
OG0003388	TC002890	FBgn0038460
OG0001429	TC030995,TC000562	FBgn0053481
OG0007093	TC003262	FBgn0035677
OG0006646	TC000996	FBgn0036860
OG0004379	TC011023	FBgn0027091
OG0002370	TC010414	FBgn0037371
OG0001386	TC005423	FBgn0033716,FBgn0031157
OG0005688	TC032578	FBgn0263200
OG0007831	TC010955,TC031413,TC031414	FBgn0031688,FBgn0031689,FBgn0028940
OG0003177	TC000932	FBgn0037942
OG0001793	TC013723	FBgn0013753,FBgn0013755
OG0001903	TC032359	FBgn0036583,FBgn0036584
OG0000403	TC006063	FBgn0262614
OG0007200	TC005785	FBgn0002985
OG0001105	TC007331	FBgn0037721
OG0007905	TC007080,TC000089	FBgn0024366
OG0007520	TC006432,TC031034	FBgn0085382
OG0005193	TC012512	FBgn0053970
OG0003300	TC000315	FBgn0038286
OG0004100	TC014503	FBgn0034264
OG0005428	TC003517	FBgn0259199
OG0001235	TC014998	FBgn0000064,FBgn0039425
OG0001694	TC032250,TC033868	FBgn0004795
OG0003819	TC012700	FBgn0039559
OG0007115	TC005166	FBgn0029118
OG0002781	TC000050	FBgn0001961
OG0006798	TC014285	FBgn0036437
OG0000567	TC007015	FBgn0038294
OG0004362	TC034283	FBgn0034136
OG0000434	TC032853,TC016300,TC032001,TC009410	FBgn0036829
OG0003813	TC013168	FBgn0003279
OG0002599	TC012074	FBgn0002973
OG0001797	TC000689	FBgn0027594
OG0002987	TC014258	FBgn0037466
OG0003529	TC000737	FBgn0010770
OG0002409	TC002258	FBgn0037252
OG0003353	TC008695	FBgn0040071
OG0006611	TC034574	FBgn0036934
OG0001784	TC012055	FBgn0284257
OG0004043	TC005881	FBgn0040732
OG0003814	TC012134	FBgn0027579
OG0007222	TC009786	FBgn0031497
OG0003427	TC009745	FBgn0024432
OG0004993	TC003184	FBgn0002774
OG0000453	TC000745,TC032062,TC032063	FBgn0025624
OG0006845	TC000049	FBgn0036317
OG0006899	TC010429	FBgn0003292
OG0003681	TC032178	FBgn0039225
OG0006717	TC012215	FBgn0025558
OG0002693	TC005367	FBgn0040211
OG0001520	TC001693	FBgn0000459,FBgn0285879
OG0004455	TC000487	FBgn0001220
OG0004752	TC009754	FBgn0050502
OG0007182	TC032829	FBgn0031600
OG0003997	TC010612	FBgn0033089
OG0001659	TC014377	FBgn0262017,FBgn0082598
OG0002041	TC015590	FBgn0025393
OG0001038	TC015124,TC004215	FBgn0001965
OG0003416	TC012993	FBgn0038564
OG0002898	TC004151	FBgn0001202
OG0004874	TC013185	FBgn0030558
OG0002102	TC007439	FBgn0000376
OG0002304	TC009354	FBgn0022936
OG0004352	TC003654	FBgn0034137
OG0005851	TC009874	FBgn0027599
OG0006961	TC002791	FBgn0036004
OG0007500	TC014095,TC014094,TC014093	FBgn0032785
OG0000619	TC034305	FBgn0000546
OG0002699	TC010379	FBgn0032345
OG0002269	TC011233	FBgn0037026
OG0005314	TC004659	FBgn0085420
OG0004597	TC003417	FBgn0033543
OG0002577	TC005922	FBgn0032051
OG0007618	TC001634,TC011250	FBgn0031589
OG0002271	TC009746	FBgn0037022
OG0001052	TC004603	FBgn0032664,FBgn0030717
OG0002094	TC012071	FBgn0040334
OG0000747	TC007068	FBgn0031012,FBgn0259834,FBgn0031002
OG0006712	TC011795	FBgn0036697
OG0001550	TC014537	FBgn0034389
OG0004859	TC009430	FBgn0050069
OG0005897	TC002493	FBgn0040281
OG0004637	TC004570	FBgn0033450
OG0004286	TC014762	FBgn0034641
OG0004061	TC009707	FBgn0034401
OG0003563	TC011725	FBgn0038925
OG0006644	TC015264	FBgn0036856
OG0000083	TC008413,TC006413,TC014088,TC008414,TC014387,TC014388,TC008412,TC034561	FBgn0031645
OG0004192	TC011538	FBgn0030057
OG0003929	TC012724	FBgn0039828
OG0006814	TC014648	FBgn0013563
OG0007705	TC033138,TC014808	FBgn0035772
OG0000352	TC033785,TC011873	FBgn0286785,FBgn0034005
OG0003696	TC032187	FBgn0045980
OG0000157	TC032431	FBgn0020621
OG0004241	TC004401	FBgn0052683
OG0001036	TC033795	FBgn0032521
OG0002274	TC032370	FBgn0037018
OG0000844	TC034091	FBgn0040805
OG0003837	TC002298	FBgn0039631
OG0005110	TC032174	FBgn0020912
OG0007206	TC034790	FBgn0014906
OG0004789	TC013708	FBgn0010453
OG0000340	TC008212	FBgn0052694
OG0004223	TC002527	FBgn0030109
OG0002522	TC014751	FBgn0031895
OG0005556	TC004218	FBgn0261373
OG0007687	TC031438,TC031887	FBgn0026761
OG0004747	TC008925	FBgn0033178
OG0005507	TC014009	FBgn0260859
OG0001388	TC000475	FBgn0028407,FBgn0024732
OG0002840	TC007033	FBgn0032593
OG0001594	TC013571,TC004109	FBgn0250791
OG0003425	TC003838	FBgn0026250
OG0006130	TC007920	FBgn0285948
OG0006122	TC000163	FBgn0284435
OG0000607	TC012397	FBgn0031018,FBgn0051053,FBgn0085318
OG0001118	TC032592	FBgn0035078,FBgn0037852
OG0000979	TC004435	FBgn0031733,FBgn0030768
OG0001221	TC002947	FBgn0086365,FBgn0019952
OG0002120	TC007813	FBgn0029688
OG0003515	TC015928	FBgn0038833
OG0001472	TC012096	FBgn0028397
OG0000621	TC009721	FBgn0052371,FBgn0027066
OG0002061	TC007722	FBgn0023520
OG0000415	TC006684	FBgn0264894
OG0005185	TC002343	FBgn0035258
OG0006247	TC032854	FBgn0052267
OG0003852	TC000350	FBgn0039638
OG0007667	TC005985,TC001166,TC005986	FBgn0030653
OG0005984	TC010372	FBgn0265184
OG0000151	TC033967	FBgn0051086,FBgn0033787,FBgn0052633,FBgn0034312,FBgn0265186,FBgn0265185
OG0006945	TC003078	FBgn0036018
OG0006948	TC004472	FBgn0045823
OG0005029	TC012851	FBgn0001168
OG0000688	TC010378	FBgn0036039
OG0001229	TC002416	FBgn0039269
OG0002258	TC033074	FBgn0028978
OG0001430	TC004144	FBgn0025740
OG0000022	TC030964	FBgn0052476,FBgn0028956,FBgn0052475,FBgn0045442,FBgn0035789,FBgn0023000,FBgn0045443,FBgn0035623,FBgn0035847,FBgn0034219,FBgn0035131,FBgn0035132,FBgn0050018
OG0002282	TC003920	FBgn0037061
OG0006385	TC016225	FBgn0020513
OG0006705	TC003251	FBgn0052174
OG0001786	TC031186	FBgn0285917
OG0001914	TC034848,TC005644	FBgn0036337
OG0004244	TC030659	FBgn0011770
OG0005431	TC000368	FBgn0259210
OG0002867	TC004764	FBgn0032683
OG0007164	TC000297	FBgn0031633
OG0003919	TC009412	FBgn0015032
OG0002254	TC008166	FBgn0029158
OG0002627	TC003248	FBgn0051717
OG0002355	TC002077	FBgn0037376
OG0005557	TC014515	FBgn0261380
OG0006224	TC007396	FBgn0035421
OG0003501	TC007718	FBgn0023097
OG0006905	TC011206	FBgn0061469
OG0008019	TC032634	FBgn0042092
OG0006536	TC003351	FBgn0021765
OG0003317	TC009020	FBgn0026737
OG0003853	TC008303	FBgn0005596
OG0004741	TC013567	FBgn0033188
OG0006550	TC008465	FBgn0030930
OG0005198	TC014026	FBgn0020381
OG0001507	TC033193	FBgn0015609
OG0003760	TC013349	FBgn0039408
OG0007850	TC034955,TC011261	FBgn0038961
OG0004434	TC006160	FBgn0033960
OG0007952	TC015568	FBgn0011476
OG0002789	TC013881	FBgn0028530
OG0003579	TC002246	FBgn0028837
OG0005545	TC012091	FBgn0261245
OG0000677	TC008653	FBgn0033365
OG0000600	TC034585,TC033318,TC002938	FBgn0039165
OG0007117	TC010380	FBgn0035601
OG0006146	TC002141	FBgn0010333
OG0004671	TC011514	FBgn0002552
OG0004134	TC032817	FBgn0029914
OG0003946	TC015332	FBgn0039861
OG0003799	TC008205	FBgn0039478
OG0001602	TC012848,TC009616	FBgn0259179
OG0000066	TC008451,TC004827,TC007528,TC000397,TC008340	FBgn0052829
OG0002006	TC032726	FBgn0000108
OG0006885	TC002926	FBgn0036206
OG0006546	TC008324	FBgn0027087
OG0000436	TC031402	FBgn0036550,FBgn0036551,FBgn0036553,FBgn0036552
OG0001450	TC000217	FBgn0052442
OG0006348	TC000949	FBgn0030330
OG0007378	TC015390,TC015618,TC015617	FBgn0038003
OG0001503	TC012362	FBgn0030844
OG0001531	TC009458,TC009356	FBgn0034978
OG0002808	TC005997	FBgn0028902
OG0002916	TC009420	FBgn0032796
OG0002706	TC008380	FBgn0287204
OG0007732	TC000148,TC000152,TC000153	FBgn0025454
OG0007311	TC033048,TC033049	FBgn0263197
OG0005568	TC001635	FBgn0261458
OG0007441	TC005377,TC006515,TC005376,TC005375,TC005374,TC006769	FBgn0036782,FBgn0002564,FBgn0002565,FBgn0002562,FBgn0002563
OG0004047	TC006116	FBgn0004003
OG0006332	TC005390	FBgn0001491
OG0007362	TC000273,TC011027,TC004522	FBgn0003886
OG0003518	TC001064	FBgn0051191
OG0002097	TC012997	FBgn0003068
OG0001945	TC033529	FBgn0260442
OG0007571	TC032913,TC008471	FBgn0028841
OG0002622	TC013838	FBgn0032195
OG0006250	TC007446	FBgn0014388
OG0002021	TC008455	FBgn0040359
OG0004215	TC030733	FBgn0030114
OG0004473	TC034178	FBgn0033876
OG0006631	TC011927	FBgn0036888
OG0005229	TC009442	FBgn0034563
OG0002208	TC034312	FBgn0031266
OG0007360	TC012566,TC012830	FBgn0028560
OG0007857	TC034855,TC012219	FBgn0030506
OG0006931	TC031655	FBgn0027615
OG0006979	TC007735	FBgn0016070
OG0005067	TC004565	FBgn0052547
OG0001314	TC008045	FBgn0029903
OG0004863	TC008587	FBgn0039115
OG0007190	TC030652	FBgn0031574
OG0001098	TC010820,TC034732	FBgn0037659
OG0003119	TC009981	FBgn0037749
OG0005401	TC003323	FBgn0250814
OG0001687	TC011614,TC000610	FBgn0263241
OG0003481	TC010874	FBgn0051216
OG0003647	TC000627	FBgn0029503
OG0006449	TC012650	FBgn0003463
OG0002650	TC006323	FBgn0027052
OG0000946	TC034469	FBgn0037408
OG0006182	TC003767	FBgn0035295
OG0006614	TC014560	FBgn0001324
OG0007168	TC008293	FBgn0020762
OG0007783	TC032207,TC032206	FBgn0036560
OG0004703	TC011711	FBgn0010504
OG0008001	TC013039	FBgn0050010
OG0007379	TC013709	FBgn0038484,FBgn0038485
OG0001376	TC015170	FBgn0033949,FBgn0286508
OG0000592	TC015038,TC030982,TC034339	FBgn0014949
OG0007436	TC001297	FBgn0029824
OG0007433	TC013376,TC007465	FBgn0032727,FBgn0032726
OG0005232	TC031005	FBgn0037046
OG0003386	TC006466	FBgn0038467
OG0006797	TC013355	FBgn0041604
OG0004999	TC007876	FBgn0038651
OG0007148	TC009870	FBgn0031106
OG0000319	TC007002,TC034776,TC031654	FBgn0038366,FBgn0033110
OG0005651	TC005312	FBgn0262598
OG0001113	TC014547	FBgn0037835
OG0003987	TC032790	FBgn0042085
OG0005525	TC008834	FBgn0260990
OG0001050	TC034674	FBgn0032629
OG0000596	TC000782	FBgn0051140
OG0000347	TC007560	FBgn0034713,FBgn0036760,FBgn0052487,FBgn0052488
OG0001349	TC001098	FBgn0264694,FBgn0034651
OG0006034	TC001107	FBgn0266669
OG0003218	TC030999	FBgn0005355
OG0003366	TC011816	FBgn0027053
OG0007981	TC008446,TC032928	FBgn0032465
OG0005060	TC009819	FBgn0035978
OG0005713	TC005434	FBgn0034766
OG0004060	TC031365	FBgn0034402
OG0002932	TC014308	FBgn0032849
OG0000448	TC007016	FBgn0040291,FBgn0025638
OG0006375	TC030618	FBgn0030391
OG0007485	TC014155,TC011448,TC014156	FBgn0034479
OG0006560	TC008127	FBgn0031001
OG0001375	TC004989	FBgn0029093,FBgn0033933
OG0002753	TC000304	FBgn0032509
OG0004717	TC009902	FBgn0033247
OG0001863	TC003215	FBgn0030808
OG0001064	TC033066,TC001209	FBgn0032820
OG0001747	TC010445	FBgn0264502
OG0006994	TC034460	FBgn0001253
OG0000284	TC013671	FBgn0031940,FBgn0014454,FBgn0260479,FBgn0031942
OG0004654	TC005086	FBgn0033378
OG0006592	TC000078	FBgn0052528
OG0007037	TC034729	FBgn0035831
OG0000481	TC002986,TC031042	FBgn0051755,FBgn0037205
OG0006803	TC013860	FBgn0036448
OG0003378	TC000635	FBgn0038447
OG0007380	TC005816	FBgn0011555
OG0004873	TC003399	FBgn0260482
OG0006386	TC013780	FBgn0030447
OG0006788	TC014693	FBgn0036489
OG0000750	TC008209,TC032843,TC032844	FBgn0260004
OG0003975	TC013456	FBgn0033052
OG0005421	TC006536	FBgn0259162
OG0007369	TC033731	FBgn0031560,FBgn0051515,FBgn0031561,FBgn0031559,FBgn0259954,FBgn0051609,FBgn0051779,FBgn0262721
OG0006320	TC000102	FBgn0003360
OG0007448	TC004295,TC008332	FBgn0033183
OG0001869	TC002083	FBgn0052549
OG0001544	TC011682	FBgn0041004
OG0006424	TC003243	FBgn0030603
OG0003860	TC012749	FBgn0039668
OG0006311	TC005667	FBgn0030239
OG0002150	TC003127	FBgn0028474
OG0005380	TC007925	FBgn0086785
OG0005315	TC032368	FBgn0085426
OG0004705	TC030574	FBgn0025469
OG0000534	TC014317	FBgn0002036
OG0003829	TC015164	FBgn0039590
OG0005572	TC005618	FBgn0261524
OG0007290	TC004749,TC031485	FBgn0285944
OG0006791	TC003523	FBgn0286818
OG0000936	TC010500	FBgn0052447
OG0006968	TC007453	FBgn0035993
OG0002198	TC006940	FBgn0000442
OG0001523	TC015129	FBgn0037326
OG0006554	TC015184	FBgn0030973
OG0004150	TC015693	FBgn0026144
OG0008044	TC033429	FBgn0030596
OG0001302	TC002502,TC002503	FBgn0034419
OG0002792	TC010427	FBgn0286027
OG0002597	TC000960	FBgn0012036
OG0000954	TC013206	FBgn0037345,FBgn0035640
OG0006960	TC010804	FBgn0015296
OG0000246	TC013701	FBgn0261238
OG0000359	TC001925,TC011878,TC000673,TC005890	FBgn0033627
OG0002964	TC011687	FBgn0024371
OG0007659	TC006481	FBgn0266129
OG0003832	TC011557	FBgn0039623
OG0000186	TC000039	FBgn0053056,FBgn0053054,FBgn0085290
OG0006291	TC008964	FBgn0052251
OG0002030	TC001752	FBgn0024365
OG0006659	TC008339	FBgn0036848
OG0001227	TC014185,TC013630	FBgn0004897
OG0003078	TC015933	FBgn0037687
OG0000634	TC000504	FBgn0031622,FBgn0003023
OG0007817	TC006616,TC015536,TC011626	FBgn0029133
OG0004584	TC010709	FBgn0033557
OG0005931	TC031024	FBgn0263968
OG0007398	TC013844,TC033029	FBgn0003870
OG0004178	TC013150	FBgn0030035
OG0005057	TC012160	FBgn0030641
OG0002193	TC005406	FBgn0020545
OG0004534	TC006359	FBgn0033713
OG0004831	TC009249	FBgn0033566
OG0002780	TC001202	FBgn0019890
OG0005496	TC013788	FBgn0260779
OG0002632	TC012546	FBgn0032219
OG0001288	TC030657	FBgn0033086
OG0007552	TC034326,TC012058	FBgn0020306
OG0007467	TC004715	FBgn0001991
OG0007633	TC002806,TC013905,TC004799	FBgn0031322
OG0000907	TC007686	FBgn0033669,FBgn0029816
OG0006243	TC002437	FBgn0035410
OG0005807	TC012866	FBgn0010278
OG0002505	TC009846	FBgn0031868
OG0000369	TC008291	FBgn0010473
OG0002480	TC033072	FBgn0000308
OG0006615	TC010318	FBgn0020389
OG0002182	TC002421	FBgn0029873
OG0006235	TC010759	FBgn0035437
OG0003253	TC012824	FBgn0000454
OG0005555	TC005682	FBgn0261361
OG0005300	TC030904	FBgn0085257
OG0001114	TC004977	FBgn0004841
OG0007431	TC011861,TC034418,TC034420,TC011863,TC034419	FBgn0029508,FBgn0029506,FBgn0029507
OG0003789	TC006901	FBgn0027574
OG0007922	TC015642,TC015643	FBgn0086532
OG0001690	TC015957,TC030577	FBgn0004896
OG0001399	TC015903	FBgn0033578
OG0004208	TC012116	FBgn0030088
OG0001625	TC033984	FBgn0260938
OG0002214	TC006191	FBgn0010602
OG0007514	TC006292,TC002470,TC034029,TC002471,TC003941,TC034030,TC034028	FBgn0051413,FBgn0033814,FBgn0038918,FBgn0038919
OG0006270	TC012490	FBgn0035523
OG0001989	TC013869	FBgn0031395
OG0002665	TC004726	FBgn0032209
OG0004032	TC015943	FBgn0287774
OG0006964	TC015910	FBgn0005533
OG0003514	TC007515	FBgn0053094
OG0003420	TC007640	FBgn0038578
OG0004524	TC012896	FBgn0033735
OG0003002	TC003711	FBgn0037526
OG0003426	TC003001	FBgn0038597
OG0004163	TC011085	FBgn0004403
OG0006873	TC011605	FBgn0036263
OG0000235	TC011156,TC033678,TC014211,TC002068	FBgn0038880
OG0007196	TC005820	FBgn0031544
OG0000861	TC010725,TC001822,TC016141	FBgn0031305
OG0003377	TC015974	FBgn0038420
OG0003375	TC000316	FBgn0038422
OG0000582	TC008640	FBgn0267433
OG0000067	TC012627	FBgn0031992
OG0003399	TC003549	FBgn0038516
OG0000966	TC031494,TC034655	FBgn0037240
OG0007621	TC013689,TC031592	FBgn0003963
OG0005608	TC008801	FBgn0261797
OG0004339	TC005900	FBgn0028737
OG0000330	TC010842	FBgn0039718
OG0005043	TC007110	FBgn0031016
OG0006231	TC000131	FBgn0035444
OG0001756	TC010456	FBgn0036173,FBgn0265265
OG0002919	TC012106	FBgn0032816
OG0001742	TC005894	FBgn0264305
OG0007100	TC014741	FBgn0035625
OG0005663	TC000104	FBgn0262732
OG0006806	TC014200	FBgn0040318
OG0000742	TC004461	FBgn0259228
OG0006682	TC013378	FBgn0036774
OG0005125	TC009084	FBgn0031454
OG0006531	TC006678	FBgn0030851
OG0004906	TC015238	FBgn0031195
OG0003966	TC007932	FBgn0032987
OG0005492	TC034641	FBgn0260750
OG0001916	TC003228,TC034087	FBgn0036316
OG0000693	TC032448	FBgn0036302
OG0005347	TC011193	FBgn0086443
OG0005360	TC034524	FBgn0086675
OG0000134	TC033988	FBgn0032900,FBgn0032897,FBgn0032422,FBgn0032899,FBgn0051675
OG0005034	TC004378	FBgn0027841
OG0000657	TC034462,TC007104	FBgn0033932
OG0002967	TC015835	FBgn0023090
OG0006419	TC033815	FBgn0030570
OG0005860	TC002973	FBgn0020386
OG0001648	TC010648	FBgn0261790,FBgn0261791
OG0003091	TC014013	FBgn0037728
OG0003396	TC001767	FBgn0038510
OG0002057	TC007480	FBgn0025626
OG0004383	TC004153	FBgn0015295
OG0006447	TC013884	FBgn0030672
OG0000980	TC001000	FBgn0031760
OG0000162	TC014424	FBgn0053547
OG0005863	TC003964	FBgn0035107
OG0007591	TC031722,TC004057,TC032571,TC004067,TC004075,TC013724	FBgn0038153
OG0002452	TC013506	FBgn0031708
OG0002092	TC008154	FBgn0001404
OG0005852	TC009546	FBgn0035073
OG0007270	TC014736	FBgn0015905
OG0006870	TC005814	FBgn0036273
OG0004170	TC034711	FBgn0029977
OG0003599	TC033718	FBgn0046114
OG0006625	TC032646	FBgn0003744
OG0003856	TC000375	FBgn0039626
OG0004320	TC008671	FBgn0016697
OG0004944	TC003451	FBgn0061200
OG0001582	TC009797,TC009798	FBgn0086657
OG0007388	TC032496	FBgn0085432
OG0005538	TC001577	FBgn0261108
OG0007414	TC030113,TC030105,TC030107,TC030120,TC033070	FBgn0052255,FBgn0045476,FBgn0003747
OG0004956	TC004960	FBgn0015000
OG0003100	TC014465	FBgn0027338
OG0004794	TC011191	FBgn0014018
OG0005233	TC010920	FBgn0053995
OG0000995	TC007565	FBgn0044323
OG0007337	TC033115,TC014280,TC031930,TC014278,TC014281	FBgn0034885,FBgn0034884,FBgn0034883
OG0005263	TC033028	FBgn0083963
OG0002862	TC014753	FBgn0032690
OG0005585	TC010132	FBgn0261599
OG0003326	TC008078	FBgn0038306
OG0004815	TC014692	FBgn0036101
OG0000695	TC003984	FBgn0043070
OG0004639	TC031473	FBgn0023143
OG0003013	TC015213	FBgn0288846
OG0002499	TC031520	FBgn0028703
OG0004559	TC009542	FBgn0003396
OG0004430	TC001237	FBgn0033973
OG0000469	TC008473,TC015480,TC034455	FBgn0031250
OG0003292	TC033144	FBgn0067629
OG0004509	TC033408	FBgn0026741
OG0001670	TC016337	FBgn0262593
OG0006068	TC000835	FBgn0267790
OG0000345	TC009170,TC007155	FBgn0031261
OG0002803	TC010559	FBgn0001986
OG0005407	TC013560	FBgn0250839
OG0004744	TC000481	FBgn0033160
OG0006121	TC007529	FBgn0284256
OG0007229	TC013790	FBgn0031437
OG0002922	TC009512	FBgn0032833
OG0002445	TC030599	FBgn0031711
OG0007729	TC013196,TC014616	FBgn0243486
OG0007197	TC007695	FBgn0031550
OG0004606	TC010062	FBgn0005619
OG0007002	TC003999	FBgn0035914
OG0003933	TC032186	FBgn0039832
OG0002563	TC005311	FBgn0032021
OG0001411	TC033978	FBgn0033339
OG0006135	TC005228	FBgn0035205
OG0007101	TC014742	FBgn0035626
OG0004086	TC012448	FBgn0034307
OG0002194	TC006744	FBgn0031288
OG0002266	TC002346	FBgn0037027
OG0000206	TC031942,TC012080	FBgn0064117,FBgn0037602
OG0002004	TC001266	FBgn0052816
OG0001763	TC003693	FBgn0266195
OG0001459	TC012253	FBgn0032456
OG0002205	TC013491	FBgn0031256
OG0002708	TC011971	FBgn0032376
OG0007980	TC031791	FBgn0038582
OG0004127	TC009586	FBgn0029905
OG0003627	TC000317	FBgn0039130
OG0004189	TC000608	FBgn0030056
OG0005440	TC015234	FBgn0259233
OG0005409	TC031152	FBgn0250851
OG0008022	TC014086	FBgn0031903
OG0000723	TC001120,TC001357	FBgn0038405
OG0008016	TC016173	FBgn0032704
OG0003449	TC004949	FBgn0028670
OG0002043	TC004860	FBgn0025382
OG0003539	TC009977	FBgn0038877
OG0005880	TC014950	FBgn0035150
OG0003630	TC034818	FBgn0015795
OG0004976	TC008645	FBgn0053527
OG0007404	TC002617	FBgn0035300
OG0002088	TC031181	FBgn0013432
OG0007972	TC008915	FBgn0036931
OG0005913	TC003035	FBgn0263607
OG0005343	TC006496	FBgn0086371
OG0004069	TC009394	FBgn0034368
OG0006407	TC002529	FBgn0020909
OG0006158	TC007647	FBgn0035268
OG0004314	TC033581	FBgn0034709
OG0003744	TC031986	FBgn0011666
OG0006469	TC006234	FBgn0030711
OG0005748	TC008066	FBgn0028497
OG0001378	TC006994	FBgn0020620
OG0005373	TC014785	FBgn0086707
OG0002234	TC005579	FBgn0002931
OG0004591	TC004833	FBgn0033558
OG0002554	TC032803	FBgn0031955
OG0000257	TC011134,TC010706,TC011173,TC011174	FBgn0035356,FBgn0035355
OG0000470	TC001560	FBgn0067779
OG0004316	TC030541	FBgn0034703
OG0004985	TC015754	FBgn0053557
OG0002946	TC007079	FBgn0032884
OG0002983	TC006363	FBgn0037481
OG0006842	TC002375	FBgn0036305
OG0002974	TC015199	FBgn0037478
OG0004745	TC030468	FBgn0003460
OG0003699	TC000618	FBgn0039227
OG0002407	TC031235	FBgn0037241
OG0003095	TC011759	FBgn0037734
OG0003271	TC009109	FBgn0038221
OG0005276	TC012084	FBgn0033000
OG0006898	TC007772	FBgn0036187
OG0007518	TC034983,TC005587	FBgn0029763
OG0007958	TC015909	FBgn0026602
OG0001965	TC013795,TC013794	FBgn0031150
OG0006155	TC012880	FBgn0035260
OG0005142	TC002422	FBgn0031191
OG0003701	TC010371	FBgn0039224
OG0003401	TC033608	FBgn0038524
OG0002223	TC014272	FBgn0031231
OG0002295	TC002813	FBgn0014143
OG0003118	TC010101	FBgn0037758
OG0004530	TC008796	FBgn0033751
OG0003382	TC010613	FBgn0038454
OG0000255	TC005476	FBgn0283451
OG0006911	TC000434	FBgn0036135
OG0002519	TC014040	FBgn0031893
OG0001998	TC000802	FBgn0004034
OG0005054	TC006924	FBgn0033265
OG0007772	TC002377,TC030696	FBgn0042177,FBgn0042178
OG0000917	TC004550	FBgn0031279,FBgn0038463
OG0004123	TC014699	FBgn0029502
OG0004258	TC009025	FBgn0034576
OG0001536	TC031113,TC005858	FBgn0034997
OG0000544	TC012377	FBgn0020372,FBgn0032943
OG0000332	TC015711	FBgn0039797,FBgn0262734
OG0003008	TC015857	FBgn0037513
OG0003007	TC002716	FBgn0037529
OG0000716	TC008316	FBgn0052831
OG0006516	TC016196	FBgn0027602
OG0000362	TC011922	FBgn0033322,FBgn0035426,FBgn0029067
OG0005408	TC009486	FBgn0250848
OG0005266	TC031750	FBgn0083972
OG0006988	TC013782	FBgn0052022,FBgn0027088
OG0000569	TC010405,TC010407,TC010406	FBgn0003117
OG0002243	TC008790	FBgn0036993
OG0002431	TC005902	FBgn0031681
OG0001778	TC010103	FBgn0283440,FBgn0283442
OG0005192	TC004691	FBgn0024941
OG0002745	TC005767	FBgn0032467
OG0003444	TC031955	FBgn0038569
OG0001315	TC001979	FBgn0003390
OG0005324	TC008693	FBgn0085451
OG0000707	TC001888	FBgn0005427
OG0006081	TC032683	FBgn0268063
OG0000041	TC013809	FBgn0250833
OG0004380	TC001607	FBgn0034083
OG0005930	TC009830	FBgn0263934
OG0007690	TC012045,TC012044	FBgn0027550
OG0003367	TC001254	FBgn0038446
OG0003549	TC012332	FBgn0002941
OG0006016	TC034424	FBgn0266409
OG0001818	TC012793	FBgn0036497,FBgn0020255
OG0005723	TC014544	FBgn0000405
OG0001220	TC012945	FBgn0053100
OG0005814	TC007393	FBgn0034988
OG0007953	TC000811,TC000812	FBgn0028507
OG0004548	TC002131	FBgn0013756
OG0005751	TC031453	FBgn0034849
OG0001073	TC004381	FBgn0263050,FBgn0032923
OG0003142	TC005903	FBgn0037816
OG0004371	TC003864	FBgn0034059
OG0001197	TC005620,TC005619	FBgn0038854
OG0005113	TC010871	FBgn0053096
OG0001357	TC032364	FBgn0003091,FBgn0004784
OG0004923	TC007510	FBgn0030719
OG0007410	TC006803,TC006804	FBgn0027657
OG0000708	TC012346	FBgn0035954,FBgn0035956,FBgn0028789
OG0004404	TC006734	FBgn0034033
OG0003043	TC009544	FBgn0037622
OG0005943	TC006991	FBgn0264302
OG0004486	TC010462	FBgn0040754
OG0000728	TC011944,TC034779	FBgn0085193,FBgn0267449
OG0003827	TC004122	FBgn0039589
OG0003290	TC009436	FBgn0038268
OG0002513	TC003246	FBgn0031876
OG0000307	TC014175	FBgn0038829
OG0006193	TC006591	FBgn0035333
OG0006689	TC034265	FBgn0036764
OG0003072	TC013484	FBgn0051100
OG0000254	TC032155	FBgn0266756
OG0004596	TC010030	FBgn0024956
OG0003576	TC014173	FBgn0038948
OG0004886	TC032848	FBgn0030161
OG0001814	TC001432	FBgn0000038
OG0002872	TC012817	FBgn0032703
OG0000559	TC011701,TC033793,TC004664	FBgn0002906
OG0000256	TC005468,TC015620,TC005469	FBgn0052304,FBgn0035325,FBgn0052302
OG0003156	TC009374	FBgn0042094
OG0006874	TC003034	FBgn0036258
OG0006249	TC007444	FBgn0026259
OG0003096	TC000379	FBgn0053105
OG0003670	TC008917	FBgn0039204
OG0002386	TC014972	FBgn0037299
OG0001504	TC033052	FBgn0015777
OG0001940	TC034577,TC034324	FBgn0035944
OG0000815	TC011724,TC033740,TC033564	FBgn0035427
OG0000668	TC031432,TC002624,TC030779	FBgn0053144
OG0004854	TC005701	FBgn0020445
OG0005951	TC007470	FBgn0264494
OG0004005	TC002934	FBgn0022960
OG0001932	TC004621	FBgn0040823
OG0004140	TC006527	FBgn0027342
OG0003577	TC011234	FBgn0038976
OG0002794	TC016299	FBgn0041713
OG0005728	TC014505	FBgn0034753
OG0000323	TC007305,TC014363	FBgn0038721
OG0004020	TC009044	FBgn0050147
OG0001269	TC000476	FBgn0015222
OG0001642	TC034896	FBgn0261545
OG0007051	TC004978	FBgn0019662
OG0004505	TC006245	FBgn0028683
OG0004536	TC004824	FBgn0033686
OG0004330	TC011523	FBgn0034214
OG0006476	TC010508	FBgn0030695
OG0004009	TC015827	FBgn0034529
OG0007608	TC008794,TC004127	FBgn0040324
OG0000468	TC007247	FBgn0015924,FBgn0051741,FBgn0002939
OG0007692	TC034298,TC002894	FBgn0037071,FBgn0037070
OG0006286	TC002925	FBgn0035499
OG0004498	TC000326	FBgn0033782
OG0001198	TC012405	FBgn0038892,FBgn0085486
OG0002990	TC000917	FBgn0003339
OG0002696	TC013082	FBgn0032350
OG0001253	TC001362,TC004952	FBgn0039640
OG0000869	TC011045	FBgn0052971,FBgn0040339
OG0005515	TC016280	FBgn0260942
OG0002941	TC014673	FBgn0032879
OG0005583	TC003842	FBgn0261596
OG0003820	TC010444	FBgn0039558
OG0005874	TC016314	FBgn0035102
OG0000154	TC033976	FBgn0035734
OG0003395	TC031335	FBgn0038511
OG0007195	TC006357	FBgn0021967
OG0000617	TC009086,TC006447,TC009927	FBgn0039875
OG0002215	TC014124	FBgn0043364
OG0007219	TC030563	FBgn0031494
OG0005048	TC000182	FBgn0028341
OG0001212	TC008635	FBgn0020647
OG0007765	TC034706,TC033202	FBgn0031769
OG0003944	TC002054	FBgn0039849
OG0005517	TC013861	FBgn0260960
OG0002338	TC011665	FBgn0037419
OG0004264	TC030736	FBgn0034568
OG0007420	TC007141,TC007525	FBgn0265598
OG0000602	TC033188,TC009975,TC008712	FBgn0039213
OG0006401	TC000403	FBgn0030482
OG0007001	TC009540	FBgn0035909
OG0006530	TC015300	FBgn0030858
OG0005760	TC033717	FBgn0034902
OG0000020	TC003933,TC002167,TC010106,TC033924,TC012931,TC003934,TC016134,TC004078,TC034949,TC010088,TC001589	FBgn0031874,FBgn0028931,FBgn0015664
OG0005731	TC007671	FBgn0034748
OG0005158	TC005450	FBgn0067317
OG0000064	TC009012,TC009013,TC033234,TC014701,TC014700,TC000565,TC013112,TC033258	FBgn0027570
OG0001452	TC032998	FBgn0053170
OG0006205	TC001556	FBgn0011828
OG0004786	TC015824	FBgn0039923
OG0004791	TC033742	FBgn0032720
OG0001671	TC012367	FBgn0262617
OG0002143	TC007534	FBgn0010014
OG0004659	TC011893	FBgn0028408
OG0005451	TC012417	FBgn0259728
OG0001102	TC005720	FBgn0037707,FBgn0263829
OG0002790	TC008312	FBgn0040228
OG0007255	TC014793	FBgn0031377
OG0000051	TC001293	FBgn0031407,FBgn0054049,FBgn0031412
OG0004813	TC010426	FBgn0034277
OG0001440	TC008059	FBgn0002174
OG0006707	TC003252	FBgn0053052
OG0000656	TC013578	FBgn0015371
OG0007607	TC034053,TC034054	FBgn0039972
OG0005970	TC031200	FBgn0264959
OG0006417	TC011830	FBgn0030504
OG0004858	TC003478	FBgn0034053
OG0006159	TC005539	FBgn0027903
OG0004351	TC010780	FBgn0034135
OG0006277	TC016272	FBgn0035520
OG0003935	TC009895	FBgn0039829
OG0007094	TC012624	FBgn0061492
OG0003551	TC012327	FBgn0051431
OG0006285	TC011120	FBgn0004574
OG0000207	TC031316	FBgn0000723
OG0002812	TC012804	FBgn0040079
OG0006022	TC014767	FBgn0266465
OG0007903	TC033412,TC015060	FBgn0051068
OG0002849	TC013107	FBgn0032646
OG0006093	TC006844	FBgn0283478
OG0001421	TC012554,TC006119	FBgn0033210
OG0006301	TC003462	FBgn0035532
OG0001462	TC016394,TC016391	FBgn0004880
OG0006582	TC007335	FBgn0052532
OG0004104	TC014601	FBgn0034270
OG0002972	TC000065	FBgn0037504
OG0001522	TC002285	FBgn0015773
OG0007076	TC007913	FBgn0035710
OG0001477	TC001523,TC003878	FBgn0031092
OG0002137	TC013609	FBgn0003210
OG0005627	TC006276	FBgn0261984
OG0005439	TC033757	FBgn0259226
OG0006985	TC013713	FBgn0020633
OG0005337	TC014203	FBgn0086359
OG0000709	TC001632,TC001616,TC014817	FBgn0000008
OG0003702	TC014580	FBgn0039223
OG0007954	TC031242,TC012510	FBgn0039747
OG0000618	TC006148	FBgn0035124,FBgn0250874,FBgn0032971
OG0007636	TC033602,TC001586	FBgn0025574
OG0000131	TC014650,TC013163	FBgn0000411
OG0007207	TC033265	FBgn0031529
OG0004996	TC032116	FBgn0000303
OG0006751	TC003158	FBgn0036566
OG0002059	TC014027	FBgn0003964
OG0004391	TC015096	FBgn0020236
OG0006935	TC031408	FBgn0044328
OG0005942	TC002709	FBgn0264291
OG0007403	TC011937	FBgn0037534
OG0003806	TC003257	FBgn0040080
OG0006523	TC005399	FBgn0030870
OG0002621	TC013109	FBgn0032194
OG0002016	TC005007	FBgn0040347
OG0004899	TC034118	FBgn0032859
OG0000659	TC002148,TC002147	FBgn0050075,FBgn0003401
OG0003263	TC016351	FBgn0038198
OG0005596	TC011720	FBgn0261649
OG0003404	TC032398	FBgn0038536
OG0005070	TC015991	FBgn0038571
OG0001447	TC033955	FBgn0036210
OG0004708	TC004938	FBgn0002891
OG0002147	TC011530	FBgn0026702
OG0007128	TC005445	FBgn0031174
OG0005026	TC009067	FBgn0038950
OG0000094	TC030587	FBgn0054057,FBgn0033271,FBgn0054056,FBgn0032078
OG0006700	TC008899	FBgn0036735
OG0001414	TC015432	FBgn0033368
OG0004422	TC001674	FBgn0033988
OG0003954	TC009612	FBgn0039876
OG0003672	TC000508	FBgn0020018
OG0003274	TC013529	FBgn0003480
OG0004977	TC013494	FBgn0053526
OG0002664	TC014455	FBgn0032210
OG0004971	TC014174	FBgn0053505
OG0006271	TC014625	FBgn0035526
OG0002247	TC016315	FBgn0287585
OG0003282	TC034494	FBgn0013981
OG0007308	TC033493,TC009126,TC010172,TC009706	FBgn0013279,FBgn0001230,FBgn0013277,FBgn0013275,FBgn0013276,FBgn0051354,FBgn0013278
OG0005655	TC032473	FBgn0262656
OG0002727	TC008472	FBgn0029137
OG0000076	TC033702	FBgn0050296
OG0007626	TC030773	FBgn0037137
OG0000842	TC009426	FBgn0000414
OG0002086	TC011038	FBgn0023542
OG0005249	TC003900	FBgn0025836
OG0006981	TC003272	FBgn0035942
OG0001293	TC031135	FBgn0264743,FBgn0003114
OG0004670	TC003821	FBgn0050349
OG0005733	TC007800	FBgn0034742
OG0006287	TC009324	FBgn0004516
OG0001595	TC006112	FBgn0250819
OG0005238	TC003168	FBgn0054001
OG0001677	TC011611	FBgn0262872
OG0001722	TC005164	FBgn0263346
OG0004199	TC000477	FBgn0030061
OG0001316	TC034580	FBgn0029911
OG0002077	TC013028	FBgn0003159
OG0004783	TC007086	FBgn0039936
OG0007570	TC008953,TC008954	FBgn0053145,FBgn0050037,FBgn0050036
OG0005602	TC032147	FBgn0261710
OG0003509	TC002731	FBgn0038809
OG0000339	TC014423	FBgn0085521,FBgn0030085,FBgn0030524,FBgn0052708
OG0005693	TC001625	FBgn0263256
OG0007602	TC015513,TC006133	FBgn0030318
OG0004307	TC030686	FBgn0034694
OG0004967	TC001575	FBgn0037028
OG0004649	TC008833	FBgn0028473
OG0005595	TC013501	FBgn0261648
OG0007940	TC008049	FBgn0010316
OG0003767	TC015334	FBgn0039417
OG0004658	TC003211	FBgn0033401
OG0003796	TC000687	FBgn0039487
OG0004647	TC032684	FBgn0033429
OG0004686	TC006677	FBgn0040777
OG0003986	TC004696	FBgn0050440
OG0005750	TC002713	FBgn0003977
OG0006024	TC007936	FBgn0266570
OG0002152	TC007666	FBgn0029798
OG0002081	TC030776	FBgn0023528
OG0005116	TC031193	FBgn0025455
OG0004446	TC015720	FBgn0033942
OG0001824	TC003223	FBgn0030360
OG0006181	TC000456	FBgn0035294
OG0003583	TC014546	FBgn0024558
OG0005980	TC032291	FBgn0265102
OG0001249	TC015347,TC000840	FBgn0005642
OG0003896	TC014819	FBgn0039756
OG0001764	TC033870	FBgn0266377
OG0006371	TC000424	FBgn0030408
OG0003788	TC000521	FBgn0039479
OG0004807	TC014245	FBgn0027572
OG0006230	TC001109	FBgn0004167
OG0000441	TC034629	FBgn0016694
OG0003458	TC004801	FBgn0038659
OG0000053	TC009092,TC002112,TC034786,TC009089,TC031198,TC009090	FBgn0039495,FBgn0039494
OG0001138	TC031106,TC001622	FBgn0038110
OG0003714	TC000546	FBgn0039272
OG0001475	TC002920	FBgn0032163,FBgn0046697
OG0000122	TC001322	FBgn0031164,FBgn0020371,FBgn0037307,FBgn0038018,FBgn0263977,FBgn0037310
OG0004507	TC007348	FBgn0033762
OG0007963	TC001416,TC012240	FBgn0023519
OG0002562	TC030692	FBgn0032020
OG0005499	TC031284	FBgn0260798
OG0002782	TC008519	FBgn0004406
OG0002667	TC006810	FBgn0000229
OG0005547	TC009425	FBgn0261270
OG0003387	TC001201	FBgn0038462
OG0005937	TC010481	FBgn0264000
OG0002134	TC034727	FBgn0022768
OG0006893	TC014772	FBgn0036202
OG0007406	TC012868,TC016051	FBgn0004587
OG0003148	TC014517	FBgn0037838
OG0002530	TC013464	FBgn0031913
OG0001062	TC009344	FBgn0032800
OG0005666	TC005857	FBgn0262739
OG0002124	TC032092	FBgn0040907
OG0003536	TC001171	FBgn0038868
OG0002945	TC003476	FBgn0032882
OG0002327	TC011859	FBgn0037200
OG0003311	TC013943	FBgn0051301
OG0006557	TC000220	FBgn0030966
OG0002075	TC004458	FBgn0023527
OG0004798	TC009214	FBgn0039757
OG0000380	TC012508,TC031020,TC002629,TC010646	FBgn0260439
OG0003267	TC012365	FBgn0010340
OG0008056	TC015263	FBgn0259720
OG0007465	TC007789,TC031095	FBgn0024995,FBgn0030348,FBgn0030347
OG0003341	TC015022	FBgn0017567
OG0004066	TC015494	FBgn0023214
OG0001353	TC013835	FBgn0034218,FBgn0030944
OG0004395	TC005372	FBgn0034050
OG0004868	TC034903	FBgn0035475
OG0006234	TC016321	FBgn0035440
OG0000632	TC032412,TC011707,TC032411	FBgn0004657
OG0000992	TC004690	FBgn0031881,FBgn0019830
OG0006930	TC004013	FBgn0036107
OG0006327	TC000985	FBgn0030291
OG0000295	TC032304,TC007826	FBgn0024249
OG0002312	TC014910	FBgn0037142
OG0005085	TC000926	FBgn0002522
OG0002415	TC030603	FBgn0037236
OG0004845	TC000243	FBgn0021761
OG0002600	TC004793	FBgn0032123
OG0005475	TC006261	FBgn0260388
OG0004930	TC009964	FBgn0032166
OG0001347	TC010693	FBgn0034598
OG0003624	TC034167	FBgn0051145
OG0004820	TC009787	FBgn0031115
OG0006268	TC032382	FBgn0035517
OG0001851	TC008334,TC008266	FBgn0030707
OG0005480	TC013886	FBgn0260434
OG0000960	TC010967,TC011848	FBgn0010399
OG0005605	TC012054	FBgn0261789
OG0002477	TC000531	FBgn0025742
OG0003631	TC030662	FBgn0053108
OG0006938	TC002125	FBgn0036058
OG0006131	TC008311	FBgn0285949
OG0002249	TC010884	FBgn0037007
OG0003136	TC012184	FBgn0040078
OG0004109	TC030611	FBgn0034262
OG0002191	TC014905	FBgn0031282
OG0000405	TC033425	FBgn0263257
OG0004913	TC012066	FBgn0050441
OG0007342	TC032125,TC000589	FBgn0004652
OG0000021	TC004672	FBgn0042102,FBgn0037519,FBgn0042101,FBgn0042104,FBgn0037518,FBgn0037853,FBgn0042105,FBgn0037521,FBgn0042103,FBgn0037520,FBgn0037856,FBgn0037465,FBgn0037517
OG0007688	TC001751,TC005593	FBgn0259749
OG0006826	TC002915	FBgn0036356
OG0005170	TC011975	FBgn0030863
OG0001280	TC034383	FBgn0039883
OG0004793	TC030051	FBgn0025885
OG0005179	TC032269	FBgn0004644
OG0001266	TC015261	FBgn0003510,FBgn0033348
OG0003139	TC001003	FBgn0037802
OG0001364	TC034032,TC006293	FBgn0034069
OG0003337	TC014516	FBgn0003483
OG0006251	TC000758	FBgn0035462
OG0002533	TC030636	FBgn0031904
OG0006616	TC000245	FBgn0036915
OG0004070	TC012484	FBgn0027835
OG0004912	TC034322	FBgn0033021
OG0006413	TC033376	FBgn0001087
OG0004213	TC033303	FBgn0030100
OG0000640	TC000976	FBgn0033542,FBgn0034560,FBgn0034554
OG0003320	TC012681	FBgn0038321
OG0004092	TC005833	FBgn0034299
OG0000945	TC001941	FBgn0037203
OG0002966	TC006222	FBgn0023091
OG0007039	TC003186	FBgn0024187
OG0003164	TC015959	FBgn0037892
OG0004714	TC004755	FBgn0033240
OG0006500	TC006374	FBgn0030799
OG0005283	TC009847	FBgn0287187
OG0006538	TC016197	FBgn0030894
OG0005761	TC015348	FBgn0000562
OG0006888	TC032938	FBgn0052091
OG0001490	TC031968	FBgn0000567
OG0006233	TC002288	FBgn0027616
OG0004840	TC033403	FBgn0053198
OG0005479	TC005391	FBgn0260407
OG0004774	TC003000	FBgn0004859
OG0004571	TC009257	FBgn0025373
OG0007285	TC007169	FBgn0031275
OG0002604	TC002330	FBgn0032138
OG0007156	TC005793	FBgn0031630
OG0000477	TC015760	FBgn0052436,FBgn0032894,FBgn0052462
OG0007251	TC031116	FBgn0040715
OG0005562	TC008948	FBgn0261436
OG0007123	TC002574	FBgn0010747
OG0006116	TC032305	FBgn0284251
OG0003266	TC012447	FBgn0011582
OG0000720	TC008099	FBgn0003028
OG0003559	TC008030	FBgn0019957
OG0004998	TC000441	FBgn0003720
OG0006060	TC008923	FBgn0267431
OG0005323	TC033943	FBgn0085450
OG0001579	TC009506,TC010028	FBgn0086408
OG0004934	TC007364	FBgn0004867
OG0006597	TC007892	FBgn0031061
OG0002436	TC010523	FBgn0031668
OG0002763	TC006308	FBgn0028406
OG0004776	TC034215	FBgn0013749
OG0007178	TC009661	FBgn0031607
OG0003240	TC000478	FBgn0038146
OG0005711	TC006745	FBgn0034744
OG0006475	TC015014	FBgn0000319
OG0003736	TC000042	FBgn0027090
OG0003992	TC014586	FBgn0033093
OG0006110	TC001449	FBgn0284221
OG0005448	TC011548	FBgn0259712
OG0001324	TC010196	FBgn0030001
OG0001403	TC008909	FBgn0000448
OG0004739	TC011438	FBgn0050499
OG0006641	TC004436	FBgn0036887
OG0000983	TC034296	FBgn0040923,FBgn0286898
OG0006304	TC003783	FBgn0035574
OG0005009	TC002264	FBgn0004575
OG0006663	TC005909	FBgn0036838
OG0001107	TC033238	FBgn0000244
OG0003570	TC000457	FBgn0038953
OG0003019	TC015109	FBgn0001255
OG0007028	TC009894	FBgn0035844
OG0000860	TC015150	FBgn0031374
OG0004230	TC004530	FBgn0030077
OG0007977	TC014814	FBgn0061476
OG0005813	TC015354	FBgn0034985
OG0002272	TC004110	FBgn0037021
OG0007758	TC004662,TC004854	FBgn0013746
OG0006344	TC004934	FBgn0030323
OG0005684	TC010526	FBgn0263113
OG0005028	TC004141	FBgn0036180
OG0005609	TC013608	FBgn0261799
OG0000799	TC012990,TC014312,TC033713	FBgn0266450
OG0002637	TC005181	FBgn0032230
OG0008018	TC012805	FBgn0036036
OG0001868	TC006259,TC007176	FBgn0030878
OG0005393	TC032858	FBgn0243513
OG0003506	TC011996	FBgn0015279
OG0004837	TC033591	FBgn0050423
OG0007121	TC003336	FBgn0035587
OG0001432	TC015808,TC034642	FBgn0024913
OG0002311	TC002816	FBgn0037105
OG0005653	TC003800	FBgn0262619
OG0003499	TC030566	FBgn0038808
OG0005004	TC004299	FBgn0039914
OG0005633	TC032522	FBgn0262029
OG0007683	TC033251,TC031545	FBgn0016693
OG0005976	TC013741	FBgn0265048
OG0002212	TC004394	FBgn0021874
OG0006148	TC032038	FBgn0035233
OG0003794	TC011751	FBgn0039492
OG0005041	TC030714	FBgn0027866
OG0006261	TC031150	FBgn0035490
OG0007412	TC013307,TC033175,TC014499,TC013132,TC014500	FBgn0020765
OG0004896	TC001392	FBgn0003330
OG0002703	TC005428	FBgn0032336
OG0002297	TC010478	FBgn0027945
OG0005391	TC006837	FBgn0087041
OG0001583	TC008417	FBgn0085407
OG0002574	TC010108	FBgn0032052
OG0007464	TC000680,TC000679,TC000681,TC000678,TC032095,TC000682	FBgn0033214,FBgn0033215,FBgn0033216
OG0004829	TC005530	FBgn0036574
OG0005196	TC009467	FBgn0033781
OG0005488	TC015114	FBgn0260744
OG0007983	TC001469	FBgn0011581
OG0003115	TC004581	FBgn0037770
OG0003474	TC015510	FBgn0038686
OG0001203	TC016256	FBgn0039026
OG0002305	TC013517	FBgn0037135
OG0005849	TC014954	FBgn0010435
OG0006118	TC008372	FBgn0284253
OG0007289	TC000856,TC007317,TC007310,TC007316,TC031205,TC007320,TC007311,TC004818,TC007322,TC032833,TC007321,TC007315	FBgn0039006,FBgn0034756,FBgn0038194
OG0005381	TC009028	FBgn0086904
OG0004555	TC004703	FBgn0010516
OG0000201	TC011025	FBgn0262513,FBgn0032294,FBgn0028668,FBgn0262736,FBgn0028667
OG0005206	TC011691	FBgn0035880
OG0000136	TC033872	FBgn0085190,FBgn0040524,FBgn0025115,FBgn0038363,FBgn0030078,FBgn0033893
OG0002921	TC009547	FBgn0032822
OG0006257	TC001292	FBgn0041147
OG0000910	TC007337	FBgn0029800,FBgn0033770
OG0005906	TC008354	FBgn0263598
OG0006813	TC030632	FBgn0036398
OG0002602	TC002918	FBgn0286786
OG0000217	TC000321	FBgn0051064
OG0005144	TC003967	FBgn0017579
OG0005376	TC001370	FBgn0086712
OG0003422	TC013309	FBgn0011701
OG0007046	TC000082	FBgn0035805
OG0004389	TC009444	FBgn0034066
OG0004229	TC002638	FBgn0030081
OG0005541	TC003419	FBgn0261112
OG0007714	TC014166,TC004954	FBgn0039358
OG0006548	TC000235	FBgn0030945
OG0004743	TC002836	FBgn0033158
OG0002486	TC031483	FBgn0031824
OG0006240	TC003121	FBgn0047135
OG0006176	TC012723	FBgn0035238
OG0003318	TC010886	FBgn0026634
OG0004124	TC032111	FBgn0029906
OG0005044	TC033957	FBgn0025936
OG0005817	TC034766	FBgn0288686
OG0007942	TC006520,TC006521	FBgn0036520
OG0004809	TC015584	FBgn0028744
OG0001622	TC013682	FBgn0260753
OG0001087	TC000750	FBgn0031039,FBgn0037512
OG0004712	TC009545	FBgn0015509
OG0006391	TC015302	FBgn0030460
OG0000690	TC014630	FBgn0054029,FBgn0035981
OG0002207	TC013351	FBgn0031265
OG0003213	TC008992	FBgn0260444
OG0007291	TC011226,TC011227	FBgn0263111
OG0003431	TC010877	FBgn0038608
OG0000027	TC034388,TC034387,TC034390,TC034385,TC009228,TC034384,TC032631,TC003410,TC034386,TC034391,TC034389,TC032413	FBgn0052667
OG0003196	TC004935	FBgn0037980
OG0005927	TC000451	FBgn0263929
OG0006359	TC015172	FBgn0030346
OG0007670	TC030697	FBgn0040507
OG0000431	TC034858,TC015344,TC032557,TC033306	FBgn0010383
OG0005819	TC008690	FBgn0034986
OG0002878	TC005087	FBgn0025608
OG0000882	TC030049	FBgn0037172,FBgn0025839
OG0001800	TC008615	FBgn0035287
OG0000377	TC034352	FBgn0041605
OG0007181	TC007172	FBgn0031602
OG0000535	TC004849	FBgn0037606
OG0004644	TC031525	FBgn0033428
OG0003188	TC011080	FBgn0037962
OG0007126	TC010592	FBgn0035592
OG0001417	TC015912	FBgn0013308,FBgn0013307
OG0004188	TC014378	FBgn0030055
OG0006922	TC008927	FBgn0036117
OG0006590	TC015061	FBgn0010380
OG0005410	TC005550	FBgn0250862
OG0004135	TC008197	FBgn0029922
OG0005753	TC007148	FBgn0034869
OG0006486	TC003582	FBgn0030738
OG0002279	TC002734	FBgn0037050
OG0003694	TC011953	FBgn0051357
OG0006325	TC013201	FBgn0030276
OG0007047	TC032387	FBgn0053276
OG0005165	TC011946	FBgn0010406
OG0005336	TC010557	FBgn0086357
OG0006733	TC009809	FBgn0010223
OG0007165	TC000112	FBgn0031631
OG0007225	TC003501	FBgn0031485
OG0005353	TC033773	FBgn0086472
OG0006221	TC011563	FBgn0052281
OG0005923	TC009023	FBgn0263863
OG0005241	TC006720	FBgn0053635
OG0004414	TC004744	FBgn0013750
OG0002463	TC032940	FBgn0051643
OG0002472	TC030756	FBgn0031773
OG0003927	TC007475	FBgn0013973
OG0006212	TC004772	FBgn0035388
OG0007243	TC032916	FBgn0011818
OG0004755	TC007589	FBgn0000352
OG0003824	TC009719	FBgn0013813
OG0001715	TC009731,TC008007	FBgn0035113
OG0007007	TC030576	FBgn0035911
OG0004955	TC015564	FBgn0031646
OG0005111	TC014714	FBgn0032077
OG0005467	TC003487	FBgn0259985
OG0003230	TC032266	FBgn0051157
OG0006966	TC000617	FBgn0011769
OG0005255	TC015826	FBgn0040022
OG0002970	TC004873	FBgn0003885
OG0003392	TC016270	FBgn0038475
OG0005460	TC006627	FBgn0259923
OG0001630	TC011230	FBgn0261053
OG0006468	TC007146	FBgn0030706
OG0002588	TC008726	FBgn0004914
OG0000507	TC007437	FBgn0032293,FBgn0053060,FBgn0035491
OG0001984	TC006506,TC008466	FBgn0000490
OG0000221	TC008516,TC000578,TC032785,TC007007	FBgn0034657
OG0004522	TC013138	FBgn0033731
OG0005645	TC030680	FBgn0262467
OG0003875	TC008880	FBgn0039698
OG0005096	TC014804	FBgn0044419
OG0006710	TC003204	FBgn0036691
OG0004269	TC003753	FBgn0003891
OG0005307	TC013654	FBgn0085380
OG0000293	TC032577	FBgn0028857,FBgn0051735,FBgn0028856,FBgn0034826
OG0004144	TC011059	FBgn0000330
OG0004080	TC004796	FBgn0028496
OG0004026	TC001336	FBgn0034504
OG0003762	TC013396	FBgn0039403
OG0002252	TC012702	FBgn0036992
OG0004167	TC005175	FBgn0029996
OG0006095	TC014417	FBgn0283503
OG0004825	TC008000	FBgn0027780
OG0006415	TC007403	FBgn0030512
OG0006753	TC000124	FBgn0036571
OG0003344	TC010699	FBgn0038389
OG0005443	TC012571	FBgn0259483
OG0005861	TC000029	FBgn0035101
OG0003102	TC001437	FBgn0024833
OG0005765	TC011051	FBgn0034878
OG0000490	TC012845	FBgn0031724,FBgn0031722,FBgn0031723
OG0002583	TC007912	FBgn0014417
OG0001487	TC006355	FBgn0028572
OG0005068	TC003589	FBgn0029105
OG0005564	TC006271	FBgn0261439
OG0004538	TC015424	FBgn0023167
OG0003947	TC008070	FBgn0039862
OG0004056	TC013377	FBgn0027535
OG0005960	TC032930	FBgn0264711
OG0001629	TC031564	FBgn0261046
OG0005132	TC034504	FBgn0066084
OG0003775	TC000931	FBgn0001197
OG0005977	TC033561	FBgn0265052
OG0006495	TC003474	FBgn0010416
OG0004513	TC009822	FBgn0026619
OG0006031	TC003531	FBgn0266666
OG0003525	TC013625	FBgn0026056
OG0007834	TC011237,TC032629	FBgn0032914,FBgn0035949
OG0006439	TC014564	FBgn0014455
OG0007072	TC011782	FBgn0035714
OG0007214	TC001418	FBgn0028970
OG0002871	TC005517	FBgn0032701
OG0005954	TC013016	FBgn0264561
OG0002392	TC030649	FBgn0037305
OG0001906	TC008649	FBgn0036505
OG0000120	TC006379,TC006378	FBgn0033443,FBgn0033708,FBgn0035969,FBgn0034381,FBgn0029762
OG0004174	TC015077	FBgn0029999
OG0006395	TC012279	FBgn0000346
OG0004622	TC006814	FBgn0001291
OG0001166	TC000903	FBgn0003944
OG0002385	TC009939	FBgn0037297
OG0007137	TC033633	FBgn0031148
OG0002170	TC030667	FBgn0003514
OG0004084	TC004391	FBgn0003044
OG0003958	TC001639	FBgn0040206
OG0004250	TC014893	FBgn0052675
OG0007560	TC009392,TC009391	FBgn0030882,FBgn0052495
OG0008045	TC009888	FBgn0035428
OG0001188	TC008353	FBgn0038760,FBgn0039170
OG0005687	TC014271	FBgn0263198
OG0001404	TC013370,TC014791	FBgn0033475
OG0006769	TC011679	FBgn0036501
OG0001662	TC003790	FBgn0264922,FBgn0262479
OG0007572	TC005966,TC009535	FBgn0022238
OG0001741	TC001027	FBgn0264294
OG0004492	TC013076	FBgn0005654
OG0007511	TC031358,TC011198	FBgn0004622
OG0000348	TC031501,TC002561	FBgn0034158
OG0002197	TC011685	FBgn0031287
OG0002846	TC002357	FBgn0032642
OG0005494	TC006383	FBgn0260759
OG0006679	TC013690	FBgn0036805
OG0000615	TC006365	FBgn0051007,FBgn0260747,FBgn0051008
OG0006001	TC001529	FBgn0265998
OG0006478	TC006049	FBgn0030678
OG0003083	TC011916	FBgn0037676
OG0005287	TC005331	FBgn0039977
OG0002014	TC009610	FBgn0029529
OG0004491	TC010464	FBgn0043010
OG0005859	TC011460	FBgn0001325
OG0004566	TC034435	FBgn0082585
OG0005013	TC008423	FBgn0038295
OG0006466	TC009443	FBgn0030704
OG0000732	TC010795,TC033725	FBgn0040660,FBgn0085452
OG0007847	TC005104	FBgn0034501
OG0000437	TC002665	FBgn0041096
OG0001991	TC001636,TC004711	FBgn0051663
OG0006830	TC009260	FBgn0286213
OG0000591	TC011095	FBgn0051158
OG0007625	TC016222,TC014213	FBgn0031988
OG0006626	TC002494	FBgn0023094
OG0002914	TC009073	FBgn0032799
OG0001917	TC002406	FBgn0020655
OG0000328	TC006578	FBgn0040296,FBgn0002629,FBgn0002732,FBgn0026320
OG0006161	TC013118	FBgn0011573
OG0006553	TC006023	FBgn0052544
OG0002785	TC004625	FBgn0027348
OG0005166	TC014291	FBgn0035021
OG0006855	TC011920	FBgn0036298
OG0000292	TC002644	FBgn0034687,FBgn0028892,FBgn0034688,FBgn0034689
OG0006465	TC001623	FBgn0030701
OG0000681	TC009729	FBgn0033226
OG0004149	TC030763	FBgn0029945
OG0006061	TC034619	FBgn0267432
OG0007205	TC010864	FBgn0031538
OG0004217	TC013868	FBgn0030122
OG0003000	TC008959	FBgn0037445
OG0006576	TC004782	FBgn0031053
OG0006819	TC011636	FBgn0036368
OG0005504	TC013356	FBgn0260856
OG0005088	TC005394	FBgn0031403
OG0006900	TC002396	FBgn0036142
OG0007079	TC003027	FBgn0286051
OG0000727	TC008651,TC008652	FBgn0035217,FBgn0044872
OG0003249	TC001770	FBgn0038180
OG0003686	TC000060	FBgn0043799
OG0005995	TC011382	FBgn0265574
OG0005996	TC008717	FBgn0265605
OG0007449	TC035021,TC012205	FBgn0036333
OG0003020	TC000539	FBgn0037539
OG0006387	TC006625	FBgn0030452
OG0006017	TC012056	FBgn0288833
OG0004696	TC000402	FBgn0033273
OG0005989	TC030627	FBgn0265298
OG0006790	TC008878	FBgn0047178
OG0000445	TC034405	FBgn0031118
OG0001304	TC013379	FBgn0034345
OG0004285	TC003986	FBgn0003731
OG0000432	TC000090,TC007708	FBgn0036958
OG0004700	TC005224	FBgn0010109
OG0007218	TC015831	FBgn0031492
OG0000572	TC001621,TC006331	FBgn0015520,FBgn0004227
OG0003608	TC001477	FBgn0039066
OG0007702	TC004493,TC032010	FBgn0034093
OG0007918	TC014018,TC014017	FBgn0024234
OG0003219	TC001228	FBgn0001296
OG0005298	TC007454	FBgn0085220
OG0006693	TC005987	FBgn0036734
OG0006164	TC015638	FBgn0035271
OG0000119	TC003457,TC003456,TC003454,TC032379,TC032380	FBgn0028491
OG0000876	TC010359	FBgn0026873
OG0005657	TC001036	FBgn0262699
OG0006779	TC034874	FBgn0036509
OG0004397	TC000366	FBgn0034049
OG0001034	TC000258	FBgn0032492,FBgn0250843
OG0003016	TC006025	FBgn0037556
OG0003246	TC009066	FBgn0024555
OG0003257	TC004556	FBgn0004237
OG0003068	TC005370	FBgn0010222
OG0004369	TC011608	FBgn0001308
OG0007989	TC016333,TC034253	FBgn0032612
OG0006000	TC004758	FBgn0265974
OG0001711	TC007561,TC013247	FBgn0060296
OG0000282	TC033104,TC033243,TC033026	FBgn0031866
OG0001967	TC033834	FBgn0027279
OG0003335	TC007210	FBgn0038360
OG0001117	TC009711,TC003435	FBgn0037819
OG0005033	TC012453	FBgn0020496
OG0007180	TC010856	FBgn0027609
OG0001303	TC004563,TC003021	FBgn0050122
OG0001325	TC001866	FBgn0053181
OG0005662	TC009284	FBgn0262728
OG0001952	TC005393	FBgn0028582
OG0006666	TC010917	FBgn0036813
OG0003833	TC016213	FBgn0053203
OG0002484	TC001210	FBgn0027496
OG0006383	TC007376	FBgn0052649
OG0002251	TC033174	FBgn0036995
OG0004495	TC012217	FBgn0000181
OG0006818	TC011390	FBgn0036381
OG0003315	TC014868	FBgn0041188
OG0003682	TC033094	FBgn0039232
OG0002639	TC015407	FBgn0032234
OG0003795	TC011325	FBgn0039488
OG0006545	TC004714	FBgn0004957
OG0006180	TC034559	FBgn0035286
OG0005832	TC013862	FBgn0035047
OG0000290	TC007803,TC003082,TC006408	FBgn0069354,FBgn0004363
OG0002111	TC034902	FBgn0028746
OG0001559	TC006128	FBgn0058263
OG0005540	TC002762	FBgn0261111
OG0004335	TC000875	FBgn0010591
OG0002000	TC033436	FBgn0023534
OG0001132	TC000708	FBgn0038049,FBgn0039531
OG0001517	TC011666	FBgn0032515
OG0005145	TC007467	FBgn0031220
OG0006745	TC013607	FBgn0004569
OG0004812	TC013535	FBgn0034279
OG0007242	TC008460	FBgn0031428
OG0005163	TC032221	FBgn0053964
OG0004832	TC012392	FBgn0003189
OG0005700	TC002314	FBgn0034726
OG0006742	TC002875	FBgn0053158
OG0003380	TC009342	FBgn0015019
OG0001606	TC012678,TC005304	FBgn0259676
OG0001041	TC013941	FBgn0028844,FBgn0031971
OG0005742	TC014493	FBgn0034804
OG0005694	TC006187	FBgn0263258
OG0006519	TC013595	FBgn0030847
OG0005775	TC005538	FBgn0034939
OG0003967	TC015048	FBgn0032979
OG0000183	TC001154	FBgn0032839,FBgn0029813,FBgn0034429,FBgn0031791,FBgn0034428
OG0003949	TC000093	FBgn0039868
OG0006636	TC005134	FBgn0022774
OG0006030	TC001351	FBgn0266615
OG0005455	TC010763	FBgn0259821
OG0003973	TC003562	FBgn0033062
OG0006747	TC013887	FBgn0036629
OG0007055	TC000621	FBgn0015298
OG0002811	TC033263	FBgn0028897
OG0000287	TC001359	FBgn0001281,FBgn0040963,FBgn0001280,FBgn0041102
OG0003485	TC015428	FBgn0038742
OG0006562	TC005759	FBgn0031005
OG0005051	TC014621	FBgn0032666
OG0004592	TC006199	FBgn0033556
OG0000500	TC010143	FBgn0011259
OG0000908	TC003573,TC006477	FBgn0014340
OG0007389	TC011471,TC016415	FBgn0043043,FBgn0086687
OG0006558	TC010637	FBgn0030959
OG0002749	TC007855	FBgn0032478
OG0007257	TC007588	FBgn0031357
OG0002829	TC005409	FBgn0032598
OG0008020	TC015257	FBgn0037059
OG0001180	TC000588	FBgn0038629
OG0004078	TC002944	FBgn0034361
OG0000156	TC001175	FBgn0034132,FBgn0259795,FBgn0033868,FBgn0033860,FBgn0045770,FBgn0052064
OG0005676	TC033453	FBgn0263005
OG0005987	TC014607	FBgn0265190
OG0007201	TC005788	FBgn0004892
OG0007491	TC034783	FBgn0003118
OG0005667	TC014672	FBgn0262743
OG0006345	TC009471	FBgn0003277
OG0001448	TC033756	FBgn0050011
OG0005883	TC003205	FBgn0016715
OG0001768	TC005459	FBgn0026189,FBgn0266437
OG0000482	TC002367,TC010324,TC031754	FBgn0003261
OG0006464	TC014882	FBgn0001105
OG0003934	TC011455	FBgn0039830
OG0003580	TC004828	FBgn0038989
OG0004453	TC007976	FBgn0033929
OG0003942	TC030666	FBgn0039857
OG0003370	TC031179	FBgn0038437
OG0005836	TC033865	FBgn0069913
OG0002721	TC011603	FBgn0032414
OG0005661	TC015132	FBgn0262719
OG0001140	TC002385,TC031893	FBgn0038133
OG0001032	TC003025	FBgn0032482
OG0007551	TC033882,TC033883	FBgn0031850
OG0007455	TC003070,TC032343	FBgn0023172
OG0000998	TC034651,TC032772	FBgn0032014
OG0002864	TC011179	FBgn0032692
OG0004011	TC015977	FBgn0034534
OG0005979	TC006127	FBgn0265101
OG0005164	TC006169	FBgn0033453
OG0006989	TC012850	FBgn0011509
OG0003135	TC010496	FBgn0037801
OG0002173	TC004243	FBgn0029838
OG0002257	TC006663	FBgn0036984
OG0000788	TC004778	FBgn0263993
OG0000987	TC030076	FBgn0028990
OG0004463	TC000771	FBgn0033891
OG0004228	TC007200	FBgn0030087
OG0006982	TC002908	FBgn0052029
OG0002268	TC011519	FBgn0027055
OG0006259	TC003316	FBgn0035470
OG0001301	TC013394	FBgn0034433
OG0001809	TC011710	FBgn0052262,FBgn0052263
OG0002105	TC000767	FBgn0024994
OG0001838	TC008921	FBgn0052626
OG0000902	TC002950,TC003561	FBgn0029737
OG0002516	TC030744	FBgn0011737
OG0006607	TC011566	FBgn0036964
OG0004354	TC015013	FBgn0003274
OG0003653	TC007985	FBgn0051133
OG0007531	TC016344,TC016347,TC016348,TC016350,TC016345,TC016346,TC016349	FBgn0038784,FBgn0038783
OG0000746	TC000987,TC008876,TC001677	FBgn0259745
OG0006377	TC012576	FBgn0015024
OG0006586	TC030556	FBgn0044030
OG0001804	TC009720	FBgn0035392
OG0002887	TC014287	FBgn0032748
OG0005189	TC004888	FBgn0053969
OG0005944	TC034453	FBgn0264324
OG0006033	TC014777	FBgn0266668
OG0003356	TC014695	FBgn0287225
OG0002911	TC011888	FBgn0032803
OG0002641	TC006605	FBgn0032236
OG0007829	TC034930,TC008718	FBgn0034786
OG0003510	TC004834	FBgn0023212
OG0003106	TC030729	FBgn0037737
OG0008039	TC009609	FBgn0266443
OG0005405	TC008662	FBgn0250837
OG0006062	TC009173	FBgn0267486
OG0000756	TC003916,TC011606	FBgn0261403
OG0006737	TC000069	FBgn0002284
OG0003402	TC010114	FBgn0038532
OG0003941	TC001982	FBgn0039858
OG0004879	TC009560	FBgn0003053
OG0002998	TC002100	FBgn0037442
OG0005800	TC012192	FBgn0034921
OG0003993	TC001020	FBgn0028579
OG0000556	TC011011	FBgn0037824,FBgn0030614,FBgn0039869
OG0003051	TC013553	FBgn0001180
OG0000316	TC009048	FBgn0083985,FBgn0038128,FBgn0003598,FBgn0263047
OG0000063	TC015830,TC015891	FBgn0041087,FBgn0037163,FBgn0037164,FBgn0016078,FBgn0037166,FBgn0037165,FBgn0037167
OG0003489	TC014293	FBgn0038771
OG0004983	TC005972	FBgn0001301
OG0000853	TC014590,TC012855,TC011647	FBgn0001248
OG0004962	TC009949	FBgn0031651
OG0001516	TC012053	FBgn0025387,FBgn0025388
OG0003037	TC011160	FBgn0000447
OG0002617	TC007359	FBgn0043456
OG0001251	TC011159	FBgn0039635
OG0005671	TC011508	FBgn0262870
OG0005620	TC013982	FBgn0261929
OG0005685	TC014440	FBgn0263120
OG0001109	TC031184,TC033845	FBgn0037736
OG0002908	TC006688	FBgn0040268
OG0007082	TC003699	FBgn0035704
OG0005395	TC008617	FBgn0250746
OG0001327	TC016297,TC008474	FBgn0030053
OG0000173	TC033045,TC032774,TC032363,TC007946,TC007945,TC032406	FBgn0266569
OG0007127	TC011620	FBgn0020369
OG0004161	TC001630	FBgn0029975
OG0000751	TC003971	FBgn0260657
OG0005435	TC032946	FBgn0259216
OG0003879	TC008051	FBgn0051036
OG0003615	TC010100	FBgn0028684
OG0006145	TC010872	FBgn0035204
OG0003901	TC011651	FBgn0039749
OG0000189	TC010997,TC032421,TC000561,TC012933	FBgn0037144,FBgn0037140
OG0003838	TC015821	FBgn0039633
OG0005129	TC030629	FBgn0061356
OG0001214	TC010011	FBgn0039141
OG0001168	TC015144,TC000948	FBgn0027562
OG0002378	TC001034	FBgn0014366
OG0003617	TC009618	FBgn0039112
OG0004004	TC015893	FBgn0033122
OG0007901	TC008518	FBgn0286809
OG0004527	TC011896	FBgn0033741
OG0001400	TC003403	FBgn0033551,FBgn0031026
OG0001511	TC015275	FBgn0037913
OG0001537	TC008985	FBgn0000320
OG0003726	TC009841	FBgn0039290
OG0007736	TC010295,TC007664,TC007663,TC033187	FBgn0031235
OG0002136	TC007937	FBgn0029711
OG0007066	TC012625	FBgn0035741
OG0001123	TC004608	FBgn0037950
OG0004227	TC004979	FBgn0004856
OG0001846	TC015176	FBgn0030670
OG0001864	TC034318	FBgn0000163
OG0005769	TC002424	FBgn0034914
OG0006807	TC004080	FBgn0036428
OG0006501	TC034123	FBgn0030801
OG0001068	TC006029	FBgn0011202
OG0004099	TC031758	FBgn0034261
OG0000626	TC007572	FBgn0034665,FBgn0034427,FBgn0033431
OG0006440	TC011805	FBgn0030638
OG0007924	TC014152,TC007911	FBgn0038074
OG0002053	TC009347	FBgn0023522
OG0002757	TC013867	FBgn0025724
OG0005910	TC034898	FBgn0263602
OG0007453	TC032797,TC031102	FBgn0283680
OG0003224	TC004150	FBgn0038100
OG0006865	TC012660	FBgn0052104
OG0003492	TC014815	FBgn0038755
OG0001938	TC003525,TC012299	FBgn0035995
OG0004093	TC002683	FBgn0015522
OG0000263	TC032839	FBgn0040395
OG0003673	TC009817	FBgn0039214
OG0002439	TC012154	FBgn0031703
OG0000037	TC034155	FBgn0033423,FBgn0038845,FBgn0035619,FBgn0034710,FBgn0035620,FBgn0043791,FBgn0030661,FBgn0034712,FBgn0283480,FBgn0283479
OG0002065	TC006103	FBgn0026089
OG0007966	TC010164,TC010163	FBgn0033308
OG0006883	TC033928	FBgn0026432
OG0005674	TC011771	FBgn0262955
OG0006656	TC003407	FBgn0016797
OG0005669	TC000179	FBgn0262801
OG0006494	TC012656	FBgn0030752
OG0004523	TC001347	FBgn0033734
OG0004202	TC000795	FBgn0030067
OG0006760	TC013883	FBgn0040230
OG0005459	TC030465	FBgn0259878
OG0005617	TC002462	FBgn0261862
OG0004097	TC006704	FBgn0029006
OG0006541	TC001452	FBgn0030877
OG0001613	TC012518	FBgn0259927
OG0000520	TC000693	FBgn0005771
OG0001866	TC003690	FBgn0030853,FBgn0036706
OG0003391	TC010662	FBgn0038488
OG0006422	TC000609	FBgn0030582
OG0001335	TC011296	FBgn0030092
OG0004002	TC003668	FBgn0050158
OG0004246	TC032255	FBgn0030178
OG0001125	TC014368	FBgn0037975,FBgn0037973
OG0006667	TC003081	FBgn0036817
OG0001445	TC008867,TC010074	FBgn0031835
OG0004773	TC015539	FBgn0017545
OG0002947	TC012779	FBgn0032886
OG0004959	TC013726	FBgn0031662
OG0005703	TC002360	FBgn0034734
OG0006367	TC001100	FBgn0030365
OG0003729	TC012860	FBgn0039303
OG0006211	TC001381	FBgn0035385
OG0004987	TC031314	FBgn0010317
OG0002506	TC031430	FBgn0004838
OG0002564	TC007463	FBgn0032017
OG0003687	TC012778	FBgn0039244
OG0004895	TC010061	FBgn0045862
OG0007425	TC014530,TC031195,TC010211	FBgn0052243,FBgn0035770,FBgn0036689
OG0004293	TC003366	FBgn0027360
OG0001043	TC001877	FBgn0024183,FBgn0046214
OG0006020	TC007213	FBgn0266449
OG0006088	TC001086	FBgn0283468
OG0003642	TC005672	FBgn0040283
OG0007322	TC004640,TC007822	FBgn0033494
OG0002200	TC033171	FBgn0000061
OG0003558	TC011762	FBgn0038923
OG0004618	TC011435	FBgn0033473
OG0000035	TC007756,TC007742,TC008468,TC030445,TC007755,TC007729,TC007741	FBgn0011283,FBgn0031110,FBgn0031111,FBgn0011280
OG0002246	TC005845	FBgn0037011
OG0002418	TC012067	FBgn0037218
OG0002778	TC010438	FBgn0026373
OG0004616	TC013264	FBgn0033471
OG0003307	TC011461	FBgn0004117
OG0005755	TC000620	FBgn0015277
OG0002366	TC013939	FBgn0046222
OG0007252	TC005717	FBgn0031397
OG0007377	TC032327	FBgn0264817,FBgn0283521
OG0006115	TC004682	FBgn0288433
OG0003782	TC004558	FBgn0039465
OG0001069	TC032769	FBgn0000251
OG0004018	TC010590	FBgn0034530
OG0004068	TC003666	FBgn0034371
OG0007424	TC014806	FBgn0032473
OG0004405	TC009740	FBgn0013762
OG0002555	TC006776	FBgn0020618
OG0000364	TC012114,TC032080	FBgn0042135
OG0000117	TC030646	FBgn0264270,FBgn0024987,FBgn0038345
OG0007685	TC033900,TC030585	FBgn0000283
OG0002774	TC002423	FBgn0028538
OG0005705	TC031207	FBgn0003175
OG0000150	TC005562,TC034145,TC005388,TC015236,TC005389,TC034146	FBgn0013953
OG0000566	TC000443	FBgn0035455,FBgn0011217,FBgn0030386
OG0006834	TC011509	FBgn0036342
OG0000781	TC014574	FBgn0004066,FBgn0017556,FBgn0265606
OG0002547	TC004400	FBgn0011230
OG0004462	TC032225	FBgn0040751
OG0005160	TC032794	FBgn0011837
OG0007735	TC004023,TC032696	FBgn0259935
OG0002093	TC010317	FBgn0040336
OG0004342	TC009645	FBgn0034172
OG0001137	TC012132,TC012131	FBgn0003308
OG0003566	TC004457	FBgn0038934
OG0004341	TC033691	FBgn0034168
OG0005089	TC005341	FBgn0052423
OG0003717	TC009192	FBgn0039280
OG0003648	TC001033	FBgn0043884
OG0004221	TC033771	FBgn0000077
OG0005123	TC007205	FBgn0024182
OG0001088	TC031253	FBgn0051473,FBgn0051472
OG0000651	TC031238,TC034873	FBgn0034106,FBgn0001313
OG0002306	TC015385	FBgn0037138
OG0000687	TC014610	FBgn0052110,FBgn0027603
OG0006963	TC000231	FBgn0035998
OG0003471	TC030446	FBgn0002962
OG0007796	TC013799,TC033040	FBgn0020294
OG0003868	TC010121	FBgn0024841
OG0004737	TC014242	FBgn0004133
OG0002567	TC000458	FBgn0032005
OG0006847	TC011686	FBgn0036309
OG0003372	TC016288	FBgn0038428
OG0003755	TC002308	FBgn0000206
OG0003269	TC005733	FBgn0038205
OG0000114	TC001252	FBgn0261611
OG0004843	TC010174	FBgn0035028
OG0001152	TC007324	FBgn0036213,FBgn0038281
OG0003140	TC002305	FBgn0025879
OG0003698	TC011205	FBgn0027539
OG0005593	TC004501	FBgn0261641
OG0006821	TC032855	FBgn0036376
OG0006539	TC002365	FBgn0030890
OG0003361	TC015785	FBgn0027095
OG0004110	TC010563	FBgn0034259
OG0007663	TC014333,TC004785	FBgn0032229
OG0000597	TC010119	FBgn0039137
OG0006793	TC006888	FBgn0025776
OG0002605	TC005012	FBgn0000273
OG0003916	TC032122	FBgn0039771
OG0002211	TC005770	FBgn0031267
OG0004787	TC000925	FBgn0051481
OG0003671	TC011210	FBgn0000139
OG0007327	TC011791	FBgn0030749
OG0004122	TC015598	FBgn0029898
OG0000046	TC012387	FBgn0027795,FBgn0033963,FBgn0050357,FBgn0029703,FBgn0035380,FBgn0029660,FBgn0036325,FBgn0030684
OG0000692	TC033342,TC005665,TC016069	FBgn0040227
OG0006809	TC013165	FBgn0042630
OG0003090	TC030022	FBgn0012344
OG0007858	TC032738,TC032737	FBgn0083960
OG0004105	TC030750	FBgn0034269
OG0000140	TC004097,TC003157,TC012315,TC008585,TC001246,TC003311	FBgn0037630
OG0007795	TC014444	FBgn0031883
OG0005718	TC003334	FBgn0034795
OG0004601	TC001277	FBgn0033527
OG0000309	TC013598,TC011356	FBgn0033663
OG0001923	TC007193,TC005609	FBgn0000404
OG0005714	TC008728	FBgn0011211
OG0004981	TC004840	FBgn0020493
OG0006039	TC011021	FBgn0266674
OG0000982	TC009596	FBgn0031831,FBgn0031830
OG0007276	TC033184	FBgn0031314
OG0007078	TC013993	FBgn0020251
OG0003084	TC013325	FBgn0037700
OG0003432	TC009680	FBgn0286852
OG0002904	TC015698	FBgn0032782
OG0002299	TC002812	FBgn0037106
OG0003678	TC033750	FBgn0039205
OG0005095	TC002300	FBgn0064116
OG0007744	TC014310	FBgn0030486
OG0006879	TC004397	FBgn0004381
OG0002352	TC012037	FBgn0037383
OG0003787	TC032152	FBgn0004842
OG0005226	TC009559	FBgn0004643
OG0003584	TC034274	FBgn0038986
OG0007275	TC011353	FBgn0031312
OG0007993	TC006504,TC006505	FBgn0033108
OG0002316	TC016306	FBgn0000100
OG0004479	TC006549	FBgn0004638
OG0006680	TC007709	FBgn0042134
OG0005815	TC033825	FBgn0005636
OG0001643	TC012347	FBgn0261554
OG0006691	TC002912	FBgn0036754
OG0002580	TC011057	FBgn0026718
OG0004210	TC005594	FBgn0030091
OG0003816	TC006019	FBgn0039566
OG0004694	TC009984	FBgn0005648
OG0007048	TC032700	FBgn0035760
OG0000077	TC010999,TC009448,TC009363,TC009364,TC031449,TC009362,TC009365,TC011003	FBgn0013770
OG0003030	TC009034	FBgn0037578
OG0003040	TC006211	FBgn0051453
OG0003791	TC031249	FBgn0039490
OG0000858	TC008062,TC008064	FBgn0004567,FBgn0003430
OG0007879	TC015098,TC005650	FBgn0288834
OG0002663	TC005715	FBgn0027491
OG0006499	TC013254	FBgn0030792
OG0000612	TC011517	FBgn0039739,FBgn0030136,FBgn0085211
OG0001770	TC013090	FBgn0266521
OG0002174	TC007935	FBgn0029837
OG0002770	TC032268	FBgn0032518
OG0002994	TC012823	FBgn0037430
OG0003237	TC006227	FBgn0041711
OG0006810	TC000754	FBgn0043550
OG0005334	TC005895	FBgn0086347
OG0004828	TC010336	FBgn0029941
OG0004385	TC007325	FBgn0034085
OG0004882	TC001002	FBgn0029719
OG0006800	TC003141	FBgn0036451
OG0002401	TC015659	FBgn0037279
OG0004892	TC000961	FBgn0039532
OG0003809	TC031185	FBgn0027492
OG0000209	TC033166	FBgn0037837,FBgn0030725,FBgn0030721
OG0005384	TC012775	FBgn0086916
OG0007666	TC032177,TC032176	FBgn0085433
OG0005072	TC013347	FBgn0002887
OG0006426	TC014209	FBgn0030612
OG0001561	TC032223,TC032224	FBgn0085345
OG0001604	TC034735	FBgn0259241
OG0006761	TC015890	FBgn0036536
OG0005204	TC006727	FBgn0053978
OG0006658	TC034280	FBgn0036850
OG0007919	TC006463,TC004026,TC004027	FBgn0035781,FBgn0035779,FBgn0035780
OG0008023	TC011820	FBgn0086895
OG0003299	TC032293	FBgn0038296
OG0005741	TC013895	FBgn0010622
OG0005344	TC007304	FBgn0086378
OG0006876	TC009637	FBgn0036254
OG0006741	TC013314	FBgn0028399
OG0004885	TC034644	FBgn0025613
OG0006252	TC000759	FBgn0035464
OG0006183	TC011712	FBgn0035298
OG0001195	TC001642,TC011458	FBgn0038827
OG0005759	TC003553	FBgn0034897
OG0007642	TC011729,TC012754,TC011730	FBgn0000579
OG0003540	TC033787	FBgn0043012
OG0000473	TC014237	FBgn0036970,FBgn0262057,FBgn0036969
OG0002408	TC000838	FBgn0037250
OG0007163	TC004850	FBgn0031634
OG0006744	TC006139	FBgn0026061
OG0004720	TC008957	FBgn0033244
OG0002981	TC030595	FBgn0037489
OG0003661	TC001434	FBgn0039184
OG0006324	TC006760	FBgn0030269
OG0006602	TC005653	FBgn0036945
OG0007776	TC014068,TC034688,TC033067	FBgn0051410,FBgn0037783,FBgn0037782
OG0001328	TC000538	FBgn0025864
OG0001209	TC007410	FBgn0039075
OG0003846	TC001369	FBgn0039655
OG0005365	TC009621	FBgn0086686
OG0004907	TC015235	FBgn0031196
OG0000921	TC007562	FBgn0031283,FBgn0031284
OG0006335	TC002601	FBgn0001145
OG0005434	TC000374	FBgn0259215
OG0000305	TC011734	FBgn0020379
OG0005794	TC005658	FBgn0034942
OG0006857	TC014774	FBgn0020388
OG0003192	TC011119	FBgn0037955
OG0000792	TC008185	FBgn0264449
OG0001968	TC005343	FBgn0000227,FBgn0031434
OG0000548	TC002507	FBgn0010355
OG0002712	TC004653	FBgn0032399
OG0005180	TC012814	FBgn0031765
OG0004607	TC031393	FBgn0033500
OG0000011	TC008498,TC010082,TC010512,TC016088,TC000717,TC002687,TC006884,TC002753,TC005001,TC010218,TC010292	FBgn0028953
OG0001413	TC009481,TC000125	FBgn0033349
OG0007151	TC003526	FBgn0014395
OG0002121	TC002627	FBgn0029685
OG0007279	TC010418	FBgn0031321
OG0005820	TC015946	FBgn0041582
OG0006767	TC010827	FBgn0036538
OG0005543	TC014986	FBgn0261239
OG0005271	TC033876	FBgn0083984
OG0000288	TC010208	FBgn0028704
OG0002907	TC002993	FBgn0003346
OG0002630	TC008217	FBgn0032214
OG0002262	TC031756	FBgn0037014
OG0004888	TC003160	FBgn0052819
OG0002256	TC010377	FBgn0036987
OG0004000	TC011988	FBgn0014028
OG0001185	TC010767	FBgn0038693
OG0000169	TC014626	FBgn0263077
OG0001494	TC009896,TC008952	FBgn0000577
OG0004862	TC033645	FBgn0039117
OG0000462	TC000558,TC001014,TC031963	FBgn0029791
OG0002557	TC003757	FBgn0031997
OG0003877	TC003763	FBgn0039704
OG0007457	TC006907,TC003914	FBgn0035348
OG0004277	TC008842	FBgn0050390
OG0004721	TC002361	FBgn0050380
OG0003284	TC005551	FBgn0025808
OG0002033	TC008201	FBgn0028550
OG0000179	TC011221,TC015696,TC014988,TC015391,TC011264,TC033427	FBgn0036235
OG0003666	TC007276	FBgn0028471
OG0006394	TC013321	FBgn0030437
OG0007774	TC013808	FBgn0035873
OG0007926	TC001849,TC031933	FBgn0038589
OG0004692	TC001709	FBgn0033259
OG0006265	TC007236	FBgn0040696
OG0007130	TC003825	FBgn0015379
OG0006137	TC031476	FBgn0010246
OG0004958	TC014519	FBgn0031657
OG0003491	TC015071	FBgn0038763
OG0005442	TC015384	FBgn0259482
OG0002189	TC007344	FBgn0026015
OG0004539	TC007744	FBgn0010621
OG0006384	TC014197	FBgn0052647
OG0001996	TC008136	FBgn0000316
OG0002374	TC008832	FBgn0027951
OG0006620	TC010475	FBgn0013303
OG0006941	TC002736	FBgn0036052
OG0002451	TC013395	FBgn0031710
OG0001287	TC013830	FBgn0029131,FBgn0040491
OG0003200	TC014624	FBgn0082831
OG0005203	TC014898	FBgn0053977
OG0007873	TC006244,TC034005	FBgn0027589
OG0004563	TC033884	FBgn0003382
OG0005370	TC030745	FBgn0086698
OG0000780	TC030007	FBgn0035023
OG0006315	TC006159	FBgn0030257
OG0001802	TC010529	FBgn0035282
OG0007840	TC034433,TC034434,TC035053	FBgn0266111
OG0003721	TC012992	FBgn0039261
OG0000389	TC006284,TC034823,TC034824	FBgn0025837,FBgn0030932
OG0002807	TC015498	FBgn0028903
OG0005757	TC004871	FBgn0034893
OG0000714	TC009024	FBgn0020279
OG0003703	TC016220	FBgn0039219
OG0002180	TC015317	FBgn0029861
OG0002310	TC006213	FBgn0037109
OG0007235	TC004297	FBgn0031461
OG0007352	TC033411	FBgn0261671
OG0007223	TC011773	FBgn0031496
OG0004604	TC000506	FBgn0033526
OG0006258	TC012785	FBgn0004910
OG0004603	TC009885	FBgn0033528
OG0007492	TC014708	FBgn0030505
OG0003197	TC006676	FBgn0037978
OG0004164	TC006673	FBgn0003447
OG0005519	TC004499	FBgn0260964
OG0005024	TC033312	FBgn0027375
OG0007339	TC031984,TC004523,TC004535	FBgn0051217
OG0001436	TC006642,TC006643	FBgn0003386
OG0003528	TC001773	FBgn0028468
OG0000725	TC000706	FBgn0053993,FBgn0035656,FBgn0052406
OG0006125	TC013357	FBgn0285910
OG0003999	TC006282	FBgn0033081
OG0002881	TC009836	FBgn0032724
OG0003961	TC008784	FBgn0000559
OG0005604	TC015944	FBgn0261786
OG0001708	TC006203	FBgn0050421
OG0007844	TC011100	FBgn0030833
OG0006140	TC002911	FBgn0011204
OG0000819	TC034900	FBgn0035533
OG0003462	TC002945	FBgn0038676
OG0006856	TC004029	FBgn0004926
OG0006236	TC003449	FBgn0035435
OG0004568	TC010345	FBgn0001276
OG0007149	TC007802	FBgn0031100
OG0000523	TC014627	FBgn0032615,FBgn0032614,FBgn0051810
OG0007509	TC011318,TC011320	FBgn0038139
OG0006410	TC013882	FBgn0030530
OG0003542	TC030548	FBgn0038871
OG0005524	TC000968	FBgn0260987
OG0003354	TC006499	FBgn0020407
OG0005895	TC010322	FBgn0035162
OG0004638	TC034004	FBgn0033447
OG0002724	TC006599	FBgn0032421
OG0000593	TC033356,TC005716,TC006219	FBgn0039008
OG0000645	TC009970	FBgn0034731
OG0001775	TC010923	FBgn0267376
OG0004021	TC009456	FBgn0028622
OG0005850	TC001606	FBgn0035087
OG0004035	TC006192	FBgn0034490
OG0000038	TC034254,TC031246,TC009724,TC034252,TC012153,TC011212,TC031354,TC011211,TC009725,TC003022	FBgn0051126
OG0006013	TC013937	FBgn0266284
OG0002884	TC013080	FBgn0032741
OG0002561	TC008035	FBgn0032018
OG0003273	TC015766	FBgn0011474
OG0007771	TC010428	FBgn0004924
OG0007216	TC007625	FBgn0031488
OG0000872	TC032798	FBgn0015268,FBgn0040345
OG0007824	TC032586,TC010353,TC032585	FBgn0035815
OG0004057	TC006628	FBgn0034418
OG0006507	TC007943	FBgn0030787
OG0007640	TC002948,TC002884	FBgn0028325
OG0004951	TC015853	FBgn0041150
OG0006283	TC001708	FBgn0035504
OG0006471	TC007602	FBgn0065035
OG0000963	TC008220	FBgn0037270,FBgn0033069
OG0003003	TC003817	FBgn0024909
OG0000273	TC004145	FBgn0029152,FBgn0030577,FBgn0036809,FBgn0030578
OG0004554	TC032238	FBgn0062449
OG0003103	TC011784	FBgn0037708
OG0000350	TC014226	FBgn0019968
OG0005529	TC007833	FBgn0261020
OG0002074	TC007308	FBgn0003048
OG0000031	TC031099,TC009482	FBgn0010042,FBgn0010039,FBgn0042206,FBgn0010043,FBgn0038020,FBgn0010040,FBgn0010038,FBgn0010041,FBgn0001149,FBgn0010044
OG0000222	TC011281,TC000463	FBgn0036153,FBgn0034175,FBgn0034176,FBgn0050462
OG0007112	TC016322	FBgn0035624
OG0007478	TC011073	FBgn0000212
OG0004646	TC002497	FBgn0050340
OG0003107	TC008963	FBgn0005777
OG0006106	TC012909	FBgn0283682
OG0003629	TC004060	FBgn0039136
OG0005105	TC013202	FBgn0029891
OG0004116	TC001108	FBgn0034246
OG0007080	TC003028	FBgn0035708
OG0000701	TC015220	FBgn0035571,FBgn0035608,FBgn0024807
OG0001290	TC010120,TC013669	FBgn0042083
OG0005780	TC008922	FBgn0034957
OG0005015	TC013218	FBgn0016917
OG0004853	TC013646	FBgn0039915
OG0006342	TC004420	FBgn0030321
OG0003071	TC015205	FBgn0026380
OG0007171	TC007987	FBgn0031601
OG0003141	TC010182	FBgn0037815
OG0003171	TC012999	FBgn0037899
OG0005497	TC032124	FBgn0260793
OG0006171	TC003093	FBgn0035249
OG0004157	TC004963	FBgn0029955
OG0001679	TC005951,TC005774	FBgn0263027
OG0001847	TC014214	FBgn0040285
OG0003023	TC011336	FBgn0010433
OG0004209	TC012117	FBgn0030089
OG0007310	TC000305,TC001253	FBgn0267363
OG0002910	TC031204	FBgn0053116
OG0006396	TC030948	FBgn0030466
OG0000547	TC003504,TC002966	FBgn0037483,FBgn0085212
OG0007336	TC005209,TC015874,TC008559,TC004100,TC002583	FBgn0053859,FBgn0053853,FBgn0053856
OG0006509	TC002983	FBgn0030812
OG0000554	TC005616,TC005615	FBgn0027610,FBgn0037668
OG0004471	TC031811	FBgn0033869
OG0003873	TC009619	FBgn0039690
OG0004914	TC012411	FBgn0033017
OG0001356	TC007765	FBgn0031456,FBgn0034205
OG0005793	TC003869	FBgn0034945
OG0000010	TC002157,TC010697,TC031656	FBgn0037844
OG0005891	TC008966	FBgn0028999
OG0002013	TC009348	FBgn0026879
OG0001617	TC009795,TC013089	FBgn0260431
OG0004569	TC010175	FBgn0033624
OG0000280	TC011866	FBgn0031430,FBgn0031721,FBgn0031720,FBgn0038122
OG0001859	TC031960	FBgn0004598
OG0001207	TC006754	FBgn0004395
OG0002942	TC031157	FBgn0014859
OG0000129	TC014065	FBgn0029123
OG0007309	TC031036	FBgn0001216
OG0004013	TC009994	FBgn0034537
OG0006169	TC012708	FBgn0026372
OG0003256	TC003483	FBgn0038165
OG0005862	TC007083	FBgn0035104
OG0003410	TC013489	FBgn0038515
OG0004666	TC010650	FBgn0033375
OG0003523	TC013647	FBgn0038828
OG0004280	TC013622	FBgn0034590
OG0004477	TC005006	FBgn0014877
OG0001667	TC001759	FBgn0262562
OG0007863	TC002904,TC003497,TC031137	FBgn0030465
OG0003287	TC012655	FBgn0038244
OG0001367	TC034173	FBgn0050089
OG0003026	TC010041	FBgn0004908
OG0005002	TC014098	FBgn0023416
OG0000962	TC013927	FBgn0004913
OG0007000	TC033699	FBgn0024236
OG0007191	TC008520	FBgn0051957
OG0002227	TC030942	FBgn0024352
OG0006755	TC002136	FBgn0036579
OG0005400	TC000749	FBgn0250789
OG0005289	TC002585	FBgn0287209
OG0005754	TC033706	FBgn0050185
OG0000718	TC016229	FBgn0031108,FBgn0083167,FBgn0040651
OG0007446	TC031577	FBgn0085376
OG0004015	TC033800	FBgn0034543
OG0003429	TC010925	FBgn0038609
OG0003338	TC004747	FBgn0051183
OG0006112	TC031771	FBgn0284245
OG0007230	TC032761	FBgn0051690
OG0004876	TC001712	FBgn0030559
OG0005247	TC034430	FBgn0000384
OG0004443	TC013365	FBgn0010638
OG0006015	TC005603	FBgn0266369
OG0003360	TC005066	FBgn0038400
OG0004608	TC003187	FBgn0033507
OG0002402	TC004734	FBgn0037280
OG0004483	TC004619	FBgn0053138
OG0006438	TC003673	FBgn0030630
OG0004272	TC015879	FBgn0034622
OG0003021	TC009845	FBgn0037533
OG0005109	TC030689	FBgn0061362
OG0001854	TC015342,TC014467	FBgn0025809
OG0003911	TC012801	FBgn0039765
OG0003548	TC005074	FBgn0011766
OG0003641	TC032021	FBgn0026576
OG0001861	TC007574,TC008282	FBgn0030789
OG0004444	TC005649	FBgn0033948
OG0004152	TC015415	FBgn0025549
OG0002607	TC014680	FBgn0028479
OG0006910	TC031638	FBgn0036133
OG0006967	TC002763	FBgn0004379
OG0003259	TC002087	FBgn0016672
OG0004614	TC008256	FBgn0286783
OG0002830	TC031288	FBgn0032600
OG0005274	TC007751	FBgn0016976
OG0004994	TC006172	FBgn0033807
OG0006133	TC032355	FBgn0285951
OG0000877	TC006048	FBgn0289578,FBgn0032754
OG0005881	TC006198	FBgn0035149
OG0005795	TC016219	FBgn0034940
OG0004651	TC007723	FBgn0010220
OG0001279	TC009201,TC014374	FBgn0019990
OG0002857	TC013804	FBgn0000120
OG0001874	TC010858,TC008430	FBgn0031011
OG0002572	TC034675	FBgn0032036
OG0002686	TC009435	FBgn0053129
OG0000684	TC005921	FBgn0033174,FBgn0052591,FBgn0260459
OG0002087	TC000529	FBgn0004655
OG0003990	TC011892	FBgn0033088
OG0005702	TC009532	FBgn0034733
OG0002414	TC012072	FBgn0052944
OG0005778	TC002887	FBgn0002791
OG0003336	TC014283	FBgn0026616
OG0000964	TC012170,TC012171	FBgn0037235
OG0001686	TC013190	FBgn0263220
OG0000894	TC011317	FBgn0029666
OG0002508	TC003148	FBgn0031875
OG0003711	TC000418	FBgn0039266
OG0007192	TC007815	FBgn0031573
OG0006917	TC009211	FBgn0036126
OG0006977	TC031187	FBgn0035965
OG0005399	TC007173	FBgn0250788
OG0001717	TC034520	FBgn0001316
OG0000916	TC011857,TC034423	FBgn0014031
OG0000248	TC003876	FBgn0263132
OG0000467	TC013541	FBgn0031257
OG0005293	TC014894	FBgn0040020
OG0000639	TC003024	FBgn0030174
OG0001363	TC012507	FBgn0034091
OG0003264	TC012105	FBgn0038206
OG0002833	TC013060	FBgn0051739
OG0005896	TC003408	FBgn0035181
OG0006341	TC003812	FBgn0002948
OG0000528	TC012011	FBgn0031596
OG0003349	TC001099	FBgn0038388
OG0003454	TC011644	FBgn0038652
OG0001438	TC033615	FBgn0038535
OG0003504	TC001087	FBgn0038816
OG0006958	TC010485	FBgn0288470
OG0005542	TC034425	FBgn0261119
OG0001358	TC034195	FBgn0024232
OG0001486	TC003354,TC003355	FBgn0004102
OG0001131	TC004861	FBgn0038039,FBgn0035970
OG0007345	TC014275	FBgn0266557
OG0000391	TC014350	FBgn0086680
OG0001063	TC008874	FBgn0005655,FBgn0032813
OG0002020	TC015364	FBgn0040346
OG0004247	TC007111	FBgn0052685
OG0005375	TC002499	FBgn0086711
OG0005768	TC002358	FBgn0034908
OG0003664	TC004294	FBgn0039188
OG0003764	TC011434	FBgn0051323
OG0006925	TC003167	FBgn0001179
OG0004402	TC012553	FBgn0034029
OG0003280	TC031367	FBgn0020299
OG0001431	TC004727	FBgn0019985
OG0004432	TC005757	FBgn0027783
OG0000089	TC015076	FBgn0036717,FBgn0031031,FBgn0030157,FBgn0262583,FBgn0032322,FBgn0029697,FBgn0040496
OG0002073	TC034705	FBgn0023549
OG0001730	TC006465	FBgn0263705
OG0003172	TC013174	FBgn0037895
OG0006914	TC031757	FBgn0036139
OG0003931	TC000873	FBgn0039836
OG0002680	TC000746	FBgn0032321
OG0002165	TC004716	FBgn0046687
OG0005704	TC012014	FBgn0034735
OG0002927	TC015484	FBgn0019686
OG0007568	TC010354,TC010362,TC010355	FBgn0035438
OG0002969	TC034695	FBgn0032940
OG0003050	TC010045	FBgn0037637
OG0006373	TC009730	FBgn0030403
OG0006409	TC013667	FBgn0027537
OG0000148	TC034613,TC000837,TC011697,TC016055,TC011696,TC014974	FBgn0039169
OG0006281	TC001706	FBgn0040697
OG0003028	TC002055	FBgn0037581
OG0004393	TC003270	FBgn0034057
OG0000933	TC034166	FBgn0003415
OG0006603	TC007934	FBgn0024814
OG0000807	TC031766	FBgn0030499,FBgn0283657
OG0000392	TC032751	FBgn0085424
OG0007069	TC001612	FBgn0001104
OG0006184	TC002531	FBgn0027547
OG0007092	TC002393	FBgn0035676
OG0005660	TC010675	FBgn0262717
OG0007849	TC034660,TC007258	FBgn0034860
OG0006955	TC007112	FBgn0052040
OG0003951	TC010455	FBgn0005632
OG0006423	TC008326	FBgn0000535
OG0004963	TC002391	FBgn0015834
OG0001320	TC031538,TC031637	FBgn0029995
OG0002750	TC005854	FBgn0032480
OG0000381	TC033179,TC033180	FBgn0033739
OG0005615	TC031002	FBgn0261858
OG0005222	TC007145	FBgn0010240
OG0006340	TC013211	FBgn0030311
OG0004022	TC009001	FBgn0034521
OG0004366	TC009172	FBgn0010611
OG0002474	TC014470	FBgn0029161
OG0004281	TC007431	FBgn0020312
OG0000343	TC010796	FBgn0010415
OG0000803	TC004380,TC006530,TC004884	FBgn0267385
OG0003496	TC000431	FBgn0038774
OG0002934	TC011684	FBgn0032857
OG0003741	TC033712	FBgn0039291
OG0001027	TC014029,TC033211	FBgn0051759
OG0007132	TC006024	FBgn0003423
OG0006937	TC011507	FBgn0036063
OG0006846	TC007585	FBgn0036314
OG0006785	TC002842	FBgn0036484
OG0002860	TC033075	FBgn0032682
OG0004421	TC009326	FBgn0033985
OG0005764	TC001377	FBgn0034879
OG0006444	TC000779	FBgn0030658
OG0006647	TC003540	FBgn0036862
OG0007578	TC003901,TC010668	FBgn0040384
OG0001881	TC004365	FBgn0031077
OG0004784	TC004761	FBgn0039937
OG0002396	TC014556	FBgn0010313
OG0002427	TC007703	FBgn0031676
OG0002068	TC003020	FBgn0028969
OG0005342	TC000328	FBgn0086370
OG0004143	TC012755	FBgn0029930
OG0001466	TC007928	FBgn0285947,FBgn0027494
OG0006213	TC001071	FBgn0040308
OG0001532	TC001239	FBgn0003366
OG0005732	TC005933	FBgn0034745
OG0002985	TC007136	FBgn0014863
OG0005920	TC006044	FBgn0263831
OG0003322	TC014008	FBgn0038318
OG0003445	TC009447	FBgn0038630
OG0007428	TC003627,TC031038	FBgn0004870,FBgn0025525
OG0004698	TC009548	FBgn0053087
OG0005678	TC009187	FBgn0263025
OG0006524	TC004292	FBgn0000617
OG0003495	TC032506	FBgn0038738
OG0004184	TC011106	FBgn0030007
OG0000529	TC002681	FBgn0032652
OG0002328	TC001923	FBgn0037202
OG0000090	TC004928	FBgn0005694
OG0006425	TC001945	FBgn0030605
OG0007788	TC006618,TC006619	FBgn0025833
OG0003312	TC011207	FBgn0038326
OG0005147	TC013430	FBgn0036685
OG0005804	TC005977	FBgn0034918
OG0001933	TC007008	FBgn0036020
OG0001924	TC000793	FBgn0036211
OG0005591	TC008222	FBgn0261617
OG0001373	TC001270	FBgn0001319
OG0003880	TC009197	FBgn0039723
OG0005940	TC032257	FBgn0264089
OG0005429	TC016291	FBgn0259200
OG0007741	TC011430,TC035016	FBgn0028509
OG0000661	TC006614	FBgn0053156
OG0003667	TC032227	FBgn0039175
OG0002184	TC011182	FBgn0014026
OG0000439	TC012581,TC012580,TC012579,TC031515	FBgn0026404
OG0006430	TC015712	FBgn0030598
OG0002144	TC014196	FBgn0029761
OG0006599	TC031023	FBgn0031066
OG0002201	TC010413	FBgn0002593
OG0004582	TC030625	FBgn0029134
OG0001259	TC003841	FBgn0019972,FBgn0010501
OG0006048	TC014541	FBgn0266918
OG0004139	TC007114	FBgn0029937
OG0003291	TC030621	FBgn0067628
OG0005340	TC003448	FBgn0086367
OG0005965	TC013831	FBgn0264810
OG0003441	TC001525	FBgn0038583
OG0007062	TC003672	FBgn0035753
OG0001366	TC013193	FBgn0010052,FBgn0034076
OG0006684	TC007092	FBgn0036773
OG0002673	TC012100	FBgn0015320
OG0003155	TC014056	FBgn0037855
OG0000095	TC030050	FBgn0024196,FBgn0028570,FBgn0263233,FBgn0028569,FBgn0032972,FBgn0035009,FBgn0034478
OG0004836	TC010591	FBgn0050159
OG0003557	TC012357	FBgn0038921
OG0007150	TC011911	FBgn0031183
OG0001743	TC031499	FBgn0264307
OG0002237	TC015986	FBgn0002121
OG0003644	TC002959	FBgn0026317
OG0000030	TC011067,TC007026,TC032710,TC000246,TC004957,TC001301,TC032249,TC000250,TC034618,TC001300,TC000247	FBgn0032213
OG0007582	TC004356	FBgn0040068
OG0003898	TC016414	FBgn0039754
OG0002044	TC030583	FBgn0027791
OG0003191	TC004379	FBgn0037956
OG0002980	TC015191	FBgn0037491
OG0002890	TC008260	FBgn0010300
OG0001148	TC004872,TC009033	FBgn0038224
OG0005949	TC000827	FBgn0264491
OG0003998	TC012612	FBgn0033087
OG0004155	TC032568	FBgn0029958
OG0005612	TC002263	FBgn0261803
OG0000382	TC011870	FBgn0001297
OG0007676	TC010782,TC009158	FBgn0014020
OG0004685	TC001571	FBgn0005695
OG0004551	TC013940	FBgn0011704
OG0000810	TC015823,TC002447	FBgn0043458
OG0001692	TC007257	FBgn0034861
OG0000736	TC015540	FBgn0250906,FBgn0031451
OG0008030	TC000155,TC010473	FBgn0062517
OG0006229	TC011546	FBgn0035436
OG0005077	TC008802	FBgn0033380
OG0005161	TC008865	FBgn0036916
OG0005637	TC010652	FBgn0262115
OG0002467	TC010125	FBgn0031784
OG0000583	TC010846	FBgn0013812
OG0003749	TC015505	FBgn0039381
OG0001252	TC001323	FBgn0039637
OG0002253	TC014453	FBgn0036990
OG0004075	TC009931	FBgn0034360
OG0004384	TC005495	FBgn0034086
OG0003383	TC006560	FBgn0022344
OG0000549	TC005435	FBgn0037454,FBgn0033705
OG0005153	TC000668	FBgn0039648
OG0004872	TC014107	FBgn0030554
OG0006435	TC014236	FBgn0026428
OG0007669	TC014482,TC006185	FBgn0030718,FBgn0039669
OG0003707	TC010645	FBgn0015240
OG0004777	TC015577	FBgn0002521
OG0007969	TC010830,TC001281	FBgn0261592
OG0004040	TC000111	FBgn0034454
OG0003918	TC000440	FBgn0039804
OG0007021	TC014635	FBgn0035866
OG0000570	TC015281,TC001487,TC006087	FBgn0038397
OG0007934	TC002384	FBgn0038132
OG0005991	TC034132	FBgn0287873
OG0001345	TC011144,TC009230	FBgn0026582
OG0006489	TC009110	FBgn0030745
OG0004148	TC011346	FBgn0029944
OG0004299	TC001282	FBgn0034638
OG0004521	TC013137	FBgn0033730
OG0006875	TC004388	FBgn0011455
OG0001262	TC033639	FBgn0039710
OG0003120	TC009982	FBgn0024330
OG0007402	TC034946,TC015619,TC003965,TC032688,TC000013,TC032693	FBgn0034047
OG0003247	TC009757	FBgn0038170
OG0002961	TC012783	FBgn0011829
OG0006215	TC000137	FBgn0035397
OG0006913	TC014238	FBgn0052076
OG0001920	TC014051,TC014052	FBgn0022709
OG0002824	TC004794	FBgn0024734
OG0005537	TC007583	FBgn0261090
OG0007017	TC003332	FBgn0035851
OG0001187	TC013034,TC009266	FBgn0038744
OG0005346	TC013531	FBgn0086442
OG0005855	TC000541	FBgn0041205
OG0003740	TC031143	FBgn0039294
OG0000972	TC012422	FBgn0000228
OG0004806	TC002349	FBgn0022740
OG0001983	TC013001	FBgn0026324,FBgn0028398
OG0006549	TC007381	FBgn0030941
OG0001313	TC032835,TC033382	FBgn0029881
OG0005717	TC002599	FBgn0034793
OG0005875	TC015386	FBgn0035134
OG0003692	TC013167	FBgn0015625
OG0001134	TC015652	FBgn0038073
OG0007199	TC006507	FBgn0015376
OG0002079	TC008329	FBgn0023526
OG0000218	TC013759	FBgn0015218,FBgn0039622,FBgn0035823,FBgn0265089,FBgn0035709
OG0001857	TC032258,TC004220	FBgn0003416
OG0007170	TC006494	FBgn0022153
OG0004759	TC001207	FBgn0039920
OG0006120	TC015671	FBgn0284255
OG0000418	TC009943	FBgn0265194
OG0001795	TC010801,TC010960	FBgn0013811
OG0004006	TC030562	FBgn0022224
OG0006298	TC006452	FBgn0035541
OG0000224	TC015183	FBgn0003660
OG0003786	TC000930	FBgn0026562
OG0001647	TC014000	FBgn0261722
OG0006853	TC002426	FBgn0036301
OG0001666	TC007643,TC015050	FBgn0262559
OG0000427	TC012082	FBgn0003301
OG0002701	TC032265	FBgn0032343
OG0003604	TC009195	FBgn0053193
OG0006484	TC011809	FBgn0030743
OG0001680	TC010323	FBgn0263072
OG0007209	TC016198	FBgn0031519
OG0000135	TC015040,TC003709,TC033143,TC013776	FBgn0032449,FBgn0037846,FBgn0037845
OG0002507	TC014340	FBgn0020616
OG0005172	TC006624	FBgn0032157
OG0005490	TC003799	FBgn0260748
OG0001121	TC009796	FBgn0037930,FBgn0013954
OG0006866	TC003420	FBgn0046296
OG0004284	TC015198	FBgn0026369
OG0003685	TC004437	FBgn0039241
OG0007020	TC012443	FBgn0035871
OG0006012	TC005764	FBgn0266282
OG0001876	TC031239,TC006370	FBgn0027621
OG	Tcas	Dmel
OG0003053	TC013859	FBgn0037643
OG0004332	TC007351	FBgn0026721
OG0006192	TC034645	FBgn0035335
OG0007023	TC009441	FBgn0027569
OG0007006	TC003247	FBgn0017430
OG0002905	TC014329	FBgn0032783
OG0003847	TC011381	FBgn0062442
OG0000798	TC000394	FBgn0266347
OG0006738	TC005943	FBgn0036648
OG0006242	TC001701	FBgn0035414
OG0003859	TC034446	FBgn0039667
OG0002482	TC005610	FBgn0031815
OG0003143	TC010417	FBgn0024957
OG0005758	TC008061	FBgn0013548
OG0006559	TC007968	FBgn0030991
OG0004331	TC010952	FBgn0286070
OG0003869	TC032184	FBgn0039688
OG0006232	TC003715	FBgn0035445
OG0006173	TC006792	FBgn0035247
OG0005918	TC032584	FBgn0263776
OG0006581	TC007942	FBgn0026430
OG0007273	TC005982	FBgn0031307
OG0007193	TC008785	FBgn0031534
OG0001407	TC015329	FBgn0033371,FBgn0025709
OG0001860	TC010654,TC033147	FBgn0030766
OG0004245	TC006713	FBgn0030183
OG0002613	TC009664	FBgn0032171
OG0006980	TC015994	FBgn0035952
OG0007245	TC014786	FBgn0014010
OG0004356	TC003405	FBgn0024315
OG0001369	TC009378,TC030676	FBgn0034012
OG0006210	TC008338	FBgn0035375
OG0005055	TC034722	FBgn0027529
OG0006303	TC007682	FBgn0052238
OG0004572	TC014987	FBgn0015582
OG0002707	TC013890	FBgn0032378
OG0002670	TC009673	FBgn0010398
OG0005427	TC012383	FBgn0259173
OG0001663	TC009631	FBgn0287825
OG0001678	TC031486	FBgn0262975
OG0003439	TC014257	FBgn0038586
OG0001772	TC014419,TC031149	FBgn0266758
OG0005915	TC012652	FBgn0263706
OG0007305	TC033603,TC012281,TC034813	FBgn0040251,FBgn0040257,FBgn0040256,FBgn0026315,FBgn0040259
OG0003708	TC016304	FBgn0045866
OG0007547	TC031170,TC032558,TC031088	FBgn0000633
OG0002045	TC032583	FBgn0023513
OG0006812	TC012455	FBgn0001108
OG0002820	TC014337	FBgn0028894
OG0005727	TC009492	FBgn0020257
OG0002042	TC006550	FBgn0003517
OG0002019	TC015439	FBgn0040351
OG0002108	TC004393	FBgn0004647
OG0000192	TC032347	FBgn0030502
OG0002913	TC032194	FBgn0032811
OG0007985	TC031673	FBgn0026787
OG0002210	TC006110	FBgn0023489
OG0003715	TC012561	FBgn0039274
OG0001106	TC002743	FBgn0037713
OG0001828	TC000540	FBgn0051773,FBgn0030407
OG0000863	TC011127	FBgn0040372
OG0006104	TC001713	FBgn0283666
OG0004663	TC006039	FBgn0033392
OG0001196	TC009330	FBgn0013995
OG0006815	TC012039	FBgn0036397
OG0001176	TC008818	FBgn0042693
OG0002178	TC005584	FBgn0028982
OG0002095	TC015915	FBgn0011606
OG0000782	TC000107	FBgn0043792
OG0005090	TC006992	FBgn0033884
OG0004310	TC008602	FBgn0034708
OG0005933	TC006775	FBgn0263979
OG0004781	TC004802	FBgn0039932
OG0005310	TC001975	FBgn0085397
OG0005369	TC001105	FBgn0086695
OG0001265	TC006314	FBgn0026597
OG0000103	TC006698,TC006697,TC006700,TC006699,TC011571,TC004791	FBgn0034121,FBgn0003748
OG0002331	TC034471	FBgn0037406
OG0006078	TC000047	FBgn0267976
OG0005639	TC000970	FBgn0262124
OG0006492	TC013702	FBgn0030753
OG0006808	TC014055	FBgn0001085
OG0005766	TC006736	FBgn0034876
OG0001664	TC008103,TC012115	FBgn0262519
OG0003227	TC001604	FBgn0038108
OG0003460	TC030690	FBgn0027785
OG0007203	TC031285	FBgn0031540
OG0000262	TC001458	FBgn0040348
OG0001183	TC000534,TC000533	FBgn0015781
OG0007742	TC008384,TC001654,TC002686	FBgn0043457
OG0001649	TC014666	FBgn0036868,FBgn0261793
OG0000212	TC033935,TC031713,TC010361	FBgn0038273
OG0003704	TC010332	FBgn0039252
OG0003885	TC014243	FBgn0039702
OG0006604	TC011556	FBgn0036967
OG0004322	TC016093	FBgn0034232
OG0005306	TC033696	FBgn0085377
OG0006037	TC004382	FBgn0266672
OG0007699	TC034551,TC032069,TC008569	FBgn0037788
OG0001300	TC008860	FBgn0020440
OG0001925	TC034925	FBgn0015278
OG0006781	TC014563	FBgn0026738
OG0001937	TC013432	FBgn0040305
OG0001892	TC010677	FBgn0036787,FBgn0052196
OG0002810	TC016290	FBgn0028520
OG0006077	TC006047	FBgn0267975
OG0005486	TC010852	FBgn0260655
OG0000034	TC031805,TC006206,TC031324,TC006207,TC001837,TC030977,TC031803,TC006209,TC031894,TC033906	FBgn0027280
OG0000660	TC001142	FBgn0033897
OG0000261	TC000686,TC014458	FBgn0031335,FBgn0051924,FBgn0019982
OG0000012	TC030337,TC030341,TC030342,TC030344,TC030340,TC004263,TC011345,TC010928,TC002052,TC008063,TC030347,TC030339,TC030334,TC007823,TC030338,TC031990,TC030348,TC033018,TC010942,TC034680,TC000202,TC031640	FBgn0243514
OG0006318	TC008009	FBgn0017561
OG0002692	TC013492	FBgn0032338
OG0001023	TC034009,TC005696	FBgn0032368
OG0001833	TC000385	FBgn0010303
OG0004771	TC010369	FBgn0039889
OG0002526	TC014087	FBgn0002938
OG0004490	TC009595	FBgn0033812
OG0002524	TC030687	FBgn0051908
OG0002036	TC006318	FBgn0025394
OG0003989	TC012006	FBgn0033085
OG0004472	TC005928	FBgn0033879
OG0004528	TC034792	FBgn0050044
OG0001298	TC000058	FBgn0034472,FBgn0035334
OG0007611	TC012380,TC012379	FBgn0032074
OG0001310	TC004615,TC008157	FBgn0003520
OG0001681	TC008032	FBgn0263079
OG0003201	TC000468	FBgn0038043
OG0007619	TC009074,TC008706	FBgn0283536
OG0003319	TC014208	FBgn0038325
OG0005295	TC006952	FBgn0069969
OG0006950	TC015166	FBgn0036035
OG0007240	TC011161	FBgn0026778
OG0001372	TC012312	FBgn0033969,FBgn0033377
OG0004550	TC013516	FBgn0033672
OG0006025	TC006436	FBgn0266572
OG0006675	TC006471	FBgn0036821
OG0002107	TC033641	FBgn0011276
OG0007312	TC013277,TC013279,TC013278,TC013280,TC034781	FBgn0038250,FBgn0027930,FBgn0039102,FBgn0000533
OG0001294	TC002528	FBgn0034592,FBgn0034481
OG0006654	TC010608	FBgn0036846
OG0002568	TC013413	FBgn0031987
OG0004805	TC015323	FBgn0036544
OG0000653	TC004826	FBgn0030859,FBgn0035557,FBgn0050471
OG0001997	TC014345	FBgn0024989
OG0003025	TC009998	FBgn0037573
OG0007064	TC003192	FBgn0029117
OG0001597	TC001001,TC011533	FBgn0259108
OG0001389	TC009438	FBgn0033699
OG0002695	TC009381	FBgn0020270
OG0004908	TC016037	FBgn0031194
OG0006921	TC015461	FBgn0052069
OG0007461	TC013346,TC013742	FBgn0000317
OG0007754	TC016417,TC003245	FBgn0010114
OG0002430	TC014412	FBgn0031684
OG0007034	TC009461	FBgn0041156
OG0006835	TC014658	FBgn0010452
OG0004439	TC008844	FBgn0033936
OG0000652	TC006519	FBgn0036830,FBgn0034877,FBgn0050093
OG0005734	TC010001	FBgn0034797
OG0002813	TC001383	FBgn0001086
OG0006457	TC010518	FBgn0030687
OG0001489	TC010848	FBgn0288966
OG0005188	TC000056	FBgn0000370
OG0006300	TC014120	FBgn0035537
OG0004030	TC001965	FBgn0034498
OG0005397	TC011872	FBgn0250755
OG0008012	TC007011	FBgn0003462
OG0005032	TC000087	FBgn0001208
OG0002046	TC015215	FBgn0014411
OG0003403	TC011798	FBgn0000063
OG0005402	TC008511	FBgn0250816
OG0002346	TC011044	FBgn0037379
OG0000249	TC031941	FBgn0264001
OG0004145	TC011064	FBgn0004646
OG0005870	TC000770	FBgn0035110
OG0000374	TC011288	FBgn0003429
OG0003385	TC034217	FBgn0038466
OG0004947	TC002268	FBgn0030761
OG0005358	TC007464	FBgn0086673
OG0005264	TC002668	FBgn0083969
OG0004732	TC031026	FBgn0033208
OG0007418	TC031338,TC031339	FBgn0263873
OG0003719	TC009183	FBgn0011336
OG0004751	TC000113	FBgn0033177
OG0006527	TC008489	FBgn0030871
OG0001821	TC001382	FBgn0014133
OG0003321	TC005779	FBgn0013269
OG0006005	TC007157	FBgn0266083
OG0003723	TC034442	FBgn0029157
OG0005053	TC000167	FBgn0036534
OG0006455	TC003224	FBgn0030683
OG0003697	TC005570	FBgn0027617
OG0002322	TC003425	FBgn0037188
OG0007053	TC002784	FBgn0016983
OG0003204	TC004865	FBgn0038046
OG0004729	TC003140	FBgn0050493
OG0004860	TC000514	FBgn0039116
OG0004071	TC033610	FBgn0034346
OG0005424	TC000232	FBgn0259167
OG0006699	TC004434	FBgn0036740
OG0000854	TC000086	FBgn0052373,FBgn0035798
OG0004081	TC012611	FBgn0034352
OG0001560	TC033158	FBgn0267336,FBgn0085219
OG0007881	TC006523	FBgn0025621
OG0003447	TC031454	FBgn0038621
OG0006719	TC007674	FBgn0004108
OG0000216	TC001010	FBgn0035750,FBgn0035751,FBgn0034486,FBgn0039192,FBgn0086610
OG0004802	TC033838	FBgn0002921
OG0003822	TC015816	FBgn0039554
OG0005654	TC011717	FBgn0262647
OG0002734	TC005463	FBgn0032431
OG0004283	TC006665	FBgn0034585
OG0004736	TC013171	FBgn0033196
OG0006051	TC005303	FBgn0267330
OG0006624	TC002072	FBgn0014037
OG0005464	TC003446	FBgn0287767
OG0002476	TC007644	FBgn0031766
OG0001803	TC032674	FBgn0035308,FBgn0052311
OG0000516	TC008221	FBgn0031367,FBgn0032519,FBgn0030703
OG0000667	TC013252	FBgn0033639
OG0002702	TC005427	FBgn0032337
OG0004128	TC013536	FBgn0029897
OG0005586	TC013327	FBgn0261602
OG0001270	TC011321,TC011322	FBgn0039776
OG0002787	TC013891	FBgn0015791
OG0001689	TC014955	FBgn0050275,FBgn0050268
OG0005797	TC008696	FBgn0034933
OG0000355	TC007761	FBgn0040752
OG0003243	TC000642	FBgn0038163
OG0007301	TC015414,TC015554,TC015599,TC015159,TC010240,TC003807,TC015158,TC005026,TC033405,TC015101,TC015161,TC014887,TC015601,TC015100	FBgn0038878,FBgn0030332,FBgn0031775,FBgn0026268,FBgn0263830,FBgn0036380,FBgn0069973,FBgn0030073
OG0006692	TC034513	FBgn0036732
OG0004456	TC010386	FBgn0033915
OG0004803	TC010520	FBgn0000083
OG0006305	TC003172	FBgn0027085
OG0004565	TC001374	FBgn0033635
OG0006661	TC012676	FBgn0036844
OG0007996	TC009210	FBgn0039067
OG0007296	TC015908	FBgn0036879
OG0007545	TC010799	FBgn0085412
OG0004740	TC007151	FBgn0033191
OG0002149	TC016056	FBgn0029756
OG0003709	TC031630	FBgn0039264
OG0002897	TC013563	FBgn0051800
OG0004583	TC012128	FBgn0033555
OG0006890	TC013870	FBgn0015828
OG0000196	TC033253,TC008298	FBgn0032010
OG0000225	TC034723	FBgn0013342
OG0004883	TC000824	FBgn0025615
OG0006219	TC013994	FBgn0035401
OG0001890	TC005122,TC005123	FBgn0036824
OG0006750	TC001186	FBgn0044028
OG0006328	TC007332	FBgn0030292
OG0001921	TC004689,TC002430	FBgn0036236
OG0003483	TC005461	FBgn0038723
OG0005553	TC009293	FBgn0261286
OG0003469	TC003886	FBgn0016120
OG0005481	TC009087	FBgn0260487
OG0007974	TC001173,TC032200	FBgn0039337
OG0002290	TC008294	FBgn0037094
OG0005606	TC000509	FBgn0261792
OG0007475	TC033970,TC011604	FBgn0032415
OG0004117	TC001135	FBgn0023458
OG0000001	TC001646,TC031776,TC031880,TC030930,TC031078,TC030956,TC004270,TC031008,TC011581,TC015963,TC012958,TC034815,TC012351,TC003603,TC031951,TC034493,TC031881,TC005059,TC005017,TC031701,TC035004,TC031317,TC010097,TC008558,TC031828,TC031352,TC031203,TC031086,TC005142,TC035039,TC001995,TC004208,TC031661,TC034945,TC002103,TC035031,TC031590,TC005090,TC033490,TC030941,TC011274,TC031178,TC005112,TC030955,TC015850,TC030966,TC032964,TC002236,TC008529,TC031854,TC030917,TC014837,TC016103,TC031845,TC002592,TC031070,TC033504,TC001644,TC033921,TC004810,TC030957,TC002271,TC031704,TC005240,TC008560,TC005063,TC031861,TC005244,TC035024,TC006175,TC031937,TC033489,TC034540,TC010304,TC030973,TC032967,TC031864,TC031258,TC031979,TC001509,TC031729,TC031736,TC034922,TC012513,TC031079,TC033486,TC004352,TC011498,TC006071,TC010633,TC006964,TC034293,TC035003,TC031087,TC004286,TC034203,TC006929,TC003833,TC010276,TC031842,TC034382,TC034202,TC001664,TC031855,TC004340,TC033287,TC001483,TC033480,TC030972,TC011483,TC011554,TC009733,TC035015,TC014847,TC002104,TC034914,TC031763,TC012961,TC005274,TC005013,TC001645,TC005297,TC031259,TC006070,TC031910,TC010629,TC030939,TC035009,TC034749,TC030967,TC031662,TC030943,TC002169,TC034934,TC015881,TC004035,TC004175,TC010220,TC008564,TC002199,TC030958,TC016413,TC031602,TC031255,TC004226,TC034211,TC030937,TC012926,TC031167,TC032274,TC002017,TC002025,TC005295,TC034204,TC031700,TC011500,TC005147,TC033297,TC031104,TC031886,TC030934	FBgn0035928
OG0001501	TC004674	FBgn0036144
OG0005412	TC011068	FBgn0250871
OG0005224	TC007678	FBgn0030336
OG0003069	TC016369	FBgn0040534
OG0000301	TC008031,TC015888	FBgn0037579,FBgn0085201,FBgn0040529
OG0002488	TC034906	FBgn0287695
OG0003208	TC009561	FBgn0037998
OG0000107	TC032245,TC001579,TC031029,TC001549,TC032349,TC032247	FBgn0053531
OG0005682	TC002085	FBgn0263109
OG0007487	TC014960	FBgn0259242
OG0003484	TC006724	FBgn0038737
OG0001420	TC032313	FBgn0033212
OG0001015	TC005313	FBgn0028868,FBgn0005322
OG0004822	TC014330	FBgn0037153
OG0005573	TC013036	FBgn0261530
OG0000804	TC011522,TC000238,TC007689	FBgn0283427
OG0002788	TC013148	FBgn0001970
OG0003818	TC012585	FBgn0039561
OG0006606	TC014802	FBgn0288469
OG0001013	TC013574	FBgn0032242,FBgn0032969
OG0004801	TC004929	FBgn0001098
OG0007825	TC008551,TC032525,TC032527,TC010555	FBgn0033845
OG0007960	TC004188,TC034916,TC031612,TC014952	FBgn0031317
OG0002551	TC003018	FBgn0031961
OG0004226	TC010678	FBgn0014868
OG0006209	TC003669	FBgn0035374
OG0005331	TC007006	FBgn0086130
OG0002161	TC000177	FBgn0052758
OG0004613	TC007769	FBgn0000715
OG0002300	TC015607	FBgn0037108
OG0005877	TC007452	FBgn0035142
OG0001509	TC001321	FBgn0039157
OG0006976	TC000791	FBgn0040827
OG0002375	TC009513	FBgn0044823
OG0002196	TC034663	FBgn0020305
OG0002453	TC009252	FBgn0031730
OG0003575	TC030601	FBgn0038951
OG0001079	TC010099	FBgn0002306
OG0001384	TC009930	FBgn0011592
OG0000627	TC034807	FBgn0034362,FBgn0034363,FBgn0030071
OG0003803	TC009766	FBgn0016061
OG0004662	TC003747	FBgn0033400
OG0004785	TC007419	FBgn0039938
OG0001865	TC001711	FBgn0026313
OG0002784	TC002084	FBgn0028932
OG0006569	TC011399	FBgn0031023
OG0005771	TC032353	FBgn0034931
OG0000511	TC008448,TC007053,TC007733	FBgn0015400
OG0007405	TC000176,TC004452,TC004438,TC004439	FBgn0262473
OG0003157	TC014289	FBgn0037874
OG0000889	TC001573	FBgn0040356,FBgn0034722
OG0005567	TC004606	FBgn0261456
OG0001994	TC034845	FBgn0052350
OG0006450	TC007615	FBgn0030655
OG0005167	TC031557	FBgn0002283
OG0008053	TC033726	FBgn0033826
OG0000609	TC004958,TC004955	FBgn0039617
OG0001049	TC001885	FBgn0002673,FBgn0003525
OG0004048	TC004634	FBgn0034432
OG0002458	TC000688	FBgn0001128
OG0005735	TC007567	FBgn0021979
OG0006412	TC014466	FBgn0001612
OG0005763	TC004961	FBgn0034894
OG0004410	TC003798	FBgn0013467
OG0003700	TC030651	FBgn0039226
OG0007717	TC015011,TC010231,TC004002	FBgn0032769,FBgn0032768
OG0002951	TC032630	FBgn0032911
OG0002005	TC003400	FBgn0040370
OG0003082	TC001960	FBgn0037688
OG0005219	TC033841	FBgn0053082
OG0005518	TC010010	FBgn0260962
OG0006956	TC001287	FBgn0035980
OG0002441	TC001919	FBgn0031700
OG0001161	TC004968	FBgn0027948
OG0003301	TC009670	FBgn0038300
OG0000678	TC014895	FBgn0050354,FBgn0260008
OG0007145	TC005572	FBgn0026323
OG0006406	TC002174	FBgn0030518
OG0002113	TC002914	FBgn0003285
OG0005963	TC008856	FBgn0264753
OG0002866	TC030698	FBgn0032689
OG0006998	TC005758	FBgn0035901
OG0000018	TC030229,TC030255,TC030220,TC034229,TC033589,TC030218,TC030256,TC030271,TC030225,TC030227,TC030226,TC032262,TC030228,TC030219,TC030222,TC030221	FBgn0259683
OG0003657	TC009608	FBgn0005649
OG0006284	TC004622	FBgn0011653
OG0006254	TC007261	FBgn0026592
OG0002525	TC013707	FBgn0031902
OG0002496	TC009771	FBgn0031851
OG0002633	TC034431	FBgn0032222
OG0002232	TC010521	FBgn0031239
OG0007239	TC015691	FBgn0031436
OG0007866	TC011981,TC010855	FBgn0032405,FBgn0029994
OG0005329	TC008650	FBgn0085512
OG0004502	TC008302	FBgn0033753
OG0007878	TC034844,TC005664	FBgn0033785
OG0001317	TC015318	FBgn0265271,FBgn0029942
OG0005710	TC001317	FBgn0034743
OG0005899	TC011923	FBgn0263351
OG0005297	TC003465	FBgn0085188
OG0001139	TC005565	FBgn0041710,FBgn0038105
OG0006850	TC014760	FBgn0036286
OG0004129	TC006759	FBgn0029892
OG0002752	TC009783	FBgn0051729
OG0000423	TC032148	FBgn0266579
OG0006175	TC004358	FBgn0035243
OG0007246	TC010402	FBgn0031413
OG0005361	TC015223	FBgn0086676
OG0001243	TC001075	FBgn0039501,FBgn0034459
OG0003461	TC004658	FBgn0038675
OG0001067	TC010679	FBgn0032876
OG0006321	TC008840	FBgn0027498
OG0005845	TC008970	FBgn0022343
OG0000843	TC007566	FBgn0036518
OG0002470	TC014725	FBgn0031779
OG0003865	TC007535	FBgn0039680
OG0004300	TC000269	FBgn0034636
OG0002738	TC011702	FBgn0032451
OG0007141	TC009539	FBgn0027334
OG0000283	TC008603,TC001964,TC014187,TC009574	FBgn0031952
OG0001478	TC005652,TC011140	FBgn0031097
OG0004374	TC009118	FBgn0034067
OG0007945	TC009993,TC035033	FBgn0288967
OG0001199	TC002673	FBgn0013759
OG0007784	TC008111	FBgn0250850
OG0004484	TC006857	FBgn0027079
OG0000387	TC011295,TC008487,TC011126	FBgn0026086
OG0004417	TC002932	FBgn0011660
OG0000093	TC012550	FBgn0085481,FBgn0085480
OG0006735	TC014612	FBgn0017572
OG0003194	TC010451	FBgn0037979
OG0003381	TC009511	FBgn0015351
OG0002828	TC003307	FBgn0032597
OG0002771	TC013703	FBgn0032516
OG0005641	TC034974	FBgn0262126
OG0006832	TC013431	FBgn0011284
OG0002943	TC033264	FBgn0051678
OG0002353	TC006470	FBgn0037382
OG0003413	TC003528	FBgn0038552
OG0007760	TC001851,TC012222,TC001408	FBgn0028484
OG0004494	TC000592	FBgn0033794
OG0006762	TC006362	FBgn0036545
OG0002953	TC011968	FBgn0032916
OG0002511	TC000871	FBgn0031879
OG0007763	TC005531,TC033348	FBgn0033887
OG0006273	TC009808	FBgn0041630
OG0002666	TC007046	FBgn0032208
OG0003850	TC001461	FBgn0041588
OG0005225	TC031929	FBgn0031762
OG0007204	TC001753	FBgn0005616
OG0003705	TC012307	FBgn0039254
OG0003166	TC001617	FBgn0037894
OG0006824	TC005502	FBgn0036360
OG0000739	TC033053	FBgn0259111
OG0002354	TC032171	FBgn0037378
OG0003138	TC012532	FBgn0015396
OG0007708	TC006202,TC006201	FBgn0029834
OG0005588	TC010161	FBgn0261609
OG0000458	TC002864	FBgn0028379,FBgn0029687
OG0000766	TC033980	FBgn0261854
OG0005643	TC009963	FBgn0262166
OG0002320	TC001541	FBgn0011771
OG0005437	TC004416	FBgn0259222
OG0005294	TC000711	FBgn0039993
OG0007898	TC031755	FBgn0035316
OG0007024	TC003234	FBgn0035853
OG0004856	TC008015	FBgn0023175
OG0006248	TC003642	FBgn0035449
OG0007350	TC007697,TC008096	FBgn0260632
OG0002979	TC033300	FBgn0001112
OG0006188	TC010457	FBgn0035323
OG0005140	TC034156	FBgn0053958
OG0002713	TC000223	FBgn0032398
OG0004108	TC005471	FBgn0027872
OG0003976	TC011240	FBgn0027507
OG0007154	TC013920	FBgn0031188
OG0006043	TC011255	FBgn0266719
OG0003953	TC013543	FBgn0039877
OG0003765	TC015120	FBgn0039419
OG0002926	TC030021	FBgn0032840
OG0004243	TC013878	FBgn0028331
OG0005563	TC030655	FBgn0261437
OG0004450	TC014247	FBgn0033918
OG0001071	TC014024	FBgn0032901
OG0000859	TC012258	FBgn0000256
OG0004325	TC004468	FBgn0010409
OG0003346	TC013404	FBgn0038394
OG0007321	TC001497	FBgn0053848
OG0006138	TC013007	FBgn0010786
OG0007364	TC014442	FBgn0031637
OG0002240	TC032312	FBgn0024887
OG0007854	TC016191,TC016192	FBgn0260446
OG0006655	TC012675	FBgn0036849
OG0003561	TC011310	FBgn0038927
OG0000973	TC014413	FBgn0014189
OG0000601	TC033399	FBgn0261993,FBgn0261994,FBgn0039193
OG0005919	TC014728	FBgn0263780
OG0007157	TC000274	FBgn0031632
OG0003147	TC034773	FBgn0017577
OG0004328	TC015374	FBgn0034223
OG0000868	TC015024,TC033929	FBgn0025633
OG0005546	TC013922	FBgn0261268
OG0003962	TC000577	FBgn0025674
OG0001999	TC008383	FBgn0023536
OG0007013	TC014743	FBgn0010350
OG0003159	TC010587	FBgn0037891
OG0000740	TC008321,TC007996,TC032793	FBgn0259150
OG0004350	TC032214	FBgn0011260
OG0003057	TC013284	FBgn0037652
OG0005510	TC006472	FBgn0260862
OG0006330	TC031384	FBgn0030289
OG0003526	TC002261	FBgn0038851
OG0006650	TC015057	FBgn0026630
OG0004857	TC032303	FBgn0010329
OG0006657	TC013705	FBgn0036851
OG0006075	TC014322	FBgn0267861
OG0004852	TC005819	FBgn0032907
OG0007129	TC012416	FBgn0000709
OG0005914	TC004234	FBgn0263697
OG0004617	TC009469	FBgn0000606
OG0002361	TC001085	FBgn0037341
OG0008027	TC015499	FBgn0015359
OG0004381	TC005496	FBgn0015754
OG0001624	TC002978	FBgn0260936
OG0002199	TC010614	FBgn0026438
OG0006353	TC013182	FBgn0030352
OG0005260	TC009058	FBgn0083950
OG0002195	TC033125	FBgn0002936
OG0004173	TC000365	FBgn0029969
OG0005720	TC002922	FBgn0034791
OG0000050	TC001143	FBgn0051286,FBgn0051482,FBgn0052313,FBgn0261832
OG0003655	TC000357	FBgn0039151
OG0005157	TC014794	FBgn0031995
OG0006713	TC012619	FBgn0036696
OG0001819	TC008058,TC007061	FBgn0030304
OG0007718	TC001850,TC012247	FBgn0034240
OG0005579	TC006808	FBgn0261560
OG0003376	TC004123	FBgn0038421
OG0004025	TC014405	FBgn0010411
OG0003180	TC014274	FBgn0003312
OG0003001	TC003548	FBgn0037443
OG0005248	TC003235	FBgn0039966
OG0007014	TC001346	FBgn0002899
OG0001156	TC034022,TC034734	FBgn0038344
OG0000002	TC013380	FBgn0038301
OG0002549	TC007869	FBgn0031973
OG0001406	TC005855	FBgn0003071
OG0002976	TC009107	FBgn0037490
OG0002058	TC007481	FBgn0025625
OG0004869	TC000882	FBgn0030545
OG0007751	TC033867,TC010113	FBgn0004197
OG0003568	TC011289	FBgn0038947
OG0007557	TC006231,TC006232	FBgn0000406,FBgn0032603
OG0003636	TC009675	FBgn0015282
OG0003487	TC003222	FBgn0038747
OG0002278	TC005167	FBgn0026179
OG0005195	TC008408	FBgn0010488
OG0003314	TC034683	FBgn0038331
OG0001907	TC004895,TC004901	FBgn0036494
OG0007085	TC034633	FBgn0035696
OG0007058	TC002977	FBgn0035756
OG0004609	TC008043	FBgn0026403
OG0005309	TC012301	FBgn0085384
OG0006587	TC015049	FBgn0052533
OG0005950	TC010853	FBgn0264492
OG0006664	TC008341	FBgn0052204
OG0000891	TC031743	FBgn0040396,FBgn0000318
OG0001189	TC005763	FBgn0040877,FBgn0040571
OG0004870	TC032628	FBgn0026713
OG0002399	TC015403	FBgn0037263
OG0006374	TC006020	FBgn0030395
OG0006064	TC009375	FBgn0267488
OG0007326	TC001259,TC001260,TC001262,TC001261	FBgn0051233,FBgn0051198,FBgn0051343
OG0005522	TC007626	FBgn0260972
OG0002465	TC010818	FBgn0031770
OG0002689	TC000041	FBgn0032305
OG0004361	TC001004	FBgn0034138
OG0001460	TC001324	FBgn0039114
OG0006805	TC000547	FBgn0036436
OG0001887	TC013033,TC013335	FBgn0010417
OG0005738	TC002133	FBgn0034817
OG0002853	TC007927	FBgn0286781
OG0006208	TC016380	FBgn0044452
OG0005530	TC002297	FBgn0261049
OG0007045	TC002338	FBgn0035812
OG0007614	TC012583,TC012582	FBgn0016696
OG0004765	TC030907	FBgn0026777
OG0002624	TC007420	FBgn0032192
OG0002863	TC008033	FBgn0032694
OG0004016	TC009494	FBgn0000615
OG0006126	TC001384	FBgn0285911
OG0000620	TC011678,TC011677	FBgn0033042,FBgn0033629
OG0004871	TC002530	FBgn0030552
OG0005939	TC031479	FBgn0264075
OG0000546	TC014389	FBgn0051248,FBgn0051493
OG0007247	TC007799	FBgn0031384
OG0007724	TC011912,TC011913	FBgn0037239
OG0003596	TC011954	FBgn0039009
OG0008041	TC011941	FBgn0261386
OG0000833	TC003503	FBgn0036159,FBgn0030803
OG0006329	TC014903	FBgn0000499
OG0001549	TC002107	FBgn0040056
OG0004690	TC004326	FBgn0028836
OG0003730	TC009923	FBgn0039305
OG0006365	TC005612	FBgn0030328
OG0002874	TC009789	FBgn0032719
OG0002662	TC009042	FBgn0032216
OG0005341	TC033711	FBgn0086368
OG0001006	TC015880,TC000821	FBgn0032116
OG0006555	TC001638	FBgn0030976
OG0005063	TC013697	FBgn0032957
OG0002694	TC012908	FBgn0032358
OG0007606	TC000480	FBgn0039380
OG0002936	TC013519	FBgn0011638
OG0001825	TC033152	FBgn0031042,FBgn0030359
OG0006487	TC001643	FBgn0030734
OG0005269	TC034116	FBgn0083981
OG0003963	TC001379	FBgn0032986
OG0006053	TC030677	FBgn0267351
OG0000816	TC004311	FBgn0052264
OG0006490	TC034040	FBgn0004367
OG0001084	TC015026	FBgn0037448
OG0006420	TC003758	FBgn0030571
OG0003262	TC032156	FBgn0038197
OG0007787	TC008648	FBgn0004864
OG0004935	TC002994	FBgn0032154
OG0003948	TC033019	FBgn0039863
OG0001598	TC034399	FBgn0259110
OG0001246	TC009966	FBgn0030733,FBgn0039576
OG0007313	TC032162	FBgn0037515
OG0002226	TC011949	FBgn0031247
OG0002359	TC005176	FBgn0010051
OG0002222	TC015975	FBgn0031229
OG0000452	TC007894	FBgn0000667
OG0004275	TC003653	FBgn0050394
OG0004465	TC012023	FBgn0033890
OG0005962	TC010921	FBgn0264742
OG0002069	TC006817	FBgn0026090
OG0002283	TC013995	FBgn0041100
OG0007050	TC008786	FBgn0002909
OG0001515	TC010875	FBgn0024963
OG0005299	TC004823	FBgn0085224
OG0004050	TC015626	FBgn0040273
OG0005463	TC012119	FBgn0259938
OG0004257	TC031468	FBgn0034572
OG0003815	TC012304	FBgn0039560
OG0003077	TC008704	FBgn0037684
OG0005143	TC002382	FBgn0038131
OG0007188	TC007861	FBgn0031571
OG0002640	TC015393	FBgn0032235
OG0001144	TC034658	FBgn0038127,FBgn0260775
OG0003589	TC000612	FBgn0038974
OG0005042	TC012521	FBgn0024836
OG0006722	TC031160	FBgn0021768
OG0004501	TC010506	FBgn0033778
OG0000204	TC031003,TC033599,TC009665	FBgn0032801,FBgn0032810,FBgn0032809
OG0003412	TC004610	FBgn0038545
OG0006279	TC006451	FBgn0041171
OG0004222	TC003572	FBgn0052704
OG0007838	TC033546	FBgn0265193
OG0001586	TC001944,TC007209	FBgn0086768
OG0006306	TC005485	FBgn0035581
OG0005398	TC010805	FBgn0250786
OG0003639	TC009294	FBgn0039139
OG0002636	TC004143	FBgn0032225
OG0006351	TC030914	FBgn0030343
OG0007892	TC013502,TC013503	FBgn0051935
OG0007935	TC014362,TC004131	FBgn0285950
OG0005303	TC000233	FBgn0085284
OG0003056	TC015973	FBgn0037648
OG0005730	TC003392	FBgn0019949
OG0003031	TC008838	FBgn0003129
OG0006642	TC004130	FBgn0005564
OG0002372	TC010038	FBgn0037364
OG0003400	TC011081	FBgn0025571
OG0002767	TC007649	FBgn0051849
OG0003222	TC016216	FBgn0038056
OG0000457	TC032035	FBgn0023215
OG0005506	TC013212	FBgn0260858
OG0007801	TC006410	FBgn0052121
OG0003614	TC004115	FBgn0039109
OG0000514	TC007251	FBgn0051730,FBgn0031043,FBgn0051851
OG0002356	TC030605	FBgn0037372
OG0004142	TC030639	FBgn0029935
OG0002239	TC014177	FBgn0036975
OG0005187	TC030679	FBgn0004087
OG0007421	TC001192	FBgn0260635
OG0002099	TC016125	FBgn0024996
OG0001060	TC010814	FBgn0024245,FBgn0015380
OG0000914	TC007147	FBgn0029835
OG0001331	TC034050	FBgn0002576
OG0005576	TC014492	FBgn0261535
OG0003295	TC015749	FBgn0038272
OG0004242	TC010104	FBgn0030196
OG0004615	TC009638	FBgn0027619
OG0003894	TC009770	FBgn0039743
OG0004193	TC001334	FBgn0040929
OG0004503	TC005310	FBgn0033755
OG0007706	TC031576,TC001760	FBgn0014135
OG0000130	TC013166	FBgn0036411
OG0007293	TC031243	FBgn0020503
OG0005692	TC000030	FBgn0263251
OG0002764	TC009968	FBgn0032487
OG0000153	TC000224	FBgn0085506,FBgn0015300,FBgn0026136,FBgn0053242,FBgn0000259,FBgn0053236
OG0005230	TC008426	FBgn0040344
OG0006027	TC000825	FBgn0266581
OG0004756	TC008827	FBgn0033153
OG0007139	TC010433	FBgn0031149
OG0000379	TC013590	FBgn0053653
OG0007819	TC005765	FBgn0250908
OG0004315	TC006809	FBgn0034705
OG0002765	TC012628	FBgn0032485
OG0001805	TC015216	FBgn0035400
OG0001688	TC010503	FBgn0034720
OG0006678	TC033221	FBgn0036812
OG0004077	TC009929	FBgn0034364
OG0005551	TC035013	FBgn0261284
OG0001618	TC013407,TC006758	FBgn0260486
OG0006801	TC005994	FBgn0036454
OG0003099	TC012278	FBgn0005585
OG0002832	TC014471	FBgn0004797
OG0005103	TC034297	FBgn0003742
OG0003622	TC002309	FBgn0043005
OG0004936	TC034748	FBgn0031089
OG0004573	TC004399	FBgn0033609
OG0000071	TC032944	FBgn0037571,FBgn0085488,FBgn0038218,FBgn0030881,FBgn0037572,FBgn0038219,FBgn0039376,FBgn0038217
OG0001533	TC010609	FBgn0041789
OG0002175	TC007916	FBgn0029003
OG0003229	TC000188	FBgn0001217
OG0002229	TC031227	FBgn0017457
OG0005243	TC034604	FBgn0054045
OG0002709	TC000372	FBgn0051866
OG0000935	TC008773	FBgn0052438
OG0002521	TC014298	FBgn0031896
OG0003562	TC011201	FBgn0038926
OG0002512	TC002933	FBgn0016978
OG0005351	TC031293	FBgn0086448
OG0006045	TC007973	FBgn0266724
OG0006214	TC003652	FBgn0035393
OG0003646	TC012325	FBgn0039158
OG0006936	TC032287	FBgn0027567
OG0000006	TC014091,TC010962,TC033612,TC009891,TC014089,TC014386,TC011800,TC033151,TC033390,TC014775,TC010434,TC014379,TC009892,TC008570,TC031266,TC033150,TC014092,TC031307,TC015346,TC034098,TC014383,TC014776,TC014403,TC014090,TC014382,TC014589,TC014880,TC013751,TC013749,TC013752	FBgn0032026
OG0006072	TC014956	FBgn0267823
OG0004291	TC002142	FBgn0034655
OG0005286	TC011145	FBgn0046706
OG0006428	TC006526	FBgn0030610
OG0004598	TC010990	FBgn0005586
OG0003807	TC012834	FBgn0039528
OG0006563	TC007066	FBgn0031010
OG0002570	TC014755	FBgn0032030
OG0001435	TC003068	FBgn0024698
OG0005390	TC013052	FBgn0087013
OG0002132	TC015544	FBgn0029708
OG0004045	TC000467	FBgn0034451
OG0003585	TC015429	FBgn0038984
OG0006537	TC009938	FBgn0022724
OG0000923	TC006301,TC000020	FBgn0003278
OG0004750	TC008669	FBgn0033179
OG0005516	TC003978	FBgn0260959
OG0005501	TC010133	FBgn0260812
OG0002373	TC012875	FBgn0037360
OG0001636	TC000097,TC009455	FBgn0261269
OG0000435	TC009504	FBgn0063485
OG0002380	TC006753	FBgn0037336
OG0002638	TC002356	FBgn0032231
OG0007909	TC003273	FBgn0036361,FBgn0036363,FBgn0036362
OG0000111	TC002855	FBgn0003435
OG0005646	TC009753	FBgn0262476
OG0001837	TC011621	FBgn0030508
OG0004321	TC011541	FBgn0022029
OG0004288	TC008873	FBgn0034645
OG0000110	TC013055	FBgn0013576
OG0000590	TC012730,TC012729	FBgn0038924,FBgn0036346
OG0002603	TC001682	FBgn0011207
OG0003904	TC006106	FBgn0002626
OG0005811	TC008204	FBgn0287831
OG0003892	TC011379	FBgn0039728
OG0006517	TC031579	FBgn0024238
OG0001030	TC016161,TC005546	FBgn0021796
OG0001993	TC004717	FBgn0031318,FBgn0031319
OG0001753	TC015471	FBgn0031059,FBgn0265041
OG0001295	TC000349,TC034311	FBgn0034484
OG0005228	TC015628	FBgn0039924
OG0004681	TC030755	FBgn0003074
OG0002957	TC005725	FBgn0010100
OG0005983	TC034622	FBgn0265182
OG0005812	TC009385	FBgn0015544
OG0001154	TC000396,TC014151	FBgn0038324
OG0003524	TC001355	FBgn0051195
OG0005740	TC033321	FBgn0034814
OG0007231	TC007074	FBgn0031449
OG0003162	TC001365	FBgn0037878
OG0001003	TC013743	FBgn0031047,FBgn0032089
OG0002725	TC005524	FBgn0032420
OG0002185	TC000528	FBgn0029874
OG0003207	TC010453	FBgn0038016
OG0000726	TC030554	FBgn0036531,FBgn0063670
OG0007166	TC013911	FBgn0287234
OG0002342	TC032197	FBgn0026077
OG0003063	TC002658	FBgn0037670
OG0007588	TC007032,TC032904,TC011039,TC007029,TC007030,TC032906,TC032905	FBgn0039768,FBgn0039769
OG0005414	TC012734	FBgn0250907
OG0001150	TC000524	FBgn0262514,FBgn0028662
OG0003168	TC015802	FBgn0037902
OG0005083	TC008315	FBgn0002524
OG0006861	TC013041	FBgn0036288
OG0003154	TC007575	FBgn0051390
OG0006388	TC001566	FBgn0030456
OG0002238	TC004489	FBgn0036974
OG0007900	TC031400	FBgn0036348
OG0001044	TC014756	FBgn0030663,FBgn0010422
OG0003656	TC002671	FBgn0039150
OG0004238	TC015440	FBgn0028480
OG0003964	TC030743	FBgn0032988
OG0001054	TC008274	FBgn0040010,FBgn0051802
OG0002885	TC013479	FBgn0002022
OG0001296	TC004931	FBgn0029925,FBgn0034485
OG0004916	TC010168	FBgn0033005
OG0001305	TC004449	FBgn0027590,FBgn0034354
OG0004024	TC008216	FBgn0034491
OG0002993	TC014172	FBgn0053202
OG0005237	TC034821	FBgn0053544
OG0000396	TC031392	FBgn0259170
OG0001521	TC011121	FBgn0036128,FBgn0052072
OG0003676	TC002339	FBgn0039210
OG0002066	TC011841	FBgn0023516
OG0002839	TC006281	FBgn0027779
OG0001929	TC012925,TC012919	FBgn0052068
OG0004359	TC015051	FBgn0034142
OG0004733	TC011388	FBgn0033206
OG0005865	TC034826	FBgn0035109
OG0003393	TC012725	FBgn0038473
OG0006720	TC006980	FBgn0036661
OG0000023	TC010063	FBgn0033573,FBgn0046879,FBgn0043539,FBgn0034475,FBgn0034471,FBgn0043532,FBgn0030985,FBgn0034468,FBgn0034470,FBgn0043533,FBgn0046880,FBgn0034474,FBgn0043530
OG0002610	TC012691	FBgn0032147
OG0005787	TC000244	FBgn0013764
OG0007506	TC010013,TC002415	FBgn0025111
OG0002325	TC002622	FBgn0037184
OG0004111	TC034198	FBgn0050106
OG0005988	TC001174	FBgn0265192
OG0004156	TC003481	FBgn0027553
OG0000820	TC014749,TC001976,TC034609	FBgn0035575
OG0006681	TC006701	FBgn0013717
OG0000495	TC012174,TC002761	FBgn0042189,FBgn0031859
OG0004655	TC009647	FBgn0003612
OG0006032	TC005817	FBgn0266667
OG0005659	TC002963	FBgn0262716
OG0000734	TC011797	FBgn0086913
OG0004276	TC013117	FBgn0034614
OG0004562	TC033566	FBgn0033615
OG0007331	TC015978,TC015979,TC005623,TC034107,TC005624,TC015980	FBgn0010548
OG0007799	TC007921,TC009926	FBgn0259876
OG0001481	TC015532	FBgn0004648
OG0002736	TC013194	FBgn0032445
OG0006763	TC006623	FBgn0036549
OG0000168	TC011232,TC014773,TC003394,TC008020	FBgn0261563
OG0002819	TC007856	FBgn0015338
OG0003923	TC011555	FBgn0039816
OG0006709	TC006313	FBgn0036686
OG0007429	TC009166,TC009643,TC009641,TC009644,TC034772,TC009452,TC033596	FBgn0036749,FBgn0035943,FBgn0033584
OG0008038	TC014859	FBgn0051223
OG0000712	TC031721	FBgn0025726
OG0005149	TC000085	FBgn0013799
OG0001344	TC034489	FBgn0021872
OG0000402	TC033471	FBgn0262483
OG0005513	TC012433	FBgn0260935
OG0002895	TC014106	FBgn0002021
OG0005175	TC001356	FBgn0032391
OG0006143	TC003519	FBgn0035211
OG0002798	TC003544	FBgn0028888
OG0006702	TC008147	FBgn0052177
OG0005191	TC012099	FBgn0036306
OG0006074	TC032389	FBgn0267849
OG0002968	TC015614	FBgn0032945
OG0002758	TC004373	FBgn0032514
OG0004447	TC013385	FBgn0033901
OG0006427	TC030572	FBgn0030611
OG0003516	TC004892	FBgn0038834
OG0004851	TC008343	FBgn0025682
OG0003323	TC011468	FBgn0027378
OG0002204	TC012545	FBgn0004583
OG0006732	TC009027	FBgn0040512
OG0002245	TC005307	FBgn0037009
OG0006561	TC030573	FBgn0031003
OG0004254	TC010837	FBgn0034558
OG0005782	TC030575	FBgn0034962
OG0002155	TC006096	FBgn0029821
OG0006307	TC008135	FBgn0028699
OG0006768	TC000707	FBgn0036500
OG0002616	TC010832	FBgn0000180
OG0004394	TC009488	FBgn0034046
OG0005349	TC010945	FBgn0086445
OG0007555	TC034532,TC010337	FBgn0035679
OG0005911	TC003293	FBgn0263605
OG0005842	TC006850	FBgn0035057
OG0000187	TC007034	FBgn0030840,FBgn0031142,FBgn0037101,FBgn0037502,FBgn0034467
OG0000276	TC011828	FBgn0037424
OG0004329	TC012175	FBgn0025716
OG0007841	TC013229	FBgn0287597
OG0000585	TC011745	FBgn0004110
OG0004065	TC012418	FBgn0034380
OG0005107	TC016309	FBgn0001099
OG0002335	TC011660	FBgn0037414
OG0003727	TC012991	FBgn0039293
OG0006382	TC007507	FBgn0030434
OG0003215	TC030579	FBgn0011745
OG0001750	TC002587	FBgn0264607
OG0005990	TC012326	FBgn0265351
OG0006433	TC008371	FBgn0030584
OG0005436	TC007810	FBgn0259221
OG0001299	TC032612	FBgn0025866,FBgn0012051
OG0003758	TC000482	FBgn0039407
OG0007628	TC030994	FBgn0051547
OG0004126	TC003331	FBgn0029909
OG0003124	TC000886	FBgn0027524
OG0006421	TC013231	FBgn0030572
OG0001558	TC008996	FBgn0287186
OG0006984	TC000196	FBgn0035923
OG0007782	TC006018,TC034817,TC033962	FBgn0288700
OG0001621	TC013424	FBgn0260742
OG0004169	TC006239	FBgn0029980
OG0004997	TC011114	FBgn0004606
OG0001713	TC007101	FBgn0004919
OG0002861	TC005493	FBgn0032685
OG0005162	TC031495	FBgn0011272
OG0001645	TC004628	FBgn0261625
OG0005739	TC002569	FBgn0003062
OG0004425	TC006332	FBgn0033983
OG0007241	TC008459	FBgn0031424
OG0005613	TC033268	FBgn0261811
OG0003285	TC033086	FBgn0038248
OG0002032	TC007082	FBgn0025641
OG0001878	TC014780	FBgn0031048,FBgn0031045
OG0002158	TC008869	FBgn0029818
OG0000411	TC004513,TC032393	FBgn0035097,FBgn0031545,FBgn0031546
OG0007096	TC002557	FBgn0035649
OG0005327	TC003259	FBgn0085484
OG0000025	TC031287,TC034142,TC034047,TC006631,TC034141,TC005491,TC006634,TC006633,TC005490,TC005488,TC034847	FBgn0028513,FBgn0010497
OG0006343	TC007672	FBgn0004370
OG0002679	TC014037	FBgn0027363
OG0006129	TC031140	FBgn0285926
OG0000857	TC016227,TC000971	FBgn0031107
OG0007748	TC010440,TC004781	FBgn0031057
OG0000269	TC015376	FBgn0029752,FBgn0011761,FBgn0036442,FBgn0040070
OG0000250	TC000576	FBgn0264489
OG0001718	TC000142,TC031625	FBgn0035165
OG0001871	TC013604	FBgn0027335
OG0004519	TC013128	FBgn0050045
OG0003945	TC009329	FBgn0039846
OG0006551	TC007448	FBgn0030964
OG0000317	TC006229	FBgn0038151,FBgn0034856,FBgn0041712,FBgn0038150
OG0005611	TC032639	FBgn0261801
OG0004489	TC000373	FBgn0033816
OG0001193	TC011639	FBgn0024944
OG0004775	TC015322	FBgn0010217
OG0001969	TC034344	FBgn0026319
OG0007035	TC012540	FBgn0035830
OG0001705	TC004911	FBgn0004101
OG0003042	TC013249	FBgn0037610
OG0000019	TC014919,TC014834,TC009741,TC032692,TC014825,TC030911,TC012173,TC034282,TC001860,TC002159,TC006832,TC014826,TC034962,TC032282,TC001994	FBgn0263400
OG0000172	TC034277	FBgn0263980
OG0003511	TC013676	FBgn0038804
OG0000236	TC034650	FBgn0027359
OG0002437	TC014636	FBgn0031696
OG0000285	TC007584	FBgn0032006
OG0008004	TC034904,TC010306	FBgn0029882
OG0001080	TC010549	FBgn0045843,FBgn0086356
OG0007629	TC031825,TC006388	FBgn0027538
OG0000519	TC000868	FBgn0004858
OG0004510	TC006495	FBgn0020930
OG0002357	TC014911	FBgn0037329
OG0002469	TC002221	FBgn0031782
OG0004239	TC008382	FBgn0030208
OG0005632	TC004591	FBgn0261999
OG0005884	TC002162	FBgn0035146
OG0004881	TC000568	FBgn0022942
OG0004467	TC033680	FBgn0013733
OG0006477	TC012429	FBgn0052581
OG0003763	TC034017	FBgn0039415
OG0007862	TC007047	FBgn0031516
OG0000508	TC002804	FBgn0028573,FBgn0032283,FBgn0003313
OG0004769	TC034719	FBgn0051998
OG0005138	TC009742	FBgn0035766
OG0006880	TC008019	FBgn0036214
OG0000281	TC005561	FBgn0030872,FBgn0031758,FBgn0031757
OG0006454	TC030760	FBgn0027329
OG0002751	TC002432	FBgn0032499
OG0003769	TC014639	FBgn0039429
OG0002888	TC030752	FBgn0032749
OG0005638	TC002074	FBgn0262117
OG0004960	TC009185	FBgn0033911
OG0004377	TC014364	FBgn0001124
OG0002996	TC033102	FBgn0037436
OG0004590	TC008848	FBgn0027525
OG0003543	TC000380	FBgn0038869
OG0002495	TC002590	FBgn0028467
OG0005182	TC012600	FBgn0038980
OG0000758	TC000797	FBgn0261549
OG0004839	TC034303	FBgn0031518
OG0006378	TC006132	FBgn0030417
OG0007871	TC007805,TC007816	FBgn0003479
OG0001641	TC008727	FBgn0261395,FBgn0261394
OG0002852	TC013924	FBgn0024689
OG0006216	TC013304	FBgn0035379
OG0003635	TC015381	FBgn0039131
OG0003203	TC006385	FBgn0029512
OG0005047	TC006679	FBgn0051992
OG0001608	TC033105	FBgn0259735
OG0003242	TC002386	FBgn0038134
OG0004827	TC010876	FBgn0023023
OG0002651	TC000784	FBgn0032251
OG0005878	TC011037	FBgn0035145
OG0005152	TC013061	FBgn0027094
OG0000577	TC004846	FBgn0003499
OG0004570	TC008639	FBgn0033623
OG0001592	TC032240,TC010766	FBgn0243512
OG0000783	TC015931	FBgn0035060
OG0001355	TC007350	FBgn0034184
OG0003572	TC012306	FBgn0038964
OG0000550	TC000676	FBgn0037548,FBgn0037547
OG0007119	TC003389	FBgn0035591
OG0003014	TC012677	FBgn0037551
OG0004194	TC013858	FBgn0026679
OG0004723	TC004604	FBgn0023171
OG0006711	TC003883	FBgn0036695
OG0004249	TC009541	FBgn0030228
OG0005159	TC014927	FBgn0014464
OG0000581	TC000185	FBgn0038826
OG0004347	TC009450	FBgn0014870
OG0001724	TC034041	FBgn0263354
OG0001338	TC032954,TC031117	FBgn0052702
OG0003131	TC015661	FBgn0037781
OG0007022	TC009716	FBgn0035865
OG0001111	TC003774	FBgn0028734
OG0001697	TC004769	FBgn0034970
OG0001922	TC007964	FBgn0036239
OG0000563	TC030950	FBgn0038135,FBgn0262844
OG0001605	TC000040	FBgn0259243
OG0005967	TC008974	FBgn0264848
OG0007508	TC011171	FBgn0038201
OG0005267	TC012867	FBgn0083976
OG0005552	TC004384	FBgn0261285
OG0004038	TC013087	FBgn0002716
OG0001934	TC003443,TC032520	FBgn0036028
OG0006844	TC011520	FBgn0036319
OG0003305	TC000462	FBgn0016691
OG0007056	TC010995	FBgn0035767
OG0003438	TC009563	FBgn0038588
OG0004707	TC007382	FBgn0033252
OG0003455	TC005756	FBgn0038649
OG0001170	TC008754	FBgn0038861,FBgn0038471
OG0003778	TC013116	FBgn0039463
OG0000904	TC033096,TC010425	FBgn0029771
OG0005061	TC007223	FBgn0031530
OG0005240	TC009768	FBgn0038156
OG0006995	TC012523	FBgn0035890
OG0006715	TC013532	FBgn0036684
OG0004218	TC004261	FBgn0040234
OG0003453	TC000935	FBgn0038641
OG0004864	TC011905	FBgn0039113
OG0006178	TC007125	FBgn0035283
OG0001737	TC031992	FBgn0263995
OG0001278	TC031357	FBgn0039831
OG0001703	TC005640	FBgn0050418,FBgn0263656
OG0003179	TC001473	FBgn0037937
OG0002471	TC034616	FBgn0031777
OG0005039	TC007814	FBgn0022710
OG0006363	TC004425	FBgn0001218
OG0007084	TC000677	FBgn0035689
OG0005993	TC007700	FBgn0265512
OG0007703	TC011357,TC031124	FBgn0003169
OG0002537	TC002311	FBgn0286198
OG0004541	TC012120	FBgn0033698
OG0002668	TC034013	FBgn0024248
OG0002054	TC005882	FBgn0023521
OG0002220	TC002059	FBgn0031224
OG0002433	TC014327	FBgn0022023
OG0004037	TC004474	FBgn0034476
OG0004136	TC011417	FBgn0027108
OG0002273	TC007629	FBgn0037019
OG0002859	TC032813	FBgn0023096
OG0002321	TC009376	FBgn0028500
OG0007815	TC013303	FBgn0024273
OG0006326	TC001026	FBgn0030286
OG0005363	TC007512	FBgn0086679
OG0004237	TC013931	FBgn0028342
OG0005259	TC033673	FBgn0083946
OG0001707	TC012853,TC014266	FBgn0035049
OG0005484	TC005405	FBgn0260648
OG0002080	TC007793	FBgn0023529
OG0004581	TC032180	FBgn0033549
OG0006174	TC010953	FBgn0035245
OG0003616	TC030675	FBgn0039111
OG0004482	TC009867	FBgn0033834
OG0004096	TC003587	FBgn0029079
OG0001684	TC003637,TC005879	FBgn0263199
OG0003970	TC006805	FBgn0033058
OG0004333	TC006270	FBgn0034191
OG0002517	TC013096	FBgn0031865
OG0001234	TC009473,TC004732	FBgn0028833
OG0005840	TC004470	FBgn0000037
OG0006579	TC004316	FBgn0031036
OG0005590	TC032339	FBgn0261612
OG0002187	TC000355	FBgn0029868
OG0001541	TC033692,TC009345	FBgn0054027
OG0000561	TC005233	FBgn0002719
OG0006904	TC012815	FBgn0036150
OG0001075	TC033895	FBgn0032922
OG0004179	TC012391	FBgn0030029
OG0000007	TC015631,TC013125,TC009434,TC003827,TC005755,TC011674,TC015600,TC015629,TC031294,TC005888,TC014867,TC015074,TC015073,TC011040,TC034122,TC034003,TC006256,TC015829,TC033327,TC009433,TC000129,TC015075,TC005828,TC015514,TC033326,TC006264,TC006757,TC006257,TC015515,TC015072,TC014485	FBgn0030573
OG0006147	TC007707	FBgn0035229
OG0001870	TC001916,TC034993	FBgn0004959
OG0002850	TC013108	FBgn0003187
OG0002302	TC008708	FBgn0037121
OG0003132	TC012159	FBgn0037779
OG0003611	TC008261	FBgn0002622
OG0007835	TC001017	FBgn0039195,FBgn0039196
OG0000099	TC006171	FBgn0034994
OG0003867	TC010058	FBgn0039683
OG0007917	TC033864,TC033863	FBgn0031327
OG0003994	TC014918	FBgn0033100
OG0002440	TC031229	FBgn0031702
OG0006026	TC009803	FBgn0266580
OG0007320	TC016050	FBgn0053824,FBgn0053863,FBgn0053833,FBgn0053836,FBgn0053866,FBgn0051613,FBgn0053845,FBgn0053827,FBgn0053854,FBgn0053803,FBgn0053812,FBgn0053857,FBgn0053842,FBgn0053815,FBgn0053860,FBgn0053830,FBgn0053821,FBgn0053809,FBgn0053818,FBgn0053806
OG0000456	TC011694	FBgn0013343,FBgn0024980
OG0000145	TC033677,TC033684,TC033685,TC033683,TC034721,TC009071	FBgn0038309
OG0000357	TC013909,TC009623	FBgn0033749,FBgn0033748
OG0001022	TC005506	FBgn0032341
OG0006610	TC034661	FBgn0036935
OG0004518	TC009311	FBgn0022764
OG0002615	TC003938	FBgn0011291
OG0002882	TC014300	FBgn0032728
OG0005932	TC000988	FBgn0263974
OG0000318	TC003527	FBgn0025692,FBgn0038209,FBgn0050379,FBgn0013305
OG0006618	TC032331	FBgn0004852
OG0005847	TC031509	FBgn0035086
OG0006109	TC003811	FBgn0284220
OG0007833	TC032827,TC007754	FBgn0003941
OG0005837	TC010139	FBgn0035026
OG0001178	TC010672,TC031092	FBgn0038611
OG0004119	TC011772	FBgn0029879
OG0002112	TC011405	FBgn0029648
OG0002055	TC010126	FBgn0025630
OG0000791	TC033240	FBgn0264442
OG0005091	TC030552	FBgn0053696
OG0004645	TC008349	FBgn0050338
OG0003048	TC032143	FBgn0040532
OG0004725	TC015929	FBgn0033225
OG0001247	TC034444	FBgn0039594
OG0007549	TC030991	FBgn0286778
OG0006605	TC003851	FBgn0052225
OG0005444	TC000625	FBgn0259677
OG0000599	TC008202,TC008203	FBgn0039154,FBgn0031381
OG0002578	TC005930	FBgn0032050
OG0005296	TC011031	FBgn0020660
OG0005926	TC012524	FBgn0263916
OG0006482	TC030730	FBgn0260450
OG0007804	TC001330,TC015217	FBgn0039909
OG0003463	TC012191	FBgn0004876
OG0001635	TC000031,TC010319	FBgn0261266
OG0004480	TC033770	FBgn0033842
OG0002138	TC033437	FBgn0011760
OG0002595	TC034426	FBgn0032109
OG0003658	TC012343	FBgn0039140
OG0003185	TC005685	FBgn0037976
OG0006600	TC007478	FBgn0036936
OG0006003	TC015163	FBgn0266053
OG0000247	TC013758	FBgn0261565
OG0005900	TC005961	FBgn0263355
OG0002775	TC003286	FBgn0027844
OG0004749	TC009571	FBgn0015929
OG0001434	TC010494,TC010493	FBgn0039929
OG0007814	TC034596,TC010581	FBgn0000153
OG0007864	TC014031,TC014033	FBgn0032946
OG0004106	TC003202	FBgn0034265
OG0001200	TC002185	FBgn0038929,FBgn0034808
OG0001596	TC032828,TC012483	FBgn0259099
OG0005003	TC004590	FBgn0004907
OG0002038	TC003404	FBgn0001189
OG0001101	TC031981	FBgn0037703
OG0005707	TC001744	FBgn0017482
OG0005200	TC007832	FBgn0010438
OG0005903	TC007893	FBgn0263510
OG0005946	TC009600	FBgn0264326
OG0002965	TC006353	FBgn0032910
OG0006859	TC030542	FBgn0036292
OG0000994	TC008716,TC032955	FBgn0031951
OG0004074	TC009072	FBgn0003067
OG0004464	TC030619	FBgn0002643
OG0004557	TC000384	FBgn0044020
OG0006908	TC030551	FBgn0036118
OG0002461	TC014113	FBgn0001942
OG0001655	TC002265	FBgn0261928
OG0003275	TC013614	FBgn0024321
OG0007049	TC005574	FBgn0035762
OG0006708	TC002463	FBgn0036702
OG0005084	TC002070	FBgn0037716
OG0003093	TC031280	FBgn0037731
OG0005772	TC000616	FBgn0023477
OG0000699	TC002403,TC010664,TC032689	FBgn0035483
OG0007902	TC006711,TC034170	FBgn0050259
OG0002083	TC030906	FBgn0023524
OG0002565	TC007206	FBgn0032015
OG0007253	TC007831	FBgn0000097
OG0002760	TC009080	FBgn0032511
OG0006593	TC003291	FBgn0031068
OG0004176	TC012390	FBgn0030027
OG0003823	TC004244	FBgn0039581
OG0007233	TC014338	FBgn0031458
OG0002847	TC003033	FBgn0032644
OG0005354	TC015990	FBgn0086605
OG0000141	TC016365	FBgn0038680,FBgn0038681,FBgn0037817,FBgn0036806,FBgn0034387,FBgn0053503
OG0004411	TC014222	FBgn0033996
OG0006350	TC003773	FBgn0030334
OG0004846	TC033777	FBgn0038474
OG0005868	TC002936	FBgn0035121
OG0001334	TC000972	FBgn0030101,FBgn0260758
OG0003906	TC004360	FBgn0039732
OG0007054	TC002961	FBgn0035769
OG0006652	TC007767	FBgn0036834
OG0002447	TC002995	FBgn0051915
OG0001941	TC010482	FBgn0004244
OG0002660	TC013582	FBgn0032228
OG0006952	TC002990	FBgn0036030
OG0001352	TC033107	FBgn0034692
OG0007982	TC011952	FBgn0036775
OG0003811	TC008243	FBgn0005659
OG0000308	TC010894	FBgn0037850
OG0003921	TC030986	FBgn0011739
OG0005745	TC007198	FBgn0050410
OG0006331	TC013715	FBgn0028421
OG0007882	TC007162	FBgn0003254
OG0004763	TC004290	FBgn0026869
OG0005275	TC030759	FBgn0032997
OG0003895	TC013240	FBgn0260468
OG0001580	TC010364,TC010365	FBgn0086450
OG0006029	TC031639	FBgn0266599
OG0001526	TC013997	FBgn0014396
OG0001589	TC005841	FBgn0086907,FBgn0284248
OG0007971	TC034038	FBgn0038359
OG0005628	TC005339	FBgn0261985
OG0002711	TC006610	FBgn0032400
OG0001104	TC012552	FBgn0051352
OG0000776	TC011732	FBgn0053143
OG0002104	TC000057	FBgn0024998
OG0003808	TC008734	FBgn0039527
OG0003345	TC005832	FBgn0022787
OG0004055	TC009439	FBgn0034408
OG0006346	TC034315	FBgn0030309
OG0007371	TC010452	FBgn0000557
OG0008031	TC033791,TC008901	FBgn0024997
OG0004370	TC002495	FBgn0025519
OG0004067	TC009319	FBgn0034372
OG0004231	TC012275	FBgn0026149
OG0005749	TC015021	FBgn0034854
OG0000386	TC007845,TC032722	FBgn0036575,FBgn0029854
OG0004933	TC004293	FBgn0025700
OG0007530	TC031574	FBgn0032198
OG0003098	TC011043	FBgn0003334
OG0003004	TC000110	FBgn0002542
OG0000446	TC003198	FBgn0035989,FBgn0031082
OG0001497	TC034109	FBgn0000721
OG0005614	TC002825	FBgn0261850
OG0001569	TC005859,TC011926	FBgn0085421
OG0002894	TC033830	FBgn0032753
OG0001449	TC033244,TC033245	FBgn0051720
OG0006860	TC033525	FBgn0036289
OG0003633	TC005498	FBgn0039135
OG0004274	TC012674	FBgn0000395
OG0000989	TC007423	FBgn0038334,FBgn0031871
OG0001538	TC034364	FBgn0029836
OG0003440	TC010437	FBgn0038584
OG0002848	TC014712	FBgn0032651
OG0007916	TC005605,TC005604	FBgn0036959
OG0002267	TC011785	FBgn0011591
OG0003600	TC010771	FBgn0039038
OG0004378	TC002122	FBgn0050094
OG0008037	TC010394,TC015676	FBgn0015776
OG0004887	TC001126	FBgn0030156
OG0005716	TC009485	FBgn0010078
OG0001485	TC002414	FBgn0037313
OG0004625	TC011183	FBgn0033485
OG0003260	TC003996	FBgn0038195
OG0001827	TC002490	FBgn0030370,FBgn0011327
OG0001368	TC012353,TC001961	FBgn0050085
OG0006757	TC002123	FBgn0036580
OG0000152	TC006978	FBgn0033067,FBgn0040502,FBgn0035199
OG0007136	TC033993	FBgn0015558
OG0004957	TC005426	FBgn0031655
OG0004298	TC011883	FBgn0034639
OG0005916	TC001103	FBgn0263740
OG0006355	TC030754	FBgn0001083
OG0000104	TC005320,TC034199,TC005322,TC005321,TC032600	FBgn0034225,FBgn0050104,FBgn0050103
OG0001530	TC012597,TC003432	FBgn0038063
OG0001226	TC016364	FBgn0034215,FBgn0051115
OG0006804	TC000092	FBgn0053260
OG0000433	TC004502	FBgn0036321,FBgn0036833,FBgn0036831,FBgn0036323
OG0002963	TC032570	FBgn0032924
OG0005078	TC015408	FBgn0061359
OG0002217	TC002431	FBgn0031251
OG0001623	TC032576	FBgn0260934
OG0000167	TC010408	FBgn0260794
OG0006290	TC009503	FBgn0035488
OG0005471	TC034090	FBgn0260027
OG0001236	TC011192,TC001327	FBgn0051075
OG0001276	TC034557	FBgn0027598
OG0000930	TC033974	FBgn0036978
OG0007359	TC032058,TC032059,TC000817,TC000818,TC032057,TC000819	FBgn0051272,FBgn0040350
OG0001191	TC000118	FBgn0003249,FBgn0003250
OG0000981	TC013677	FBgn0261624,FBgn0031772
OG0006630	TC010388	FBgn0036886
OG0007267	TC006743	FBgn0041097
OG0003127	TC031688	FBgn0037796
OG0003199	TC003708	FBgn0038017
OG0005036	TC031561	FBgn0015269
OG0002255	TC002137	FBgn0036988
OG0006019	TC015632	FBgn0266438
OG0003609	TC030737	FBgn0025781
OG0005493	TC004841	FBgn0260756
OG0004131	TC007984	FBgn0029885
OG0003581	TC009837	FBgn0051159
OG0003329	TC034414	FBgn0038303
OG0005756	TC007970	FBgn0016762
OG0002177	TC003731	FBgn0015818
OG0000676	TC003240	FBgn0011300
OG0004412	TC013998	FBgn0034000
OG0004701	TC005397	FBgn0050373
OG0000939	TC032747,TC032815	FBgn0004449
OG0007443	TC034835	FBgn0283741
OG0005699	TC003806	FBgn0025878
OG0001554	TC011967	FBgn0003256
OG0006389	TC011419	FBgn0030457
OG0002160	TC007684	FBgn0261383
OG0000885	TC012449	FBgn0038796,FBgn0029629
OG0007682	TC010593,TC010594	FBgn0020385
OG0004982	TC003492	FBgn0029723
OG0005106	TC011418	FBgn0029888
OG0006101	TC031212	FBgn0283651
OG0006622	TC003319	FBgn0036922
OG0006123	TC001073	FBgn0284436
OG0003745	TC006218	FBgn0039347
OG0004261	TC013570	FBgn0003391
OG0002307	TC013209	FBgn0052448
OG0004153	TC031054	FBgn0022786
OG0004543	TC011076	FBgn0033690
OG0003876	TC031765	FBgn0000247
OG0005809	TC000395	FBgn0041706
OG0004349	TC005780	FBgn0010213
OG0001184	TC004114,TC008029	FBgn0000463
OG0007063	TC000832	FBgn0035719
OG0004273	TC030656	FBgn0034626
OG0007474	TC004630	FBgn0262869
OG0000769	TC001448	FBgn0262139
OG0000417	TC032392	FBgn0265045
OG0000057	TC031244	FBgn0036181
OG0004003	TC009380	FBgn0033117
OG0001620	TC008422	FBgn0260659
OG0006690	TC011979	FBgn0036761
OG0001761	TC015441,TC004245	FBgn0265935
OG0001738	TC033247	FBgn0263998
OG0003937	TC032822	FBgn0046332
OG0003940	TC034281	FBgn0003268
OG0007781	TC004430,TC014535	FBgn0050172
OG0000016	TC009655,TC009773,TC009657,TC009160,TC033688,TC009650,TC009162,TC010205,TC009652,TC009651,TC009656,TC009659,TC009654,TC009775,TC009653,TC009774,TC009161,TC009658	FBgn0030317
OG0007896	TC003574	FBgn0052190
OG0000757	TC000822,TC010992,TC008314	FBgn0261434
OG0003569	TC001745	FBgn0260467
OG0005432	TC033672	FBgn0259213
OG0004819	TC008172	FBgn0016034
OG0001701	TC002553,TC002555	FBgn0034915
OG0004605	TC009877	FBgn0033524
OG0005045	TC009208	FBgn0031474
OG0000754	TC031922,TC007849,TC009509	FBgn0261260
OG0000786	TC006854	FBgn0263456
OG0006108	TC014084	FBgn0284084
OG0003508	TC008188	FBgn0014029
OG0000759	TC016041	FBgn0261550
OG0006028	TC002817	FBgn0266582
OG0002424	TC030085	FBgn0000500
OG0004891	TC031436	FBgn0039530
OG0007144	TC012393	FBgn0031119
OG0001081	TC032179	FBgn0024289,FBgn0270925
OG0002183	TC005760	FBgn0000524
OG0001202	TC009818	FBgn0020278
OG0000741	TC034531	FBgn0259211
OG0000832	TC006995,TC030891,TC031573	FBgn0030739
OG0007921	TC004238,TC007732	FBgn0024920
OG0002371	TC009040	FBgn0037369
OG0004248	TC034713	FBgn0030217
OG0003848	TC000063	FBgn0039650
OG0006153	TC011801	FBgn0035252
OG0007155	TC010403	FBgn0031628
OG0001037	TC007624,TC004946	FBgn0028546
OG0000451	TC011649	FBgn0029580,FBgn0037292,FBgn0026872
OG0002100	TC001615	FBgn0000927
OG0003288	TC008830	FBgn0038235
OG0004722	TC011343	FBgn0033235
OG0002404	TC010450	FBgn0037276
OG0000326	TC008958	FBgn0033906,FBgn0039371
OG0005762	TC015675	FBgn0011297
OG0005672	TC011637	FBgn0262937
OG0004683	TC009858	FBgn0022027
OG0005721	TC009802	FBgn0001263
OG0004407	TC015947	FBgn0034032
OG0004212	TC006216	FBgn0030099
OG0004926	TC002140	FBgn0032153
OG0005313	TC009270	FBgn0085419
OG0003421	TC011042	FBgn0038585
OG0003674	TC014160	FBgn0046685
OG0006939	TC011774	FBgn0011836
OG0007843	TC033578	FBgn0016726
OG0003930	TC001148	FBgn0039835
OG0001884	TC006330,TC004675	FBgn0028695
OG0007888	TC000992,TC000993	FBgn0037873
OG0006111	TC004635	FBgn0284244
OG0008024	TC004731	FBgn0038692
OG0004390	TC015547	FBgn0034061
OG0005073	TC002524	FBgn0053639
OG0006379	TC016200	FBgn0030421
OG0007473	TC006162	FBgn0034051
OG0004653	TC001197	FBgn0015838
OG0006150	TC010343	FBgn0035237
OG0004431	TC031250	FBgn0033972
OG0004373	TC002710	FBgn0034065
OG0002125	TC013011	FBgn0002707
OG0004804	TC013928	FBgn0036414
OG0004576	TC012704	FBgn0010423
OG0006770	TC005676	FBgn0000565
OG0005420	TC009916	FBgn0259152
OG0003728	TC007691	FBgn0039301
OG0006047	TC004839	FBgn0266917
OG0001751	TC031717	FBgn0264707
OG0001103	TC003775	FBgn0027950
OG0000097	TC012529,TC034379	FBgn0039051,FBgn0039050,FBgn0039049,FBgn0037818,FBgn0039052,FBgn0039053
OG0002868	TC003874	FBgn0032681
OG0003625	TC009143	FBgn0047114
OG0003932	TC000408	FBgn0051005
OG0001194	TC006168,TC007692	FBgn0038805
OG0001405	TC030047	FBgn0265342,FBgn0040773
OG0005112	TC008532	FBgn0032076
OG0006018	TC015717	FBgn0266435
OG0003032	TC000095	FBgn0037569
OG0001801	TC003854	FBgn0042712
OG0005673	TC034025	FBgn0262954
OG0002977	TC004959	FBgn0037492
OG0001557	TC014980	FBgn0058045,FBgn0267383
OG0001273	TC005330	FBgn0039790
OG0001990	TC031470,TC004673	FBgn0031375
OG0006639	TC032222	FBgn0005386
OG0005686	TC030724	FBgn0263133
OG0003202	TC000193	FBgn0038045
OG0005483	TC014883	FBgn0260639
OG0006725	TC007036	FBgn0036671
OG0001573	TC030890	FBgn0085442
OG0002601	TC031518	FBgn0032136
OG0000413	TC002609	FBgn0263395
OG0004029	TC003363	FBgn0034499
OG0002291	TC011476	FBgn0015283
OG0000346	TC005368,TC011750,TC000453	FBgn0040793,FBgn0029084
OG0005478	TC012102	FBgn0260401
OG0001829	TC007295	FBgn0030400
OG0007920	TC004990,TC011123	FBgn0010265
OG0007268	TC013336	FBgn0031344
OG0001204	TC010885,TC031549	FBgn0039013
OG0001823	TC000302,TC000303	FBgn0030331
OG0000184	TC007619,TC034416	FBgn0031213,FBgn0031214
OG0000098	TC033302,TC014820,TC015108,TC034717,TC015349,TC015395,TC014821	FBgn0038130
OG0001614	TC009315	FBgn0259978
OG0000341	TC009965	FBgn0067052,FBgn0052670,FBgn0030200,FBgn0285937
OG0005975	TC006706	FBgn0265042
OG0005534	TC030695	FBgn0261068
OG0003033	TC006038	FBgn0037561
OG0004295	TC013315	FBgn0034647
OG0000838	TC001637	FBgn0002945
OG0004515	TC003713	FBgn0033769
OG0005122	TC007499	FBgn0024251
OG0005469	TC032495	FBgn0260005
OG0004133	TC003130	FBgn0029912
OG0003753	TC015430	FBgn0028717
OG0006063	TC003328	FBgn0267487
OG0004344	TC007211	FBgn0034177
OG0003189	TC009370	FBgn0037960
OG0002228	TC030884	FBgn0020622
OG0005333	TC000807	FBgn0086346
OG0003688	TC009999	FBgn0039250
OG0007162	TC008317	FBgn0031635
OG0006688	TC011547	FBgn0036772
OG0001048	TC002551,TC032581	FBgn0001992
OG0007937	TC004564	FBgn0036750
OG0005625	TC012816	FBgn0261976
OG0003220	TC014994	FBgn0026207
OG0000322	TC031747	FBgn0038655,FBgn0040077,FBgn0051469,FBgn0040076
OG0001987	TC012034,TC006774	FBgn0031401
OG0005184	TC009978	FBgn0003943
OG0007773	TC011877,TC012520,TC012519	FBgn0030740
OG0006463	TC032620	FBgn0030700
OG0004271	TC030766	FBgn0034611
OG0004660	TC003185	FBgn0033402
OG0002948	TC014334	FBgn0032891
OG0003871	TC011049	FBgn0025457
OG0006933	TC030694	FBgn0047038
OG0002556	TC006344	FBgn0031996
OG0008032	TC004655,TC010841	FBgn0054038
OG0005866	TC034042	FBgn0035111
OG0005886	TC003442	FBgn0035141
OG0007895	TC015740,TC005288	FBgn0026433,FBgn0052232
OG0004452	TC005347	FBgn0033924
OG0007877	TC006325,TC006324	FBgn0032845
OG0001783	TC015763	FBgn0283712
OG0007655	TC000043,TC011373	FBgn0021906
OG0001616	TC003692	FBgn0260399
OG0003302	TC013490	FBgn0038302
OG0006207	TC012018	FBgn0035370
OG0007715	TC002988,TC032375,TC032374	FBgn0285958
OG0001587	TC009038,TC005864	FBgn0086784
OG0006525	TC013338	FBgn0052554
OG0005577	TC011886	FBgn0261547
OG0001926	TC015473,TC015472	FBgn0036179
OG0001979	TC009972,TC030720	FBgn0002989
OG0005635	TC009251	FBgn0262112
OG0005118	TC034947	FBgn0033628
OG0006368	TC005316	FBgn0030366
OG0000644	TC001125,TC004680	FBgn0262842,FBgn0034245
OG0003184	TC001817	FBgn0000147
OG0004730	TC003139	FBgn0050496
OG0006260	TC030104	FBgn0035468
OG0007083	TC014373	FBgn0035687
OG0000370	TC031094,TC014862,TC033332,TC033473	FBgn0052000
OG0001835	TC003498	FBgn0036217,FBgn0030481
OG0005092	TC032502	FBgn0052843
OG0006573	TC033213	FBgn0031052
OG0004115	TC011347	FBgn0034248
OG0000384	TC005170	FBgn0037525
OG0007634	TC009584	FBgn0035497
OG0002091	TC000986	FBgn0040066
OG0005476	TC011047	FBgn0260390
OG0001716	TC002149,TC000091	FBgn0025592
OG0003457	TC000587	FBgn0038632
OG0001112	TC000066	FBgn0037773,FBgn0036499
OG0002912	TC003342	FBgn0000464
OG0005801	TC008478	FBgn0025336
OG0004027	TC009839	FBgn0034503
OG0002181	TC007746	FBgn0029864
OG0004893	TC005801	FBgn0039537
OG0003080	TC009186	FBgn0011740
OG0003442	TC014241	FBgn0011481
OG0001225	TC012717	FBgn0030946,FBgn0039257
OG0002039	TC014783	FBgn0024897
OG0004240	TC032823	FBgn0052687
OG0003198	TC002080	FBgn0038000
OG0006777	TC002130	FBgn0036519
OG0002219	TC005174	FBgn0031217
OG0002817	TC002003	FBgn0000250
OG0008040	TC010849	FBgn0034129
OG0005650	TC000267	FBgn0262560
OG0005826	TC005458	FBgn0035024
OG0007391	TC031096	FBgn0261873
OG0001029	TC014082	FBgn0030511,FBgn0032436
OG0001056	TC006336,TC034843	FBgn0053120
OG0007818	TC007915	FBgn0027546
OG0007995	TC011663	FBgn0286976
OG0003776	TC006272	FBgn0039461
OG0003470	TC016108	FBgn0038679
OG0000744	TC008515	FBgn0259481
OG0002661	TC014704	FBgn0032221
OG0002235	TC006846	FBgn0051973
OG0008063	TC002737	FBgn0287594
OG0002334	TC011659	FBgn0037413
OG0007086	TC003460	FBgn0002526
OG0005521	TC014979	FBgn0260971
OG0001401	TC032825	FBgn0050015
OG0002962	TC030725	FBgn0000239
OG0003926	TC011667	FBgn0004573
OG0004468	TC006794	FBgn0033883
OG0006294	TC005670	FBgn0035539
OG0003668	TC012852	FBgn0000039
OG0007107	TC004776	FBgn0040298
OG0006114	TC032877	FBgn0284247
OG0003738	TC015299	FBgn0039300
OG0004220	TC010431	FBgn0040236
OG0003920	TC000449	FBgn0000416
OG0000277	TC012821,TC012822	FBgn0037429
OG0007632	TC034952,TC031995	FBgn0037705
OG0007456	TC002717,TC007906	FBgn0086372
OG0000333	TC012857	FBgn0033047,FBgn0028561,FBgn0028563,FBgn0028562
OG0006868	TC011251	FBgn0052099
OG0007816	TC004639,TC001040	FBgn0033391
OG0000722	TC003402,TC007494,TC003797	FBgn0010241
OG0006194	TC006226	FBgn0041709
OG0001853	TC032882,TC008270	FBgn0010315
OG0002203	TC012544	FBgn0031255
OG0005690	TC013328	FBgn0263231
OG0002202	TC008914	FBgn0031254
OG0004319	TC010770	FBgn0010620
OG0003330	TC006205	FBgn0038342
OG0005244	TC012803	FBgn0058191
OG0002971	TC033027	FBgn0051146
OG0006926	TC004088	FBgn0036096
OG0004697	TC005617	FBgn0011659
OG0002581	TC011302	FBgn0027490
OG0000061	TC030919,TC002187,TC005239,TC007504,TC005813,TC031241,TC003904,TC012413	FBgn0003374
OG0002248	TC013123	FBgn0037008
OG0000925	TC007154	FBgn0005660
OG0006567	TC008190	FBgn0031020
OG0003810	TC009611	FBgn0039525
OG0003849	TC012536	FBgn0041186
OG0005415	TC002394	FBgn0250911
OG0006054	TC001762	FBgn0267378
OG0003533	TC004555	FBgn0038852
OG0004399	TC034812	FBgn0003130
OG0001230	TC000162,TC012712	FBgn0039260
OG0003800	TC011708	FBgn0011289
OG0006665	TC014428	FBgn0036811
OG0000426	TC014568	FBgn0010909
OG0001714	TC003391	FBgn0027111,FBgn0029002
OG0007859	TC014205,TC014613	FBgn0041191
OG0005339	TC000407	FBgn0086362
OG0002015	TC001570	FBgn0040340
OG0000943	TC011542	FBgn0035407,FBgn0037183
OG0004991	TC010546	FBgn0041164
OG0000372	TC009157	FBgn0034072
OG0006867	TC011252	FBgn0013997
OG0002560	TC006811	FBgn0032016
OG0000125	TC002435,TC002436	FBgn0031747,FBgn0034128,FBgn0034131,FBgn0034126,FBgn0034871
OG0002455	TC014443	FBgn0031736
OG0005835	TC005628	FBgn0035032
OG0003434	TC005548	FBgn0038598
OG0005457	TC007009	FBgn0259824
OG0003294	TC013294	FBgn0038275
OG0001126	TC007785	FBgn0025802
OG0002652	TC033709	FBgn0032252
OG0006942	TC014250	FBgn0004390
OG0001552	TC004719	FBgn0026401
OG0001529	TC005512	FBgn0038427
OG0002391	TC005068	FBgn0037312
OG0004460	TC011022	FBgn0033902
OG0001844	TC009327	FBgn0036920,FBgn0030620
OG0007004	TC003977	FBgn0035916
OG0005012	TC010595	FBgn0037822
OG0006036	TC006514	FBgn0266671
OG0006825	TC005773	FBgn0036359
OG0007220	TC012534	FBgn0031495
OG0004889	TC032418	FBgn0027588
OG0002873	TC030464	FBgn0015808
OG0005712	TC013234	FBgn0026261
OG0000564	TC010501,TC013081	FBgn0036334,FBgn0038200
OG0002383	TC015512	FBgn0037330
OG0001318	TC006652	FBgn0029949,FBgn0035228
OG0006522	TC005661	FBgn0026058
OG0005285	TC000165	FBgn0058470
OG0003174	TC015650	FBgn0037917
OG0004348	TC009261	FBgn0025832
OG0004413	TC008820	FBgn0004698
OG0000197	TC005180	FBgn0011705,FBgn0032553,FBgn0032086,FBgn0032085,FBgn0032084
OG0005458	TC001097	FBgn0259832
OG0003451	TC033352	FBgn0051229
OG0004817	TC007804	FBgn0015721
OG0002869	TC008670	FBgn0032698
OG0007427	TC003207,TC003206	FBgn0030600
OG0006361	TC002712	FBgn0030342
OG0000874	TC015934	FBgn0023530,FBgn0037562
OG0004734	TC009290	FBgn0033199
OG0005050	TC000382	FBgn0035001
OG0005117	TC008130	FBgn0038683
OG0002875	TC033536	FBgn0003896
OG0001954	TC014393	FBgn0035763,FBgn0031636
OG0003359	TC013785	FBgn0038402
OG0007434	TC009624,TC009176,TC009180,TC009177,TC009629	FBgn0034580
OG0006585	TC013457	FBgn0020261
OG0002344	TC006260	FBgn0028690
OG0003475	TC012190	FBgn0038678
OG0002376	TC007933	FBgn0037350
OG0004508	TC007349	FBgn0033763
OG0002915	TC009361	FBgn0032797
OG0006601	TC006755	FBgn0005198
OG0001729	TC000606	FBgn0263667
OG0006136	TC000997	FBgn0035207
OG0002733	TC001740	FBgn0032435
OG0004101	TC033859	FBgn0034266
OG0000702	TC003524	FBgn0032161,FBgn0032160,FBgn0032162
OG0004177	TC031931	FBgn0030034
OG0003340	TC015530	FBgn0038371
OG0006461	TC009615	FBgn0030694
OG0006780	TC002283	FBgn0036502
OG0007244	TC007042	FBgn0031426
OG0005154	TC013907	FBgn0035945
OG0008029	TC001783	FBgn0037181
OG0002264	TC012572	FBgn0037020
OG0002545	TC007228	FBgn0010287
OG0007432	TC003231,TC002878,TC003233,TC013948,TC003232,TC000067,TC003496	FBgn0010226
OG0001755	TC033545	FBgn0265177
OG0007712	TC010105	FBgn0011296
OG0004533	TC006725	FBgn0033717
OG0005379	TC005815	FBgn0086779
OG0004621	TC013580	FBgn0033484
OG0000950	TC012819	FBgn0037427
OG0000990	TC013627	FBgn0031869
OG0006629	TC012302	FBgn0036908
OG0003436	TC007012	FBgn0038593
OG0005462	TC010569	FBgn0259937
OG0003955	TC015460	FBgn0003065
OG0004760	TC015805	FBgn0026199
OG0007746	TC014889,TC015666	FBgn0083986
OG0006820	TC031230	FBgn0036373
OG0000088	TC003209	FBgn0005536
OG0007470	TC000319,TC000318	FBgn0001186
OG0000884	TC003752	FBgn0004861,FBgn0004860
OG0001944	TC032665	FBgn0035934
OG0002806	TC001887	FBgn0028863
OG0004171	TC010844	FBgn0029974
OG0007523	TC031689,TC007433,TC007090,TC032889,TC031341,TC031628,TC031342	FBgn0030148
OG0006157	TC033588	FBgn0035267
OG0002292	TC000766	FBgn0052441
OG0004969	TC012832	FBgn0061515
OG0003979	TC003502	FBgn0022288
OG0005575	TC013059	FBgn0261534
OG0006481	TC015545	FBgn0030735
OG0000502	TC014254	FBgn0052982
OG0006574	TC013874	FBgn0031054
OG0004382	TC003310	FBgn0034087
OG0005362	TC032166	FBgn0086677
OG0000538	TC004125	FBgn0032791,FBgn0032790,FBgn0032787
OG0001545	TC032596,TC012547	FBgn0040038
OG0000515	TC012718,TC000136	FBgn0032522,FBgn0030431
OG0001371	TC002730	FBgn0033987
OG0004595	TC032732	FBgn0033548
OG0002747	TC002584	FBgn0024291
OG0003733	TC001243	FBgn0039335
OG0004308	TC033009	FBgn0034704
OG0007874	TC034103,TC005632	FBgn0032022
OG0002244	TC007967	FBgn0037001
OG0003265	TC031237	FBgn0027083
OG0002729	TC001110	FBgn0041195
OG0002119	TC011228	FBgn0029667
OG0002029	TC032771	FBgn0024986
OG0004496	TC002857	FBgn0002069
OG0003182	TC011125	FBgn0051211
OG0007791	TC030006,TC000178	FBgn0000564
OG0002955	TC013316	FBgn0032921
OG0001306	TC010974	FBgn0034366
OG0003006	TC002407	FBgn0037530
OG0002429	TC013383	FBgn0031683
OG0007780	TC006246,TC015579,TC016372,TC006247,TC015779,TC015099,TC005908,TC014930,TC015580,TC015130,TC015780	FBgn0036264
OG0000233	TC006788,TC015804	FBgn0001148
OG0002056	TC012665	FBgn0025629
OG0006339	TC010611	FBgn0030310
OG0003105	TC001037	FBgn0003205
OG0003089	TC015179	FBgn0037723
OG0002468	TC010370	FBgn0031785
OG0004797	TC009597	FBgn0000109
OG0005626	TC013686	FBgn0261983
OG0005821	TC011551	FBgn0023081
OG0001120	TC015690	FBgn0051374
OG0003844	TC010150	FBgn0039654
OG0004058	TC014538	FBgn0034391
OG0005882	TC004763	FBgn0035148
OG0003365	TC001263	FBgn0038432
OG0000738	TC000798,TC032040	FBgn0259101
OG0002635	TC005583	FBgn0019932
OG0007463	TC009794,TC013301	FBgn0039338
OG0005502	TC001393	FBgn0260817
OG0006783	TC013186	FBgn0002778
OG0001289	TC010138	FBgn0016701,FBgn0014009
OG0001099	TC009842	FBgn0037696,FBgn0037697
OG0002281	TC003935	FBgn0004865
OG0006299	TC006457	FBgn0035538
OG0004586	TC032507	FBgn0033570
OG0006701	TC000271	FBgn0036733
OG0000489	TC033122,TC014296	FBgn0261963,FBgn0016660
OG0002548	TC007795	FBgn0031980
OG0001873	TC034378	FBgn0030961
OG0004206	TC004376	FBgn0052707
OG0006402	TC007511	FBgn0030485
OG0003567	TC004419	FBgn0038938
OG0006050	TC014132	FBgn0267326
OG0006191	TC007747	FBgn0035337
OG0007281	TC006189	FBgn0031313
OG0001547	TC015727	FBgn0003559
OG0005658	TC013944	FBgn0262714
OG0006399	TC012980	FBgn0030478
OG0001660	TC015081	FBgn0262103
OG0001912	TC003518	FBgn0036369
OG0004547	TC015211	FBgn0033653
OG0001464	TC032968,TC005319	FBgn0053502
OG0006220	TC030549	FBgn0024194
OG0006472	TC030738	FBgn0002914
OG0003517	TC000511	FBgn0038842
OG0007480	TC034534,TC013530	FBgn0001222
OG0005864	TC007103	FBgn0024945
OG0003547	TC014269	FBgn0289108
OG0001658	TC013214,TC033195	FBgn0261955
OG0006139	TC013534	FBgn0029514
OG0002117	TC004314	FBgn0029672
OG0001572	TC011389,TC033794	FBgn0085430
OG0004924	TC007679	FBgn0030716
OG0006470	TC008118	FBgn0045073
OG0005425	TC007717	FBgn0259168
OG0006891	TC003434	FBgn0036191
OG0007008	TC002458	FBgn0035900
OG0007213	TC008128	FBgn0051950
OG0005869	TC010545	FBgn0024806
OG0003476	TC003899	FBgn0038704
OG0002854	TC009111	FBgn0000183
OG0001553	TC007752	FBgn0016975
OG0002462	TC015856	FBgn0001941
OG0003591	TC032939	FBgn0038968
OG0007660	TC033854,TC030609	FBgn0033362
OG0001416	TC005844,TC003320	FBgn0033266
OG0003041	TC007586	FBgn0037608
OG0003550	TC013832	FBgn0038901
OG0006902	TC014409	FBgn0036146
OG0002816	TC011518	FBgn0001995
OG0000501	TC003429	FBgn0052179,FBgn0001137,FBgn0005672
OG0000009	TC009424,TC006179,TC001732,TC011599,TC012195,TC003868	FBgn0286507
OG0001769	TC000877	FBgn0266441
OG0005292	TC012214	FBgn0287183
OG0002744	TC008997	FBgn0032470
OG0003659	TC004357	FBgn0011785
OG0001915	TC005552	FBgn0036318
OG0000650	TC003079	FBgn0034180
OG0004748	TC009832	FBgn0033184
OG0007374	TC033134,TC033132	FBgn0052062
OG0006434	TC000974	FBgn0030625
OG0000959	TC005069	FBgn0037339
OG0008021	TC004488	FBgn0030522
OG0002687	TC001943	FBgn0024227
OG0004866	TC011889	FBgn0035484
OG0000886	TC004426	FBgn0011566,FBgn0038470
OG0005622	TC010472	FBgn0261933
OG0004672	TC010833	FBgn0033350
OG0007185	TC008245	FBgn0031590
OG0005098	TC000100	FBgn0014163
OG0002722	TC034846	FBgn0051760
OG0004039	TC007846	FBgn0026378
OG0007160	TC005306	FBgn0031643
OG0005087	TC004766	FBgn0051221
OG0003981	TC015670	FBgn0033033
OG0006267	TC001316	FBgn0035515
OG0002026	TC007764	FBgn0029573
OG0007766	TC035019,TC004159,TC015030	FBgn0003486,FBgn0086917
OG0004611	TC006390	FBgn0033454
OG0002270	TC003852	FBgn0027364
OG0002655	TC014142	FBgn0051719
OG0001164	TC013839	FBgn0038425
OG0004368	TC012378	FBgn0034109
OG0000272	TC032256	FBgn0038458,FBgn0035521,FBgn0028663,FBgn0028664
OG0001735	TC034331	FBgn0035256,FBgn0263988
OG0002422	TC006411	FBgn0037220
OG0007865	TC015954	FBgn0032688
OG0006349	TC003770	FBgn0002577
OG0001058	TC005544	FBgn0032731,FBgn0038280
OG0001145	TC030668,TC000982	FBgn0038126
OG0002930	TC013668	FBgn0032848
OG0002442	TC033514	FBgn0031698
OG0001787	TC031362,TC015746	FBgn0285925
OG0004162	TC007060	FBgn0029976
OG0004449	TC033977	FBgn0033917
OG0005818	TC009220	FBgn0005638
OG0002584	TC008255	FBgn0001084
OG0004928	TC009171	FBgn0024285
OG0004196	TC015548	FBgn0030039
OG0005665	TC032801	FBgn0262738
OG0005746	TC008223	FBgn0034858
OG0001165	TC000544	FBgn0038435,FBgn0038436
OG0002606	TC014730	FBgn0014179
OG0003915	TC030731	FBgn0028646
OG0000955	TC013477	FBgn0037351
OG0000848	TC001291	FBgn0052105
OG0006119	TC000164	FBgn0284254
OG0000794	TC003918,TC004993	FBgn0265296
OG0002995	TC004062	FBgn0037435
OG0007018	TC009113	FBgn0015793
OG0006838	TC031040	FBgn0015904
OG0006940	TC003390	FBgn0036053
OG0005618	TC012118	FBgn0261872
OG0006521	TC033755	FBgn0026192
OG0004661	TC009389	FBgn0026326
OG0001807	TC009582	FBgn0004875
OG0002140	TC003016	FBgn0003449
OG0002151	TC033044	FBgn0029785
OG0002754	TC013692	FBgn0051852
OG0005652	TC030631	FBgn0262601
OG0000543	TC032394	FBgn0033848,FBgn0023388
OG0000898	TC015535	FBgn0026083
OG0003414	TC007731	FBgn0038546
OG0007755	TC031025,TC010791	FBgn0022338
OG0000630	TC034375,TC006052,TC033950	FBgn0040918
OG0006907	TC002616	FBgn0036116
OG0007809	TC000062,TC032388	FBgn0030892
OG0001577	TC013938,TC013552	FBgn0086253
OG0002412	TC012303	FBgn0037249
OG0000045	TC033294,TC031971,TC016156,TC006340,TC031898,TC009068,TC015983,TC032476,TC002210	FBgn0052813
OG0000715	TC032158	FBgn0026239
OG0002928	TC013493	FBgn0004374
OG0005783	TC001242	FBgn0034964
OG0005131	TC008246	FBgn0004507
OG0007973	TC007430,TC007429	FBgn0024361
OG0000430	TC004583	FBgn0026375
OG0006203	TC002976	FBgn0052296
OG0001292	TC007282	FBgn0033691,FBgn0034510
OG0003628	TC000781	FBgn0039132
OG0007011	TC003212	FBgn0026252
OG0003706	TC012167	FBgn0039258
OG0002827	TC005868	FBgn0051812
OG0005888	TC031326	FBgn0052344
OG0003112	TC012527	FBgn0037754
OG0004940	TC032734	FBgn0031099
OG0007675	TC012892,TC013810	FBgn0085491
OG0001205	TC011223	FBgn0053474,FBgn0039068
OG0003066	TC005073	FBgn0003165
OG0006491	TC007710	FBgn0030748
OG0005681	TC031474	FBgn0263076
OG0006962	TC003201	FBgn0036000
OG0003712	TC014489	FBgn0039270
OG0006170	TC013947	FBgn0035251
OG0005234	TC030588	FBgn0032955
OG0004544	TC009606	FBgn0014184
OG0003235	TC015913	FBgn0040493
OG0000896	TC010840,TC010803	FBgn0029681
OG0004388	TC034804	FBgn0034068
OG0000642	TC034592	FBgn0050263
OG0005006	TC006979	FBgn0052333
OG0005217	TC033110	FBgn0053988
OG0005908	TC004992	FBgn0263600
OG0000672	TC006215	FBgn0050000,FBgn0031117,FBgn0050005
OG0006901	TC014408	FBgn0036145
OG0005256	TC030598	FBgn0039955
OG0002835	TC015935	FBgn0022213
OG0002933	TC001068	FBgn0032847
OG0003328	TC014109	FBgn0051155
OG0001542	TC034701	FBgn0065109,FBgn0065108
OG0007159	TC013504	FBgn0051660
OG0007668	TC032850,TC032851	FBgn0263216
OG0001723	TC002472	FBgn0263352
OG0001935	TC000108	FBgn0016081
OG0002886	TC013949	FBgn0032746
OG0002350	TC010866	FBgn0037391
OG0003468	TC006555	FBgn0038660
OG0004905	TC010651	FBgn0033539
OG0005792	TC015594	FBgn0034948
OG0002903	TC010635	FBgn0032781
OG0007939	TC034549	FBgn0010750
OG0003691	TC000792	FBgn0039240
OG0002487	TC008542	FBgn0031822
OG0002531	TC003641	FBgn0031909
OG0004943	TC015416	FBgn0031090
OG0007962	TC032241	FBgn0052364
OG0007237	TC013515	FBgn0031457
OG0003842	TC000542	FBgn0014427
OG0005958	TC012179	FBgn0264691
OG0003384	TC000169	FBgn0043069
OG0002410	TC013053	FBgn0037255
OG0003497	TC000675	FBgn0038803
OG0002360	TC011851	FBgn0037338
OG0006441	TC001918	FBgn0030640
OG0001365	TC001594	FBgn0034075
OG0005326	TC007458	FBgn0085470
OG0001173	TC014646,TC032065	FBgn0038531
OG0004884	TC007725	FBgn0011277
OG0002671	TC015522	FBgn0032287
OG0002466	TC010530	FBgn0031776
OG0007605	TC007374	FBgn0036222
OG0006817	TC003754	FBgn0026376
OG0000442	TC004014	FBgn0035793
OG0000735	TC001738	FBgn0250823
OG0001732	TC033093,TC009557	FBgn0263782
OG0007031	TC006065	FBgn0035833
OG0006009	TC000574	FBgn0266137
OG0002493	TC011350	FBgn0051637
OG0005495	TC003495	FBgn0260771
OG0003513	TC008667	FBgn0019936
OG0002285	TC013259	FBgn0037051
OG0004073	TC012682	FBgn0034351
OG0006117	TC004855	FBgn0284252
OG0000696	TC010596	FBgn0004595
OG0005430	TC032555	FBgn0259204
OG0003058	TC011026	FBgn0037653
OG0005587	TC006567	FBgn0261608
OG0000892	TC032341,TC012593	FBgn0000479
OG0004266	TC008926	FBgn0008636
OG0000557	TC005395	FBgn0020910
OG0004537	TC010663	FBgn0033687
OG0005404	TC004511	FBgn0250830
OG0005589	TC031275	FBgn0261610
OG0002454	TC008486	FBgn0024191
OG0003408	TC012328	FBgn0038519
OG0001261	TC004636,TC008429	FBgn0039722
OG0005221	TC000790	FBgn0032259
OG0003293	TC033415	FBgn0038271
OG0006833	TC007177	FBgn0036341
OG0007089	TC030596	FBgn0052409
OG0002034	TC008173	FBgn0026876
OG0004423	TC002332	FBgn0033994
OG0001656	TC002957	FBgn0261934
OG0002329	TC012647	FBgn0010348
OG0003173	TC004374	FBgn0037911
OG0001657	TC007655	FBgn0261954
OG0001332	TC013699	FBgn0030121,FBgn0030120
OG0000480	TC033223,TC033222,TC011558	FBgn0027532
OG0002876	TC034076	FBgn0045852
OG0006752	TC002282	FBgn0036569
OG0003797	TC001118	FBgn0039481
OG0002141	TC007123	FBgn0029755
OG0000015	TC034730,TC030901,TC015844,TC014878,TC015190,TC033467,TC015845,TC015841,TC016086,TC015842,TC015194,TC032229,TC033466,TC015189,TC015843,TC033465,TC015195,TC033355,TC016232,TC033464	FBgn0039203
OG0005598	TC004467	FBgn0261679
OG0006706	TC003250	FBgn0042641
OG0002216	TC011359	FBgn0031252
OG0001374	TC001559	FBgn0020767
OG0004610	TC006728	FBgn0028426
OG0007212	TC004308	FBgn0015521
OG0007208	TC004956	FBgn0031528
OG0003825	TC030740	FBgn0039588
OG0005097	TC030785	FBgn0064126
OG0003978	TC014459	FBgn0033032
OG0001412	TC001094	FBgn0004921,FBgn0263029
OG0006584	TC031337	FBgn0040890
OG0007573	TC001958,TC031707	FBgn0038498,FBgn0038494
OG0001894	TC004422,TC015542	FBgn0036770
OG0006771	TC006225	FBgn0036504
OG0001958	TC014759	FBgn0035715
OG0007355	TC010035,TC035050,TC008781,TC035051,TC008780	FBgn0051148,FBgn0051414
OG0004689	TC009502	FBgn0033309
OG0000594	TC011559,TC011560,TC034986	FBgn0039044
OG0002823	TC007652	FBgn0001994
OG0000984	TC012918	FBgn0046704
OG0006177	TC001555	FBgn0035235
OG0003205	TC004520	FBgn0038042
OG0002960	TC009633	FBgn0032934
OG0006518	TC031127	FBgn0030834
OG0006588	TC009387	FBgn0031062
OG0001283	TC003426	FBgn0033074,FBgn0016041
OG0005209	TC002635	FBgn0024983
OG0004682	TC009536	FBgn0033341
OG0004818	TC031006	FBgn0032699
OG0004049	TC005424	FBgn0034442
OG0001419	TC011917	FBgn0033236
OG0000880	TC014973	FBgn0023517,FBgn0035004
OG0001147	TC008530	FBgn0028487
OG0004337	TC032425	FBgn0040743
OG0001177	TC012468,TC006702	FBgn0028499
OG0002131	TC033450	FBgn0000179
OG0003784	TC033444	FBgn0004510
OG0004626	TC004746	FBgn0033482
OG0000938	TC015301	FBgn0004179
OG0006100	TC002979	FBgn0283649
OG0007167	TC008292	FBgn0028482
OG0005208	TC013019	FBgn0001125
OG0007447	TC000399,TC014904	FBgn0011672
OG0000576	TC030688	FBgn0052672,FBgn0038539
OG0002169	TC001443	FBgn0029849
OG0000643	TC001023	FBgn0034666,FBgn0042098,FBgn0034661
OG0000471	TC012638	FBgn0051109
OG0004779	TC015622	FBgn0039928
OG0001817	TC034612	FBgn0052668
OG0006398	TC033431	FBgn0030474
OG0006739	TC030648	FBgn0027500
OG0000666	TC008388	FBgn0026573
OG0005867	TC011124	FBgn0004373
OG0005284	TC013341	FBgn0040005
OG0004903	TC009234	FBgn0033538
OG0003195	TC002852	FBgn0037981
OG0005600	TC032344	FBgn0261683
OG0006245	TC015481	FBgn0035398
OG0007466	TC000121,TC013653,TC030889	FBgn0050035,FBgn0033644
OG0006496	TC007037	FBgn0030786
OG0006774	TC007479	FBgn0036512
OG0002213	TC009780	FBgn0031260
OG0001171	TC015245	FBgn0038492
OG0001977	TC030683,TC014689	FBgn0031500
OG0003316	TC030643	FBgn0038332
OG0004326	TC007130	FBgn0034231
OG0000866	TC008186	FBgn0040383,FBgn0032090
OG0007019	TC006412	FBgn0035867
OG0002382	TC006104	FBgn0025825
OG0001242	TC011895,TC015365	FBgn0010441
OG0001001	TC033784	FBgn0028394
OG0004821	TC013142	FBgn0028425
OG0002643	TC032216	FBgn0025366
OG0005978	TC032310	FBgn0265083
OG0006959	TC007208	FBgn0023129
OG0007739	TC005698,TC006382	FBgn0034658,FBgn0036820
OG0006144	TC006286	FBgn0035206
OG0007813	TC015015,TC007303	FBgn0261995,FBgn0261996
OG0005894	TC000276	FBgn0035164
OG0004531	TC002792	FBgn0033738
OG0001543	TC032821	FBgn0052529
OG0007589	TC031558,TC031559	FBgn0259986
OG0001808	TC012425	FBgn0035473
OG0003417	TC004713	FBgn0010389
OG0001762	TC007705	FBgn0266019
OG0000177	TC008975,TC009537,TC031980,TC004851,TC009223,TC004531	FBgn0052579
OG0003151	TC008421	FBgn0037842
OG0000646	TC008871	FBgn0022987
OG0004560	TC032340	FBgn0037084
OG0002490	TC030615	FBgn0031817
OG0008035	TC012474,TC004750	FBgn0085468
OG0003889	TC009010	FBgn0020235
OG0006637	TC003645	FBgn0036896
OG0006683	TC031822	FBgn0036781
OG0006156	TC003143	FBgn0035266
OG0002761	TC014963	FBgn0022069
OG0006811	TC012551	FBgn0029167
OG0000291	TC008787	FBgn0028879
OG0003452	TC011256	FBgn0038640
OG0004635	TC007790	FBgn0033451
OG0007577	TC033129	FBgn0000299
OG0007105	TC031885	FBgn0035638
OG0001930	TC009782	FBgn0010762
OG0007335	TC032762,TC030780	FBgn0027070,FBgn0027074,FBgn0032713
OG0004556	TC013985	FBgn0033645
OG0003500	TC012172	FBgn0038810
OG0004989	TC014460	FBgn0010894
OG0005709	TC002648	FBgn0034741
OG0002683	TC007406	FBgn0015756
OG0003521	TC034777	FBgn0027493
OG0004850	TC012751	FBgn0039714
OG0004713	TC031425	FBgn0026722
OG0001731	TC030774	FBgn0263738
OG0005119	TC030054	FBgn0034081
OG0005325	TC008903	FBgn0085453
OG0000654	TC009268	FBgn0023441
OG0001151	TC003367	FBgn0002590,FBgn0038277
OG0002163	TC005308	FBgn0027564
OG0004311	TC001697	FBgn0025186
OG0004487	TC010400	FBgn0011763
OG0002594	TC014112	FBgn0032079
OG0003541	TC011976	FBgn0000527
OG0007189	TC007862	FBgn0021800
OG0005137	TC002259	FBgn0032812
OG0001055	TC011384,TC008935	FBgn0032705
OG0004046	TC000195	FBgn0034422
OG0007886	TC033620,TC033621	FBgn0261065
OG0007720	TC033847,TC033846,TC009883	FBgn0037215
OG0005675	TC013763	FBgn0262987
OG0002543	TC007698	FBgn0031979
OG0000264	TC015377	FBgn0016641
OG0007271	TC013405	FBgn0031298
OG0000133	TC006693	FBgn0020309
OG0002190	TC030102	FBgn0041250
OG0005994	TC031270	FBgn0265523
OG0007622	TC034357,TC031835	FBgn0287478
OG0003586	TC016278	FBgn0038983
OG0002634	TC006488	FBgn0032223
OG0005934	TC000186	FBgn0263983
OG0000055	TC005438,TC005436,TC005437,TC005443,TC034169,TC005865	FBgn0033234,FBgn0034394,FBgn0034392,FBgn0010651
OG0007202	TC034702	FBgn0031549
OG0006775	TC006147	FBgn0036514
OG0002494	TC008897	FBgn0031836
OG0003971	TC014046	FBgn0033060
OG0006201	TC002395	FBgn0035357
OG0004711	TC033802	FBgn0050377
OG0005332	TC004868	FBgn0086134
OG0005743	TC033584	FBgn0034802
OG0005423	TC003911	FBgn0259166
OG0001739	TC014971	FBgn0264078
OG0000679	TC034263	FBgn0050361
OG0006035	TC004683	FBgn0266670
OG0000871	TC012432,TC010507	FBgn0040342
OG0005816	TC009593	FBgn0034999
OG0002276	TC033275	FBgn0037044
OG0000784	TC008759	FBgn0052320,FBgn0035099
OG0005450	TC003601	FBgn0259727
OG0006512	TC002805	FBgn0030805
OG0003665	TC014136	FBgn0039182
OG0004154	TC005229	FBgn0029959
OG0004623	TC000953	FBgn0033486
OG0005413	TC007457	FBgn0250903
OG0004945	TC008012	FBgn0025743
OG0002397	TC011188	FBgn0004436
OG0004396	TC001189	FBgn0015247
OG0005445	TC000228	FBgn0259678
OG0001153	TC012877,TC010882	FBgn0014879
OG0007087	TC012538	FBgn0035692
OG0000574	TC000889	FBgn0000015
OG0001047	TC010012	FBgn0028858,FBgn0033408
OG0003747	TC008962	FBgn0040212
OG0001146	TC015016	FBgn0004049
OG0004159	TC006352	FBgn0040087
OG0005205	TC011312	FBgn0035879
OG0005683	TC014225	FBgn0263112
OG0002870	TC011650	FBgn0032700
OG0003116	TC004765	FBgn0037766
OG0003977	TC015355	FBgn0033031
OG0003917	TC000979	FBgn0039770
OG0005752	TC015654	FBgn0034837
OG0004575	TC033579	FBgn0033605
OG0005035	TC014757	FBgn0039713
OG0003900	TC011770	FBgn0051028
OG0004953	TC006094	FBgn0033155
OG0006152	TC013422	FBgn0053230
OG0000604	TC014957	FBgn0051092
OG0002718	TC015168	FBgn0032407
OG0005316	TC031333	FBgn0085431
OG0005566	TC007369	FBgn0261446
OG0001963	TC014207,TC014111	FBgn0004380
OG0002167	TC008409	FBgn0029833
OG0006223	TC012669	FBgn0286567
OG0005447	TC034875	FBgn0259705
OG0008061	TC015995	FBgn0052220
OG0000893	TC011516	FBgn0029664
OG0005624	TC009922	FBgn0261953
OG0002999	TC033813	FBgn0037447
OG0001947	TC032144,TC008858	FBgn0052354
OG0003248	TC016092	FBgn0002937
OG0002028	TC033958	FBgn0024985
OG0004728	TC003138	FBgn0033209
OG0004719	TC015613	FBgn0033246
OG0003593	TC008819	FBgn0039004
OG0002501	TC010491	FBgn0000351
OG0005201	TC012344	FBgn0021764
OG0004023	TC015304	FBgn0034517
OG0005139	TC015952	FBgn0034314
OG0000504	TC008319	FBgn0037613
OG0003812	TC014733	FBgn0039555
OG0001093	TC031375	FBgn0037565
OG0003255	TC009422	FBgn0038166
OG0003982	TC002501	FBgn0033029
OG0000589	TC012465	FBgn0038915,FBgn0038916
OG0004676	TC008657	FBgn0033363
OG0003064	TC013754	FBgn0037671
OG0003152	TC009722	FBgn0037834
OG0002287	TC012891	FBgn0037073
OG0006288	TC009325	FBgn0016013
OG0006370	TC008365	FBgn0030396
OG0002023	TC008129	FBgn0024362
OG0005359	TC012060	FBgn0086674
OG0004838	TC004721	FBgn0005666
OG0007913	TC034784	FBgn0038602
OG0003133	TC004463	FBgn0037777
OG0001361	TC003077	FBgn0034099,FBgn0029717
OG0005374	TC001524	FBgn0086710
OG0001895	TC007531,TC007532	FBgn0036769
OG0006442	TC003350	FBgn0030645
OG0001026	TC005511,TC031507	FBgn0028707
OG0001674	TC002603,TC002602	FBgn0262740
OG0004904	TC012601	FBgn0033540
OG0003167	TC005356	FBgn0037900
OG0004665	TC003433	FBgn0033379
OG0005843	TC015949	FBgn0035059
OG0003446	TC014335	FBgn0023083
OG0003415	TC030546	FBgn0000477
OG0004517	TC006554	FBgn0033761
OG0006864	TC030778	FBgn0036282
OG0004457	TC004462	FBgn0033912
OG0000478	TC007808	FBgn0037092
OG0007587	TC005411,TC005412,TC005413	FBgn0034417
OG0007174	TC013353	FBgn0040705
OG0002425	TC013470	FBgn0031670
OG0005767	TC004432	FBgn0050181
OG0007124	TC003116	FBgn0035586
OG0006400	TC008195	FBgn0030480
OG0006727	TC014761	FBgn0036665
OG0006698	TC000070	FBgn0004401
OG0001143	TC000981,TC014402	FBgn0000024
OG0007211	TC007636	FBgn0031505
OG0006651	TC007683	FBgn0036853
OG0005474	TC031511	FBgn0260386
OG0007027	TC003875	FBgn0040290
OG0003176	TC032543	FBgn0037941
OG0004847	TC005314	FBgn0026379
OG0002553	TC015137	FBgn0045038
OG0005366	TC006240	FBgn0086691
OG0007603	TC011137,TC011138	FBgn0267033
OG0001201	TC034774	FBgn0038975
OG0000190	TC032348	FBgn0033015
OG0001402	TC001151	FBgn0033274,FBgn0033523
OG0003587	TC000969	FBgn0003676
OG0002856	TC012511	FBgn0032634
OG0007254	TC007156	FBgn0031390
OG0002411	TC011938	FBgn0051523
OG0005133	TC010461	FBgn0031414
OG0001155	TC013310	FBgn0038299,FBgn0028984
OG0003620	TC015728	FBgn0028691
OG0005177	TC008686	FBgn0034566
OG0002343	TC014219	FBgn0037374
OG0006392	TC012873	FBgn0025463
OG0005019	TC007353	FBgn0033810
OG0001709	TC009351	FBgn0000157
OG0006568	TC010049	FBgn0031021
OG0002742	TC003154	FBgn0032446
OG0004416	TC003416	FBgn0000996
OG0006619	TC010474	FBgn0036926
OG0002855	TC008456	FBgn0051803
OG0007098	TC008733	FBgn0029121
OG0001179	TC033576,TC009876	FBgn0038601
OG0002031	TC009322	FBgn0024360
OG0006924	TC003674	FBgn0036111
OG0007513	TC011185	FBgn0026441
OG0005909	TC033165	FBgn0263601
OG0001634	TC000187	FBgn0261262
OG0005508	TC001478	FBgn0260860
OG0003936	TC008407	FBgn0051004
OG0007012	TC000044	FBgn0035838
OG0000541	TC006532	FBgn0051673,FBgn0032889,FBgn0051674
OG0002456	TC000957	FBgn0043362
OG0002741	TC008415	FBgn0032450
OG0002503	TC001179	FBgn0031860
OG0005394	TC000522	FBgn0250732
OG0007368	TC033734,TC033733,TC033732	FBgn0033355
OG0001767	TC034180	FBgn0266418
OG0002669	TC006163	FBgn0032261
OG0005823	TC013318	FBgn0002787
OG0005065	TC011087	FBgn0000542
OG0004400	TC015209	FBgn0034025
OG0001995	TC012375	FBgn0024733
OG0003679	TC032546	FBgn0039218
OG0006431	TC015715	FBgn0030592
OG0001186	TC010458	FBgn0259741,FBgn0038739
OG0003887	TC008707	FBgn0039697
OG0006697	TC009383	FBgn0036746
OG0002384	TC002098	FBgn0037328
OG0004102	TC030912	FBgn0034271
OG0004137	TC034611	FBgn0052736
OG0006816	TC000059	FBgn0036386
OG0007120	TC005451	FBgn0035589
OG0006453	TC011316	FBgn0026666
OG0000912	TC034397	FBgn0029830
OG0006884	TC003566	FBgn0036237
OG0006990	TC009551	FBgn0000121
OG0002485	TC003630	FBgn0051638
OG0006971	TC034135	FBgn0035947
OG0003405	TC013253	FBgn0051249
OG0002877	TC006419	FBgn0032707
OG0006645	TC001311	FBgn0036859
OG0006894	TC003789	FBgn0036196
OG0005242	TC014198	FBgn0054039
OG0006107	TC011433	FBgn0283724
OG0005364	TC013083	FBgn0086683
OG0004493	TC034333	FBgn0033799
OG0004141	TC012562	FBgn0029936
OG0006577	TC008488	FBgn0031051
OG0007930	TC011456,TC015255	FBgn0029718
OG0005830	TC008565	FBgn0035039
OG0007537	TC031422,TC016205	FBgn0004666
OG0000760	TC008998	FBgn0261552
OG0002339	TC034468	FBgn0037421
OG0003039	TC030560	FBgn0051450
OG0000551	TC004460	FBgn0062413,FBgn0062412,FBgn0062411
OG0002591	TC013921	FBgn0032101
OG0000637	TC004368	FBgn0030104,FBgn0266410
OG0001806	TC010157,TC004730	FBgn0004888
OG0001390	TC032332	FBgn0004839,FBgn0267728
OG0003545	TC011749	FBgn0004863
OG0002341	TC007476	FBgn0051559
OG0006566	TC030769	FBgn0030990
OG0005301	TC007424	FBgn0085265
OG0005197	TC032012	FBgn0011205
OG0000464	TC013215,TC011972,TC010845	FBgn0029843
OG0002478	TC010334	FBgn0031764
OG0004088	TC015492	FBgn0000658
OG0004529	TC013875	FBgn0033752
OG0007686	TC002786,TC002785	FBgn0037678,FBgn0052808,FBgn0037677
OG0007529	TC002134,TC002126	FBgn0266417
OG0002768	TC010081	FBgn0023407
OG0006295	TC003648	FBgn0035540
OG0001585	TC006553	FBgn0086708
OG0004727	TC010781	FBgn0033192
OG0000334	TC008668	FBgn0010434
OG0006084	TC000945	FBgn0270928
OG0000698	TC015359	FBgn0011754
OG0002133	TC009996	FBgn0029714
OG0006338	TC031247	FBgn0052666
OG0002805	TC012859	FBgn0001989
OG0000113	TC001602	FBgn0259176
OG0001593	TC033082	FBgn0250785
OG0005885	TC002803	FBgn0035144
OG0006528	TC032390	FBgn0030869
OG0005948	TC034342	FBgn0264490
OG0007071	TC010480	FBgn0035711
OG0004657	TC009309	FBgn0015561
OG0006535	TC015353	FBgn0030891
OG0003342	TC009331	FBgn0003227
OG0003347	TC007749	FBgn0010379
OG0000429	TC031049,TC031879,TC031063	FBgn0030817,FBgn0030816
OG0002047	TC015135	FBgn0023514
OG0000579	TC034795	FBgn0260874,FBgn0038789,FBgn0040849
OG0005696	TC014215	FBgn0263278
OG0004814	TC008514	FBgn0034276
OG0002118	TC031539	FBgn0052791
OG0004877	TC013414	FBgn0030556
OG0004966	TC007564	FBgn0031659
OG0004724	TC000614	FBgn0050382
OG0003181	TC033521	FBgn0051368
OG0005282	TC013626	FBgn0039994
OG0005114	TC004176	FBgn0053801
OG0003790	TC004116	FBgn0039489
OG0007075	TC002496	FBgn0005626
OG0006134	TC010774	FBgn0035203
OG0003423	TC006109	FBgn0020238
OG0007114	TC002287	FBgn0015766
OG0000412	TC003063	FBgn0024277
OG0000144	TC009199	FBgn0038208,FBgn0051533,FBgn0051327,FBgn0051029,FBgn0038210,FBgn0051025
OG0002171	TC006548	FBgn0029840
OG0004742	TC008879	FBgn0286788
OG0001942	TC002468,TC009781	FBgn0035959
OG0003443	TC002896	FBgn0038577
OG0005452	TC004504	FBgn0259736
OG0000975	TC003395	FBgn0034578,FBgn0051913
OG0006802	TC012019	FBgn0029148
OG0000105	TC030606,TC032936,TC008428,TC032937,TC007067,TC007071,TC007072	FBgn0034063
OG0002277	TC005516	FBgn0028402
OG0000949	TC012680,TC012679	FBgn0051561
OG0006467	TC011058	FBgn0003392
OG0003228	TC012336	FBgn0002354
OG0001880	TC001874	FBgn0043903,FBgn0031055
OG0006929	TC002643	FBgn0036105
OG0001943	TC002600,TC030882	FBgn0000116
OG0000115	TC031240	FBgn0052283,FBgn0283461,FBgn0052279,FBgn0052268,FBgn0035434,FBgn0052282,FBgn0052274
OG0002626	TC007938	FBgn0004419
OG0003113	TC001043	FBgn0037756
OG0002766	TC008146	FBgn0032479
OG0006822	TC007676	FBgn0036377
OG0000127	TC012758,TC012757,TC012756	FBgn0031970,FBgn0031969,FBgn0025697
OG0001035	TC007651	FBgn0032475
OG0000513	TC010758,TC011951	FBgn0262515,FBgn0032434
OG0001382	TC015663	FBgn0028991,FBgn0053182
OG0004051	TC005792	FBgn0013325
OG0005038	TC004768	FBgn0003862
OG0000440	TC010404	FBgn0003041
OG0005856	TC031264	FBgn0035064
OG0006197	TC015521	FBgn0035321
OG0002363	TC013564	FBgn0019637
OG0005071	TC004017	FBgn0043002
OG0007179	TC031364	FBgn0031606
OG0002127	TC008142	FBgn0026080
OG0004770	TC015333	FBgn0039890
OG0006946	TC003444	FBgn0015321
OG0000793	TC010657	FBgn0265140
OG0002153	TC014328	FBgn0029814
OG0006704	TC007766	FBgn0036728
OG0003313	TC031209	FBgn0038327
OG0001245	TC012186,TC012185	FBgn0039562
OG0001651	TC003159	FBgn0261808
OG0000730	TC033574	FBgn0085390
OG0003270	TC000813	FBgn0038199
OG0002731	TC006307	FBgn0032430
OG0004089	TC012373	FBgn0027836
OG0004552	TC000469	FBgn0033656
OG0000928	TC007825	FBgn0052425
OG0007282	TC034891	FBgn0031309
OG0007583	TC011833	FBgn0053147
OG0003742	TC005168	FBgn0039339
OG0006185	TC034687	FBgn0035293
OG0004327	TC006806	FBgn0034224
OG0004921	TC015094	FBgn0030724
OG0007009	TC007715	FBgn0053057
OG0006059	TC001165	FBgn0267429
OG0003675	TC011475	FBgn0039212
OG0001493	TC000685	FBgn0011225
OG0000499	TC014179	FBgn0016059
OG0002592	TC014162	FBgn0051708
OG0002377	TC009258	FBgn0017550
OG0003606	TC030749	FBgn0039039
OG0005100	TC007661	FBgn0036713
OG0000367	TC032574,TC034635	FBgn0011747
OG0000455	TC015066	FBgn0004397
OG0003502	TC000026	FBgn0038815
OG0000253	TC008100	FBgn0265726
OG0005064	TC012616	FBgn0031294
OG0002146	TC002917	FBgn0029768
OG0000721	TC032795	FBgn0053517
OG0001901	TC012829	FBgn0036617,FBgn0036618
OG0002611	TC006028	FBgn0032149
OG0003640	TC033656	FBgn0043455
OG0005454	TC011843	FBgn0259791
OG0000394	TC034159	FBgn0086690
OG0006653	TC016126	FBgn0036843
OG0000796	TC008534	FBgn0265784
OG0001702	TC002461	FBgn0028411
OG0003956	TC002492	FBgn0000150
OG0006317	TC007486	FBgn0030246
OG0006092	TC015810	FBgn0283477
OG0003029	TC011050	FBgn0020249
OG0002935	TC013505	FBgn0032856
OG0005912	TC014961	FBgn0263606
OG0004631	TC033806	FBgn0033463
OG0006533	TC001167	FBgn0030876
OG0000494	TC015608	FBgn0052016,FBgn0000392
OG0005971	TC001889	FBgn0264975
OG0000710	TC001867	FBgn0039738
OG0005273	TC015204	FBgn0002566
OG0002500	TC033835	FBgn0031848
OG0000915	TC012435,TC003940	FBgn0029853
OG0004731	TC000876	FBgn0000337
OG0000421	TC033609	FBgn0266446,FBgn0266451,FBgn0266448
OG0001244	TC013971,TC006986	FBgn0039522
OG0004865	TC009297	FBgn0035477
OG0000139	TC011689,TC008299,TC008300,TC015923,TC008301,TC009671	FBgn0037537
OG0002623	TC033079	FBgn0032196
OG0004398	TC014609	FBgn0022160
OG0006839	TC032451	FBgn0014343
OG0005634	TC010831	FBgn0262081
OG0004754	TC015812	FBgn0033166
OG0001850	TC003007,TC031560	FBgn0030697
OG0006854	TC011919	FBgn0036299
OG0001174	TC033570,TC009127	FBgn0016650
OG0001004	TC013739	FBgn0032083
OG0004667	TC034764	FBgn0033373
OG0002126	TC007253	FBgn0000635
OG0004656	TC012415	FBgn0033389
OG0003017	TC015709	FBgn0037544
OG0004185	TC000313	FBgn0030000
OG0004702	TC002777	FBgn0033272
OG0005503	TC007954	FBgn0260855
OG0000043	TC005542,TC034625,TC003563,TC034126,TC006574,TC006575,TC034125,TC012955,TC015087,TC031055	FBgn0035785
OG0006670	TC002607	FBgn0036822
OG0003830	TC007558	FBgn0026400
OG0007442	TC000218	FBgn0001142
OG0007564	TC009937	FBgn0033636
OG0004978	TC014294	FBgn0002183
OG0005668	TC008177	FBgn0262782
OG0003621	TC015855	FBgn0002922
OG0005500	TC001464	FBgn0260799
OG0001746	TC032118,TC005344	FBgn0264493
OG0006543	TC031629	FBgn0022355
OG0003553	TC012016	FBgn0038917
OG0007657	TC000555,TC032138,TC032137	FBgn0085458,FBgn0085457,FBgn0037940
OG0003296	TC034617	FBgn0004597
OG0002060	TC033585	FBgn0023545
OG0004028	TC008262	FBgn0034500
OG0007106	TC031061	FBgn0035636
OG0001856	TC004370	FBgn0000536
OG0002157	TC002215	FBgn0029819
OG0005610	TC005184	FBgn0261800
OG0002225	TC005545	FBgn0003444
OG0008042	TC004015,TC032687	FBgn0053998
OG0001791	TC004611	FBgn0285955
OG0004587	TC005011	FBgn0017414
OG0005239	TC001164	FBgn0054031
OG0000310	TC033721	FBgn0037870
OG0006662	TC006485	FBgn0036839
OG0000368	TC007409,TC032832,TC032830,TC003570	FBgn0019650
OG0007658	TC002459,TC002460	FBgn0031484
OG0002317	TC011515	FBgn0037141
OG0005680	TC001170	FBgn0263051
OG0001700	TC009147	FBgn0034963
OG0007915	TC006041	FBgn0036911
OG0005377	TC014288	FBgn0086757
OG0002739	TC001886	FBgn0032453
OG0001566	TC010811,TC033963	FBgn0085399
OG0002717	TC006819	FBgn0042125
OG0004927	TC032943	FBgn0010520
OG0000771	TC006983	FBgn0262509
OG0006953	TC006782	FBgn0010408
OG0004579	TC002937	FBgn0033544
OG0006237	TC008955	FBgn0035431
OG0002571	TC003810	FBgn0032032
OG0003010	TC000567	FBgn0037538
OG0001258	TC032757	FBgn0039681
OG0001454	TC008527,TC033274	FBgn0003016
OG0003079	TC012164	FBgn0037689
OG0004120	TC011200	FBgn0025815
OG0005536	TC009236	FBgn0261086
OG0000663	TC034738,TC004246,TC005276	FBgn0005624
OG0006302	TC001440	FBgn0066365
OG0004034	TC005959	FBgn0025720
OG0002018	TC015858	FBgn0026143
OG0007631	TC007203	FBgn0033710
OG0003490	TC033971	FBgn0038769
OG0004186	TC015316	FBgn0030038
OG0003097	TC000076	FBgn0287844
OG0005974	TC033855	FBgn0265011
OG0005706	TC003826	FBgn0034727
OG0003663	TC034529	FBgn0039189
OG0005102	TC030700	FBgn0034519
OG0000691	TC031146	FBgn0053490,FBgn0052086,FBgn0053489
OG0002986	TC000920	FBgn0000439
OG0000689	TC011082	FBgn0005278
OG0000958	TC002222	FBgn0037340,FBgn0036426
OG0006372	TC016231	FBgn0030406
OG0004735	TC006492	FBgn0028687
OG0007479	TC003315,TC015450,TC015447,TC033338	FBgn0039864
OG0006836	TC013079	FBgn0036335
OG0001570	TC008531	FBgn0085427
OG0002899	TC000132	FBgn0015772
OG0000498	TC006566	FBgn0032002,FBgn0032003,FBgn0032001
OG0002836	TC005481	FBgn0032602
OG0006943	TC004891	FBgn0015618
OG0004358	TC002114	FBgn0040505
OG0001181	TC011641	FBgn0038653
OG0006736	TC003180	FBgn0004465
OG0005664	TC002522	FBgn0262733
OG0000669	TC012469,TC006250,TC010517	FBgn0010385
OG0006640	TC016258	FBgn0036889
OG0002001	TC013057	FBgn0023535
OG0004826	TC031093	FBgn0003464
OG0001206	TC015200	FBgn0039069,FBgn0039180
OG0004624	TC010027	FBgn0010531
OG0002642	TC033413	FBgn0051716
OG0006992	TC011690	FBgn0011762
OG0002289	TC011738	FBgn0037093
OG0006694	TC015971	FBgn0036741
OG0003952	TC030765	FBgn0027620
OG0002388	TC013063	FBgn0003275
OG0001346	TC010564	FBgn0003162
OG0007851	TC007288	FBgn0052732
OG0001437	TC009552	FBgn0016047
OG0004602	TC004722	FBgn0033529
OG0006997	TC034744	FBgn0010825
OG0002394	TC013559	FBgn0037290
OG0002851	TC000537	FBgn0032643
OG0001277	TC007539,TC032020	FBgn0016123
OG0002925	TC014336	FBgn0032818
OG0004454	TC003493	FBgn0033919
OG0003582	TC012802	FBgn0051156
OG0003804	TC000954	FBgn0039509
OG0000837	TC012109,TC030450	FBgn0031109,FBgn0020277
OG0000191	TC005009	FBgn0037344
OG0005999	TC007143	FBgn0265959
OG0006222	TC014606	FBgn0001233
OG0006510	TC007434	FBgn0030809
OG0003643	TC003766	FBgn0039149
OG0007510	TC034244,TC011960	FBgn0263116
OG0005844	TC009384	FBgn0035065
OG0003190	TC012509	FBgn0037958
OG0007351	TC004548	FBgn0033597,FBgn0030492
OG0005957	TC013339	FBgn0264672
OG0000875	TC003466	FBgn0027793,FBgn0035169
OG0006794	TC034193	FBgn0036463
OG0007696	TC013765	FBgn0003248,FBgn0019940
OG0001567	TC032642	FBgn0085408
OG0002221	TC009578	FBgn0031228
OG0000865	TC006516	FBgn0032424,FBgn0025640
OG0002559	TC007174	FBgn0032008
OG0007566	TC011918	FBgn0259178
OG0004082	TC010851	FBgn0013983
OG0007812	TC000296	FBgn0265595
OG0002759	TC009660	FBgn0032512
OG0002648	TC010900	FBgn0004915
OG0003912	TC031431	FBgn0039767
OG0007944	TC000001,TC009507,TC031174	FBgn0036557
OG0007111	TC034808	FBgn0035627
OG0002179	TC007438	FBgn0029858
OG0001794	TC013786	FBgn0025712
OG0007329	TC004447,TC004450,TC003347,TC032324,TC004443,TC004444,TC004942,TC003348,TC004941,TC004940,TC003104,TC032323,TC004442,TC003345,TC004448,TC003103	FBgn0063492,FBgn0063495,FBgn0063496,FBgn0063493,FBgn0063497,FBgn0063494
OG0006787	TC010639	FBgn0036487
OG0007950	TC014103,TC014102	FBgn0051475
OG0007876	TC034347,TC012007,TC031926	FBgn0032702
OG0001468	TC014483	FBgn0032863
OG0006648	TC005191	FBgn0036857
OG0000814	TC015901	FBgn0035875
OG0004677	TC033856	FBgn0286782
OG0006256	TC001699	FBgn0035471
OG0000749	TC032883	FBgn0259994
OG0003073	TC010924	FBgn0037647
OG0003512	TC033568	FBgn0040575
OG0006142	TC034044	FBgn0020248
OG0006238	TC008164	FBgn0035425
OG0003645	TC030989	FBgn0039155
OG0002674	TC012424	FBgn0032297
OG0001518	TC030983,TC004521	FBgn0286075
OG0004438	TC004969	FBgn0033935
OG0005387	TC010783	FBgn0087007
OG0006168	TC012436	FBgn0035255
OG0008014	TC031071	FBgn0004895
OG0001463	TC034049,TC002082	FBgn0030555
OG0007689	TC011982,TC011849	FBgn0037612
OG0002879	TC014045	FBgn0005617
OG0001238	TC006372	FBgn0003482,FBgn0030931
OG0004256	TC013740	FBgn0034564
OG0007265	TC005359	FBgn0031347
OG0002142	TC007398	FBgn0026751
OG0000565	TC014631,TC002545,TC011654	FBgn0038237
OG0003560	TC014042	FBgn0038928
OG0000289	TC034533,TC005088,TC033918	FBgn0024320
OG0006262	TC014691	FBgn0000449
OG0004426	TC004585	FBgn0027596
OG0006965	TC013075	FBgn0035983
OG0002654	TC013064	FBgn0032258
OG0004160	TC013235	FBgn0010292
OG0000539	TC012137,TC003441,TC034216	FBgn0014127
OG0006105	TC010335	FBgn0283681
OG0001017	TC001733,TC012475	FBgn0032290
OG0005901	TC000928	FBgn0263396
OG0003996	TC012567	FBgn0050446
OG0005169	TC007759	FBgn0286511
OG0003261	TC003305	FBgn0038196
OG0003339	TC015192	FBgn0038376
OG0004017	TC008808	FBgn0034542
OG0004304	TC014559	FBgn0050404
OG0005311	TC002260	FBgn0085398
OG0003433	TC009940	FBgn0038603
OG0006297	TC002540	FBgn0015805
OG0007091	TC003372	FBgn0035675
OG0001018	TC000161	FBgn0032313,FBgn0019925
OG0006628	TC033038	FBgn0040786
OG0005212	TC030775	FBgn0039925
OG0005853	TC009879	FBgn0023181
OG0004855	TC015655	FBgn0022361
OG0005945	TC009816	FBgn0264325
OG0000075	TC005541,TC006580	FBgn0000591,FBgn0002633,FBgn0002735,FBgn0002733,FBgn0002609,FBgn0002631,FBgn0002734
OG0005186	TC010234	FBgn0003002
OG0004558	TC009349	FBgn0033638
OG0006124	TC002088	FBgn0284442
OG0003544	TC009341	FBgn0038889
OG0000845	TC007786	FBgn0036365,FBgn0036364
OG0002379	TC007648	FBgn0037342
OG0001465	TC001360,TC004609	FBgn0010215
OG0004634	TC007743	FBgn0005614
OG0006503	TC006559	FBgn0030802
OG0004008	TC003447	FBgn0034527
OG0006154	TC003173	FBgn0035254
OG0005176	TC007192	FBgn0036374
OG0002128	TC009472	FBgn0026079
OG0007234	TC008663	FBgn0031459
OG0002984	TC011177	FBgn0037473
OG0004419	TC010568	FBgn0033995
OG0000812	TC010040,TC009801,TC001640	FBgn0067864
OG0004593	TC009983	FBgn0033554
OG0002755	TC033788	FBgn0051855
OG0000770	TC032290	FBgn0262508
OG0000039	TC015939	FBgn0039313,FBgn0039310,FBgn0051380,FBgn0053301,FBgn0039311,FBgn0039312,FBgn0039308,FBgn0034480,FBgn0039309,FBgn0052195
OG0001397	TC034575,TC011115	FBgn0033610
OG0006912	TC002906	FBgn0052082
OG0000919	TC014752	FBgn0020304
OG0001576	TC006501	FBgn0086129
OG0005489	TC012903	FBgn0260745
OG0001792	TC016111	FBgn0052318,FBgn0035194
OG0006766	TC014143	FBgn0000489
OG0004980	TC003697	FBgn0052484
OG0001072	TC005697,TC009437	FBgn0032883
OG0001224	TC013005,TC034615	FBgn0004885
OG0007957	TC007292,TC034525	FBgn0283509
OG0004954	TC000361	FBgn0025360
OG0000085	TC015095,TC015433,TC014872,TC030899,TC033468,TC012760,TC015809,TC014877	FBgn0034909
OG0001939	TC004733	FBgn0052036
OG0005953	TC005830	FBgn0264560
OG0002534	TC014664	FBgn0041181
OG0005549	TC001409	FBgn0261278
OG0004387	TC000158	FBgn0034073
OG0004036	TC005714	FBgn0034488
OG0001774	TC014935	FBgn0267350
OG0000888	TC007491	FBgn0003714
OG0002116	TC000956	FBgn0023216
OG0004939	TC002919	FBgn0015789
OG0004830	TC013872	FBgn0016038
OG0007210	TC007500	FBgn0031514
OG0000724	TC013633	FBgn0032151
OG0004442	TC012623	FBgn0050077
OG0004894	TC006224	FBgn0046258
OG0003379	TC012505	FBgn0038453
OG0006480	TC009495	FBgn0030731
OG0003874	TC009205	FBgn0039691
OG0004211	TC007745	FBgn0030093
OG0004979	TC007298	FBgn0030018
OG0002072	TC002956	FBgn0003116
OG0001796	TC014480	FBgn0031422,FBgn0035265
OG0003899	TC011768	FBgn0039751
OG0001785	TC010178	FBgn0284421
OG0006293	TC002281	FBgn0035534
OG0001285	TC013774	FBgn0039970,FBgn0031504
OG0002209	TC034294	FBgn0031268
OG0003130	TC010653	FBgn0001321
OG0007030	TC011757	FBgn0035839
OG0006255	TC006518	FBgn0035469
OG0000801	TC032338	FBgn0266801
OG0005594	TC033237	FBgn0261647
OG0003117	TC010102	FBgn0037760
OG0006206	TC002905	FBgn0010905
OG0003771	TC010181	FBgn0288631
OG0003175	TC015781	FBgn0037926
OG0005928	TC014566	FBgn0263930
OG0005223	TC000748	FBgn0024250
OG0007256	TC030614	FBgn0011570
OG0007135	TC006751	FBgn0015527
OG0001158	TC015506	FBgn0065032,FBgn0038369
OG0007173	TC004103	FBgn0031604
OG0005647	TC031528	FBgn0262477
OG0000463	TC010442	FBgn0023174,FBgn0040063,FBgn0029812
OG0002954	TC006210	FBgn0032919
OG0001470	TC006190	FBgn0032860
OG0000934	TC004646	FBgn0037126,FBgn0053290
OG0005789	TC033598	FBgn0061198
OG0004219	TC013408	FBgn0040235
OG0006723	TC002425	FBgn0036666
OG0005550	TC007163	FBgn0261283
OG0002569	TC004594	FBgn0031985
OG0008057	TC006985	FBgn0033866
OG0002619	TC011139	FBgn0027600
OG0005691	TC003871	FBgn0263237
OG0000059	TC011397	FBgn0263289
OG0001340	TC005099,TC009423	FBgn0003204
OG0006241	TC031477	FBgn0035415
OG0005511	TC008849	FBgn0260866
OG0005453	TC014798	FBgn0259789
OG0003081	TC013295	FBgn0037690
OG0005719	TC009202	FBgn0034792
OG0007116	TC012083	FBgn0035603
OG0003751	TC001671	FBgn0039359
OG0002261	TC003004	FBgn0036973
OG0002786	TC008163	FBgn0003255
OG0005810	TC007113	FBgn0021875
OG0000238	TC008477	FBgn0085437
OG0001976	TC014180	FBgn0025681
OG0007502	TC004466,TC015268	FBgn0030082
OG0000586	TC012743	FBgn0004862
OG0002657	TC030613	FBgn0004106
OG0005441	TC010489	FBgn0286203
OG0006314	TC008731	FBgn0030251
OG0002728	TC003427	FBgn0032408
OG0006458	TC032960	FBgn0053172
OG0006882	TC014076	FBgn0011723
OG0003272	TC015369	FBgn0004855
OG0002413	TC011963	FBgn0037248
OG0002483	TC009558	FBgn0031820
OG0004151	TC000747	FBgn0029943
OG0001392	TC012898	FBgn0001090,FBgn0033661
OG0007057	TC002398	FBgn0035761
OG0005938	TC012136	FBgn0264005
OG0000903	TC009451	FBgn0037162,FBgn0029747
OG0005798	TC003894	FBgn0034925
OG0003430	TC012027	FBgn0038610
OG0004435	TC034407	FBgn0028689
OG0003368	TC031371	FBgn0038439
OG0006669	TC013545	FBgn0014075
OG0003009	TC009562	FBgn0037536
OG0006493	TC014705	FBgn0026181
OG0000358	TC015640	FBgn0014033,FBgn0020376,FBgn0020377,FBgn0031547
OG0000315	TC013829,TC031308	FBgn0038080,FBgn0039145,FBgn0001228
OG0002573	TC012162	FBgn0020497
OG0004355	TC015052	FBgn0034145
OG0002159	TC013565	FBgn0013987
OG0005417	TC004364	FBgn0259139
OG0002818	TC013453	FBgn0000339
OG0007294	TC014149	FBgn0265487
OG0006336	TC010401	FBgn0030305
OG0004780	TC002240	FBgn0039930
OG0006903	TC004359	FBgn0064766
OG0004726	TC012786	FBgn0033224
OG0005724	TC031046	FBgn0289650
OG0005770	TC001442	FBgn0011236
OG0000026	TC014536,TC009831	FBgn0050047,FBgn0034437,FBgn0034438,FBgn0034440,FBgn0034436,FBgn0050043,FBgn0053012,FBgn0034439,FBgn0033720,FBgn0034441,FBgn0050049
OG0000260	TC007979,TC032055,TC006703,TC005836,TC033936	FBgn0036093
OG0003250	TC004701	FBgn0038181
OG0002892	TC013480	FBgn0000422
OG0006759	TC034197	FBgn0036565
OG0007584	TC009636	FBgn0034117
OG0002457	TC001069	FBgn0015381
OG0004478	TC013369	FBgn0027581
OG0006789	TC013601	FBgn0036486
OG0001342	TC000808,TC003485	FBgn0034583
OG0002349	TC002341	FBgn0037395
OG0002723	TC006674	FBgn0032419
OG0007778	TC033410	FBgn0036913
OG0006322	TC013683	FBgn0015245
OG0005779	TC008936	FBgn0005612
OG0002298	TC010483	FBgn0037063
OG0002691	TC013451	FBgn0032298
OG0001506	TC009145	FBgn0037555
OG0004406	TC006290	FBgn0024754
OG0001380	TC008151,TC033319	FBgn0000119
OG0004336	TC033996	FBgn0034186
OG0005574	TC011842	FBgn0261532
OG0005254	TC033693	FBgn0037549
OG0003018	TC004631	FBgn0037541
OG0000383	TC002719	FBgn0013765
OG0001074	TC011513,TC034582	FBgn0032929
OG0000850	TC005309	FBgn0036059
OG0003165	TC009971	FBgn0011774
OG0004367	TC009739	FBgn0034118
OG0002369	TC034317	FBgn0027497
OG0000588	TC030617	FBgn0038890
OG0005104	TC012842	FBgn0036789
OG0003866	TC008018	FBgn0013972
OG0000414	TC030997	FBgn0264598
OG0007396	TC032129,TC006428	FBgn0031568
OG0006041	TC009549	FBgn0266709
OG0000005	TC009457,TC008275,TC005085,TC011413,TC033349,TC006561,TC031958,TC015442,TC032873,TC004540,TC014025,TC032621,TC004538,TC003779,TC002666,TC032872,TC006586,TC015274,TC032416,TC005532,TC015443,TC014314,TC010912,TC033821,TC031959,TC006635,TC006440,TC014022,TC015444,TC015273,TC004729,TC016044,TC000423,TC015476,TC005489,TC004240,TC012241,TC031957,TC031050,TC010502,TC004541,TC006134	FBgn0267252
OG0004130	TC006779	FBgn0029887
OG0003783	TC004559	FBgn0039464
OG0004112	TC011099	FBgn0034253
OG0006356	TC004970	FBgn0030358
OG0004433	TC010266	FBgn0016684
OG0005288	TC014047	FBgn0024804
OG0001282	TC033768	FBgn0051619
OG0000424	TC034139	FBgn0011361
OG0000918	TC010339,TC005002	FBgn0015621
OG0005008	TC013945	FBgn0039396
OG0005108	TC033743	FBgn0053774
OG0006746	TC013181	FBgn0027080
OG0001157	TC012334	FBgn0030066,FBgn0038361
OG0001638	TC010420	FBgn0261276
OG0004234	TC007197	FBgn0052698
OG0005438	TC003091	FBgn0259224
OG0000296	TC003532	FBgn0033872
OG0004054	TC006557	FBgn0034430
OG0000629	TC013368,TC034859	FBgn0034281,FBgn0050429
OG0000052	TC013276	FBgn0051337
OG0006190	TC004975	FBgn0035336
OG0006446	TC006500	FBgn0030668
OG0003773	TC009181	FBgn0023179
OG0007423	TC002924,TC007627	FBgn0031717
OG0001911	TC007971	FBgn0026418
OG0003831	TC013245	FBgn0000659
OG0002535	TC014936	FBgn0031947
OG0000476	TC032637	FBgn0037060
OG0000635	TC008102,TC008101	FBgn0035948,FBgn0030060
OG0002620	TC002951	FBgn0005593
OG0007650	TC031457,TC031456	FBgn0261802
OG0001902	TC016320	FBgn0036623,FBgn0036622
OG0001458	TC012389,TC012388	FBgn0000117
OG0001575	TC004743	FBgn0085638
OG0007550	TC010947,TC010898	FBgn0261258
OG0002690	TC011601	FBgn0051869
OG0000797	TC032667	FBgn0266084
OG0000985	TC033256,TC033257	FBgn0031854
OG0005922	TC016366	FBgn0263852
OG0006515	TC030739	FBgn0030839
OG0006529	TC007896	FBgn0030868
OG0003893	TC031144	FBgn0039741
OG0004673	TC006714	FBgn0033352
OG0007081	TC000870	FBgn0002926
OG0004972	TC012535	FBgn0053506
OG0006103	TC014454	FBgn0283659
OG0007068	TC003464	FBgn0035733
OG0003801	TC001451	FBgn0039505
OG0002628	TC015667	FBgn0010407
OG0003092	TC010170	FBgn0028997
OG0002387	TC009732	FBgn0037304
OG0005872	TC006853	FBgn0035106
OG0006504	TC005889	FBgn0030800
OG0001695	TC009462,TC009355	FBgn0015372
OG0003437	TC000584	FBgn0038590
OG0006714	TC014810	FBgn0036687
OG0007486	TC014231,TC014229,TC014230,TC014228	FBgn0031418
OG0001257	TC011744,TC012748	FBgn0000492
OG0001528	TC014461	FBgn0013720
OG0005873	TC010863	FBgn0035103
OG0006071	TC032517	FBgn0267796
OG0004909	TC031547	FBgn0033633
OG0006414	TC012374	FBgn0030514
OG0000422	TC031053	FBgn0266566
OG0005173	TC008024	FBgn0043841
OG0007306	TC004273,TC004274	FBgn0032684,FBgn0027073,FBgn0038886
OG0000243	TC033858	FBgn0259246
OG0005211	TC030592	FBgn0034495
OG0001789	TC009106,TC031278	FBgn0285952
OG0003684	TC015142	FBgn0039234
OG0000787	TC034046	FBgn0263846
OG0002395	TC030751	FBgn0037293
OG0003351	TC010409	FBgn0038401
OG0005509	TC007153	FBgn0260861
OG0004561	TC009209	FBgn0041174
OG0004303	TC011653	FBgn0034660
OG0007238	TC014137	FBgn0026479
OG0001765	TC013241	FBgn0266411
OG0005695	TC009499	FBgn0263260
OG0000997	TC012123	FBgn0032013
OG0005074	TC034825	FBgn0064115
OG0001284	TC005638,TC005637	FBgn0033061
OG0002156	TC015993	FBgn0029823
OG0000841	TC012622,TC030624	FBgn0010352
OG0007407	TC033716,TC031202	FBgn0034903
OG0002323	TC011524	FBgn0010830
OG0006021	TC002568	FBgn0266452
OG0007015	TC002096	FBgn0035848
OG0007440	TC033689,TC009052,TC033690	FBgn0037057
OG0004549	TC010825	FBgn0033668
OG0005156	TC014792	FBgn0034009
OG0005214	TC005867	FBgn0010339
OG0007535	TC034299,TC034300	FBgn0036927
OG0005403	TC013738	FBgn0250820
OG0000132	TC015325,TC015326,TC015404	FBgn0064119,FBgn0036816,FBgn0260466,FBgn0032314
OG0006552	TC003290	FBgn0030969
OG0006511	TC004909	FBgn0030806
OG0000753	TC008265,TC034736	FBgn0261041
OG0004306	TC004712	FBgn0034691
OG0003035	TC030547	FBgn0037603
OG0002139	TC004670	FBgn0025679
OG0002123	TC007027	FBgn0066114
OG0004932	TC031183	FBgn0287788
OG0006006	TC004371	FBgn0266099
OG0005796	TC000219	FBgn0034938
OG0007140	TC010680	FBgn0031143
OG0007283	TC006277	FBgn0016926
OG0001510	TC012639	FBgn0011676
OG0002705	TC006425	FBgn0032363
OG0001725	TC004497	FBgn0263391
OG0002098	TC012280	FBgn0024993
OG0006217	TC011695	FBgn0035372
OG0001710	TC009382	FBgn0035088
OG0002082	TC011467	FBgn0027296
OG0000587	TC034367,TC033392	FBgn0038881
OG0001498	TC003397	FBgn0003218
OG0003890	TC012809	FBgn0027518
OG0004715	TC009491	FBgn0027548
OG0004420	TC001631	FBgn0033984
OG0003221	TC012133	FBgn0005671
OG0001973	TC008390,TC011331	FBgn0031476
OG0002186	TC011181	FBgn0003139
OG0007601	TC000498,TC013326,TC004770	FBgn0035501,FBgn0052260
OG0005433	TC001467	FBgn0259214
OG0005371	TC008017	FBgn0086704
OG0007261	TC006415	FBgn0031359
OG0001842	TC007628	FBgn0030607,FBgn0036449
OG0007484	TC011168,TC011169,TC011170	FBgn0039774
OG0002716	TC013556	FBgn0032394
OG0007860	TC033983,TC006181,TC006184	FBgn0262599
OG0002010	TC010207	FBgn0025634
OG0004360	TC032121	FBgn0034141
OG0004642	TC009468	FBgn0017558
OG0002901	TC009337	FBgn0032723
OG0006638	TC000570	FBgn0036892
OG0005213	TC003226	FBgn0028741
OG0002027	TC008646	FBgn0023169
OG0002918	TC013753	FBgn0024230
OG0000232	TC011326	FBgn0003654,FBgn0067861
OG0005058	TC000615	FBgn0029736
OG0006916	TC005482	FBgn0036134
OG0002052	TC012081	FBgn0023508
OG0002909	TC009369	FBgn0032798
OG0007764	TC005249,TC007848	FBgn0000052
OG0006795	TC010209	FBgn0036462
OG0000704	TC032479	FBgn0053519
OG0005879	TC009598	FBgn0035147
OG0007488	TC006060,TC006061	FBgn0035192
OG0000878	TC007687	FBgn0025631
OG0006289	TC009314	FBgn0024179
OG0003858	TC032492	FBgn0039664
OG0006362	TC011294	FBgn0030341
OG0003854	TC002991	FBgn0039634
OG0003448	TC013256	FBgn0038617
OG0003972	TC001250	FBgn0021847
OG0004365	TC013228	FBgn0034110
OG0002164	TC005802	FBgn0029789
OG0004984	TC008933	FBgn0040726
OG0008033	TC011482,TC002331	FBgn0033961
OG0004986	TC000024	FBgn0000575
OG0007005	TC003966	FBgn0017429
OG0000491	TC000806,TC014240	FBgn0031729,FBgn0032200
OG0002659	TC010870	FBgn0027568
OG0006598	TC030591	FBgn0031060
OG0004044	TC007523	FBgn0034452
OG0001428	TC030641	FBgn0039908
OG0002048	TC034463	FBgn0029594
OG0002130	TC002628	FBgn0029693
OG0003882	TC004385	FBgn0039726
OG0004632	TC007422	FBgn0033460
OG0004674	TC015621	FBgn0033357
OG0006686	TC013308	FBgn0036763
OG0004688	TC014260	FBgn0033315
OG0003618	TC030712	FBgn0028475
OG0003605	TC016287	FBgn0039045
OG0006393	TC034110	FBgn0052638
OG0000899	TC015633	FBgn0029709,FBgn0034681
OG0003108	TC015960	FBgn0037743
OG0004643	TC031519	FBgn0033426
OG0002992	TC011361	FBgn0026565
OG0006973	TC011840	FBgn0035953
OG0001891	TC034693,TC015900	FBgn0036804
OG0004294	TC003602	FBgn0034649
OG0001867	TC008122	FBgn0030850
OG0003909	TC030998	FBgn0010113
OG0003493	TC011150	FBgn0038746
OG0007820	TC001698,TC006303	FBgn0032864
OG0002085	TC015731	FBgn0001330
OG0004103	TC013546	FBgn0003545
OG0006954	TC002987	FBgn0036008
OG0000947	TC012811,TC011658	FBgn0037411
OG0002777	TC012706	FBgn0015271
OG0000944	TC007817	FBgn0037182
OG0001898	TC007891	FBgn0028693,FBgn0036465
OG0003612	TC013857	FBgn0039078
OG0002509	TC010779	FBgn0031877
OG0000976	TC014727	FBgn0031741
OG0005389	TC013979	FBgn0087012
OG0001840	TC011249	FBgn0028952,FBgn0030500
OG0004198	TC011540	FBgn0041629
OG0005904	TC032750	FBgn0263512
OG0006272	TC008709	FBgn0015829
OG0000655	TC034763,TC009526,TC009282	FBgn0034022
OG0005526	TC010210	FBgn0260991
OG0001699	TC001574	FBgn0030951,FBgn0011726
OG0003532	TC030644	FBgn0038853
OG0004064	TC009501	FBgn0034390
OG0001016	TC030081,TC004893	FBgn0003751
OG0001169	TC000753,TC001460	FBgn0020907
OG0000573	TC015006,TC033421,TC015005	FBgn0038452
OG0005338	TC015925	FBgn0086361
OG0000028	TC033149	FBgn0031999
OG0000366	TC007149,TC000836,TC007377,TC013635	FBgn0051999
OG0007516	TC008406	FBgn0000711
OG0000822	TC033224,TC013592,TC006544	FBgn0030268
OG0002959	TC013923	FBgn0021856
OG0004201	TC015324	FBgn0030065
OG0006754	TC001756	FBgn0011016
OG0006186	TC001470	FBgn0004636
OG0004094	TC009620	FBgn0034242
OG0000128	TC033823,TC014127	FBgn0051668,FBgn0051262,FBgn0031998,FBgn0053124
OG0001059	TC007940,TC007941	FBgn0032729
OG0003473	TC015389	FBgn0038695
OG0002129	TC013652	FBgn0004832
OG0003737	TC013591	FBgn0039304
OG0005887	TC011304	FBgn0052343
OG0002944	TC010454	FBgn0016054
OG0005827	TC030909	FBgn0035027
OG0004190	TC009047	FBgn0027864
OG0004693	TC007383	FBgn0033264
OG0002406	TC012348	FBgn0037232
OG0000060	TC002293	FBgn0003089
OG0001519	TC009875	FBgn0035083,FBgn0035082
OG0004766	TC004296	FBgn0052850
OG0007316	TC014532	FBgn0011695
OG0007701	TC001700,TC014929	FBgn0040309
OG0005808	TC007427	FBgn0034974
OG0005277	TC011241	FBgn0064225
OG0004282	TC002940	FBgn0011824
OG0005642	TC032811	FBgn0262127
OG0003530	TC034560	FBgn0038858
OG0002989	TC000331	FBgn0037467
OG0002428	TC013906	FBgn0031682
OG0001014	TC007860,TC007859	FBgn0011703
OG0005708	TC001715	FBgn0034718
OG0003075	TC005070	FBgn0037644
OG0000102	TC003437,TC003439,TC003438,TC003436,TC002992	FBgn0034405,FBgn0010053,FBgn0034406
OG0000941	TC002698,TC007865	FBgn0037170
OG0000849	TC034108	FBgn0000451
OG0003478	TC008264	FBgn0038722
OG0007439	TC006337	FBgn0033095
OG0005350	TC030561	FBgn0086446
OG0006840	TC004289	FBgn0014007
OG0006004	TC015651	FBgn0266064
OG0001502	TC001714	FBgn0050372
OG0003158	TC003565	FBgn0037880
OG0004668	TC002610	FBgn0011286
OG0000867	TC009105	FBgn0015799,FBgn0038390
OG0006617	TC000098	FBgn0036918
OG0004594	TC003415	FBgn0033550
OG0006927	TC014210	FBgn0036099
OG0003623	TC015477	FBgn0027512
OG0003802	TC001450	FBgn0046247
OG0001228	TC016383	FBgn0050401,FBgn0039283
OG0007227	TC012308	FBgn0051694
OG0004353	TC008616	FBgn0016131
OG0004629	TC009259	FBgn0022382
OG0004898	TC016274	FBgn0260484
OG0005828	TC014053	FBgn0035031
OG0002697	TC006622	FBgn0028700
OG0006162	TC009835	FBgn0025820
OG0001479	TC004133	FBgn0030757,FBgn0036714
OG0005290	TC012548	FBgn0063368
OG0006195	TC030757	FBgn0000543
OG0006473	TC008091	FBgn0026076
OG0001950	TC008014	FBgn0035872
OG0004010	TC012458	FBgn0034532
OG0006796	TC011231	FBgn0003388
OG0005539	TC015892	FBgn0261109
OG0000836	TC032220	FBgn0030997
OG0001028	TC011974	FBgn0032439,FBgn0010774
OG0002939	TC014789	FBgn0032873
OG0006829	TC013078	FBgn0036336
OG0003761	TC030567	FBgn0039405
OG0007990	TC004408,TC031585	FBgn0037540
OG0001323	TC002390	FBgn0027786,FBgn0029963
OG0001551	TC008067	FBgn0083962
OG0005921	TC003716	FBgn0263832
OG0006225	TC000143	FBgn0035423
OG0006643	TC015193	FBgn0040075
OG0000658	TC006712	FBgn0000289
OG0006094	TC004724	FBgn0283494
OG0003834	TC010660	FBgn0039601
OG0007710	TC032130,TC032131	FBgn0031799
OG0004041	TC015732	FBgn0034455
OG0001781	TC004592,TC002498	FBgn0283531
OG0002685	TC013372	FBgn0000018
OG0006758	TC006621	FBgn0036570
OG0002629	TC015920	FBgn0032204
OG0002084	TC004395	FBgn0000377
OG0003245	TC012166	FBgn0038167
OG0004746	TC010059	FBgn0033169
OG0001096	TC001659,TC007022	FBgn0037633
OG0003450	TC015165	FBgn0044871
OG0004083	TC015981	FBgn0034300
OG0002826	TC007246	FBgn0032587
OG0006878	TC009712	FBgn0036207
OG0006674	TC003322	FBgn0027057
OG0001094	TC011844,TC004405	FBgn0010173
OG0005482	TC009226	FBgn0260499
OG0001061	TC033397	FBgn0002044
OG0004577	TC013581	FBgn0033582
OG0003519	TC000830	FBgn0038839
OG0007810	TC015653	FBgn0030230
OG0002949	TC014435	FBgn0032881
OG0005986	TC012354	FBgn0265189
OG0002390	TC001754	FBgn0037315
OG0005477	TC004455	FBgn0260398
OG0006418	TC031216	FBgn0004649
OG0003897	TC016399	FBgn0039755
OG0000571	TC012356	FBgn0002783,FBgn0004181
OG0001953	TC034995,TC010470	FBgn0052380
OG0002403	TC033703	FBgn0026417
OG0000956	TC033414	FBgn0004878
OG0006011	TC014202	FBgn0266268
OG0002586	TC014754	FBgn0032031
OG0003110	TC009235	FBgn0037751
OG0005367	TC012368	FBgn0086693
OG0000971	TC034249	FBgn0016920
OG0003546	TC033106	FBgn0038894
OG0004168	TC002851	FBgn0029992
OG0006730	TC003445	FBgn0287696
OG0006448	TC007631	FBgn0030669
OG0003126	TC006114	FBgn0037780
OG0004181	TC032498	FBgn0030026
OG0000942	TC011526	FBgn0052451
OG0005261	TC009377	FBgn0083951
OG0001425	TC004142,TC007794	FBgn0016126
OG0002351	TC010878	FBgn0029088
OG0006695	TC013650	FBgn0036742
OG0006993	TC009295	FBgn0035877
OG0002162	TC000571	FBgn0053080
OG0002631	TC008691	FBgn0032217
OG0007828	TC033037,TC033036	FBgn0028692
OG0001333	TC009470	FBgn0052703
OG0001091	TC002315	FBgn0001138
OG0007651	TC032717	FBgn0039091,FBgn0038873,FBgn0053337,FBgn0033792,FBgn0031034,FBgn0031033,FBgn0259229,FBgn0039092,FBgn0031032,FBgn0039093
OG0005744	TC014339	FBgn0010660
OG0006534	TC012121	FBgn0030884
OG0005020	TC004773	FBgn0035964
OG0003046	TC005004	FBgn0037632
OG0003881	TC012491	FBgn0039727
OG0001540	TC030569	FBgn0031378,FBgn0054015
OG0001461	TC012454	FBgn0015513
OG0003397	TC011315	FBgn0038504
OG0004630	TC014897	FBgn0033468
OG0007548	TC034941,TC006833,TC008610,TC008611	FBgn0001079
OG0007152	TC012861	FBgn0031189
OG0001599	TC032572	FBgn0259143
OG0004641	TC001325	FBgn0033413
OG0005049	TC011638	FBgn0029870
OG0004800	TC008618	FBgn0021760
OG0003905	TC034329	FBgn0039737
OG0002799	TC004939	FBgn0001977
OG0005216	TC012322	FBgn0028979
OG0001749	TC000543	FBgn0264562
OG0000927	TC034176	FBgn0036999,FBgn0036154
OG0000625	TC009366,TC033524	FBgn0034443,FBgn0033875
OG0005126	TC000356	FBgn0051224
OG0005385	TC034740	FBgn0087002
OG0006323	TC007999	FBgn0028686
OG0003467	TC000184	FBgn0038662
OG0007108	TC006309	FBgn0052418
OG0001159	TC015786	FBgn0029964,FBgn0038387
OG0000324	TC033362	FBgn0031187,FBgn0038862
OG0006097	TC006166	FBgn0283525
OG0001736	TC005473	FBgn0263994
OG0007194	TC007847	FBgn0031535
OG0003279	TC009555	FBgn0038234
OG0004062	TC031058	FBgn0034400
OG0004488	TC012928	FBgn0033813
OG0007134	TC001089	FBgn0001565
OG0002978	TC011462	FBgn0028400
OG0002444	TC033123	FBgn0031707
OG0005774	TC009914	FBgn0034936
OG0007026	TC015649	FBgn0020392
OG0006972	TC004582	FBgn0035951
OG0007041	TC000081	FBgn0052369
OG0002917	TC015985	FBgn0032793
OG0006087	TC015771	FBgn0283450
OG0004289	TC011550	FBgn0034650
OG0006848	TC007992	FBgn0010235
OG0007409	TC033942	FBgn0035807
OG0002800	TC014474	FBgn0287768
OG0006196	TC002371	FBgn0015360
OG0001728	TC010029	FBgn0263593
OG0002008	TC015701	FBgn0001341
OG0000999	TC030879	FBgn0031990
OG0003371	TC002075	FBgn0044826
OG0003835	TC014506	FBgn0027873
OG0001090	TC034564	FBgn0037546
OG0007556	TC031516,TC031517	FBgn0004369
OG0005997	TC034726	FBgn0265630
OG0002730	TC013337	FBgn0032428
OG0006269	TC002972	FBgn0035519
OG0004474	TC005719	FBgn0000662
OG0006376	TC013603	FBgn0030411
OG0006786	TC014343	FBgn0036485
OG0005150	TC006235	FBgn0052202
OG0005729	TC010666	FBgn0034750
OG0001097	TC014953	FBgn0037623
OG0007880	TC012316	FBgn0003042
OG0004429	TC011086	FBgn0028434
OG0003355	TC014039	FBgn0040271
OG0006432	TC001710	FBgn0052590
OG0004409	TC034409	FBgn0034021
OG0003309	TC004140	FBgn0038320
OG0003959	TC015524	FBgn0032956
OG0003398	TC009572	FBgn0038499
OG0004512	TC030044	FBgn0011227
OG0007725	TC002388,TC002389	FBgn0036007
OG0004014	TC033649	FBgn0034540
OG0000013	TC034678,TC013389	FBgn0015586,FBgn0028987,FBgn0028988,FBgn0028983,FBgn0033115,FBgn0024294,FBgn0051902,FBgn0033574,FBgn0052203,FBgn0033113,FBgn0032178,FBgn0033112,FBgn0024293,FBgn0034195,FBgn0083141,FBgn0265137,FBgn0028986,FBgn0002930,FBgn0044011
OG0004268	TC016112	FBgn0002736
OG0001127	TC013946	FBgn0037949
OG0004600	TC014543	FBgn0001122
OG0001446	TC003580	FBgn0003380
OG0003522	TC014581	FBgn0038830
OG0004849	TC008355	FBgn0039215
OG0005952	TC013593	FBgn0264495
OG0000175	TC032373,TC000227,TC014369,TC034226,TC015012,TC004777	FBgn0035383
OG0000765	TC007336	FBgn0261573
OG0003957	TC000126	FBgn0039859
OG0007259	TC000117	FBgn0027597
OG0007169	TC007883	FBgn0027560
OG0004437	TC032264	FBgn0020269
OG0000610	TC004557	FBgn0051445,FBgn0263236
OG0004929	TC008729	FBgn0040064
OG0003145	TC004469	FBgn0037831
OG0003494	TC032030	FBgn0038745
OG0005456	TC033242	FBgn0287724
OG0006556	TC014015	FBgn0030974
OG0001248	TC009607	FBgn0039600
OG0001024	TC014434	FBgn0032393,FBgn0051864
OG0003059	TC011263	FBgn0037657
OG0005570	TC006746	FBgn0261479
OG0004669	TC001942	FBgn0021825
OG0001077	TC013110	FBgn0030263,FBgn0037506
OG0002676	TC011645	FBgn0027868
OG0005181	TC005179	FBgn0028540
OG0007946	TC032548,TC031812	FBgn0036667
OG0002625	TC031492	FBgn0032191
OG0007248	TC014416	FBgn0003557
OG0003555	TC005003	FBgn0038903
OG0006871	TC015756	FBgn0036272
OG0006660	TC006756	FBgn0036847
OG0004511	TC003194	FBgn0003326
OG0006264	TC008799	FBgn0003206
OG0006042	TC009979	FBgn0266711
OG0003828	TC012221	FBgn0027655
OG0001129	TC001722	FBgn0003651
OG0002022	TC007081	FBgn0004650
OG0004808	TC011004	FBgn0026309
OG0005052	TC008666	FBgn0026533
OG0003283	TC009262	FBgn0038251
OG0000109	TC002505	FBgn0034420
OG0001254	TC010331	FBgn0039651,FBgn0035600
OG0000459	TC009198,TC009014	FBgn0029689,FBgn0037759
OG0001422	TC009861	FBgn0003174
OG0005235	TC003144	FBgn0030897
OG0004506	TC007199	FBgn0011604
OG0002675	TC013382	FBgn0032296
OG0002956	TC005421	FBgn0032925
OG0002368	TC005371	FBgn0037370
OG0002714	TC007711	FBgn0032397
OG0003888	TC002427	FBgn0039696
OG0000036	TC006858	FBgn0036670,FBgn0039368,FBgn0039367,FBgn0034729,FBgn0039370,FBgn0042133,FBgn0033815,FBgn0039369,FBgn0039366
OG0005014	TC002071	FBgn0015546
OG0000795	TC031245,TC009114	FBgn0265356
OG0006049	TC006253	FBgn0267002
OG0001949	TC002446	FBgn0035854
OG0007274	TC015687	FBgn0031310
OG0006756	TC003696	FBgn0036581
OG0007637	TC010636	FBgn0031813
OG0006841	TC010883	FBgn0052112
OG0005893	TC000138	FBgn0035166
OG0003134	TC008170	FBgn0037797
OG0002510	TC000466	FBgn0021944
OG0000363	TC006925,TC031215,TC002275	FBgn0033187
OG0001672	TC009778,TC001038	FBgn0262624
OG0000337	TC014676	FBgn0263084
OG0000864	TC008023	FBgn0040373
OG0001456	TC014165,TC031107	FBgn0002567
OG0003306	TC003119	FBgn0038313
OG0006947	TC002269	FBgn0036032
OG0002114	TC032112	FBgn0044046
OG0000376	TC030896	FBgn0026059
OG0001210	TC009206	FBgn0035585,FBgn0016119
OG0004589	TC002488	FBgn0050016
OG0001610	TC001774	FBgn0003410,FBgn0259794
OG0005345	TC014860	FBgn0086384
OG0000237	TC000046	FBgn0259198,FBgn0083968,FBgn0036204
OG0002938	TC001276	FBgn0032871
OG0003193	TC010495	FBgn0017581
OG0000829	TC015801	FBgn0030648
OG0006498	TC006490	FBgn0030790
OG0002423	TC007333	FBgn0037217
OG0001480	TC007882	FBgn0031627,FBgn0053543
OG0003503	TC033790	FBgn0001169
OG0001377	TC000460,TC000459	FBgn0033913
OG0007109	TC005305	FBgn0035632
OG0001078	TC013873	FBgn0000618,FBgn0040670
OG0000821	TC007373,TC008131,TC005575	FBgn0003321
OG0006057	TC003008	FBgn0267398
OG0007292	TC008240	FBgn0283471
OG0003821	TC008623	FBgn0039557
OG0005964	TC033631	FBgn0264785
OG0000870	TC009112	FBgn0013347,FBgn0040338
OG0003592	TC011756	FBgn0038966
OG0005199	TC002980	FBgn0039544
OG0001085	TC015834	FBgn0038107,FBgn0026566
OG0000509	TC034805	FBgn0051870,FBgn0039104,FBgn0047351
OG0004087	TC004607	FBgn0034308
OG0000578	TC001761,TC009934	FBgn0038735
OG0007386	TC005182	FBgn0037702
OG0003150	TC004574	FBgn0011768
OG0000768	TC031283	FBgn0262111
OG0000271	TC005576,TC034441	FBgn0052432
OG0001744	TC034186	FBgn0264386
OG0001272	TC004647	FBgn0051019
OG0001955	TC000032,TC003597	FBgn0012058
OG0000146	TC013628,TC001977,TC001978	FBgn0267408,FBgn0038350,FBgn0038349,FBgn0038348
OG0001548	TC015141	FBgn0039965
OG0004900	TC014478	FBgn0042175
OG0005776	TC013340	FBgn0020764
OG0000460	TC009784	FBgn0029745,FBgn0033886
OG0000988	TC004667	FBgn0051635
OG0003652	TC011079	FBgn0039159
OG0006827	TC013474	FBgn0002573
OG0001927	TC000323	FBgn0036198
OG0001116	TC016210	FBgn0051373,FBgn0051278
OG0002677	TC000094	FBgn0032292
OG0001505	TC011813	FBgn0035253
OG0003677	TC000275	FBgn0039209
OG0003988	TC006630	FBgn0050443
OG0000852	TC015110	FBgn0023479
OG0002446	TC003306	FBgn0051648
OG0005356	TC007760	FBgn0086655
OG0006452	TC001072	FBgn0004391
OG0002737	TC011537	FBgn0032447
OG0006352	TC002337	FBgn0030345
OG0000883	TC033116	FBgn0035674,FBgn0040391
OG0003603	TC012533	FBgn0039048
OG0007356	TC009589	FBgn0284243
OG0001398	TC003628	FBgn0050021
OG0002473	TC014119	FBgn0031771
OG0004260	TC032141	FBgn0034579
OG0005121	TC031480	FBgn0027358
OG0000188	TC032636,TC032702,TC032701,TC004028,TC031072	FBgn0037065
OG0006067	TC000505	FBgn0287720
OG0007533	TC014633,TC004183	FBgn0032339
OG0007581	TC002351,TC004596	FBgn0017418
OG0004504	TC000634	FBgn0004435
OG0005183	TC015394	FBgn0000529
OG0000745	TC004424	FBgn0259685
OG0006253	TC003238	FBgn0013751
OG0001309	TC012057	FBgn0263026,FBgn0062440
OG0001370	TC014398,TC031531	FBgn0033998
OG0004019	TC031865	FBgn0034528
OG0007586	TC010534,TC010535,TC032515	FBgn0261555
OG0006934	TC003094	FBgn0000629
OG0002783	TC032573	FBgn0028658
OG0007875	TC014598	FBgn0003900
OG0005487	TC013175	FBgn0260743
OG0001089	TC010597	FBgn0000504
OG0007277	TC001249	FBgn0031315
OG0007808	TC003208	FBgn0034181
OG0006056	TC004792	FBgn0267390
OG0000649	TC001983	FBgn0033474,FBgn0034202
OG0004516	TC015852	FBgn0050053
OG0002937	TC013031	FBgn0032870
OG0004974	TC013655	FBgn0053512
OG0008017	TC015665	FBgn0029913
OG0006843	TC011939	FBgn0052113
OG0006784	TC031105	FBgn0036480
OG0003722	TC012324	FBgn0039259
OG0000320	TC015092	FBgn0039228,FBgn0085303,FBgn0051294,FBgn0085326
OG0005839	TC002347	FBgn0010414
OG0001852	TC004857,TC031089	FBgn0053180
OG0002260	TC000308	FBgn0001247
OG0006540	TC014858	FBgn0030883
OG0005803	TC034597	FBgn0025335
OG0006928	TC000880	FBgn0026160
OG0003087	TC002097	FBgn0037718
OG0006872	TC009997	FBgn0036271
OG0004251	TC002312	FBgn0052676
OG0005528	TC007131	FBgn0261016
OG0006079	TC003998	FBgn0267977
OG0001607	TC013784	FBgn0259734
OG0003594	TC007573	FBgn0039025
OG0004540	TC001439	FBgn0033692
OG0005250	TC001256	FBgn0039943
OG0007931	TC008797,TC006752	FBgn0262116
OG0005062	TC007170	FBgn0037100
OG0001213	TC032740	FBgn0039129,FBgn0010412
OG0005802	TC008872	FBgn0025352
OG0006772	TC031386	FBgn0004396
OG0003571	TC004387	FBgn0038965
OG0001960	TC002392	FBgn0035688
OG0001612	TC000604	FBgn0259831
OG0007299	TC032251	FBgn0264908
OG0006008	TC031035	FBgn0266124
OG0006165	TC014376	FBgn0035270
OG0003178	TC013806	FBgn0037943
OG0003332	TC015139	FBgn0286071
OG0006354	TC006611	FBgn0030361
OG0001512	TC034831	FBgn0039378,FBgn0031491
OG0003968	TC031208	FBgn0033050
OG0000165	TC004760,TC004632	FBgn0085473,FBgn0085471,FBgn0085213,FBgn0036343,FBgn0085472
OG0003278	TC008904	FBgn0003567
OG0002259	TC004889	FBgn0027565
OG0005046	TC007563	FBgn0051721
OG0003364	TC002078	FBgn0038429
OG0005841	TC016368	FBgn0035056
OG0007221	TC008331	FBgn0031498
OG0008000	TC015468,TC011028	FBgn0015615
OG0005257	TC006821	FBgn0287182
OG0001773	TC031964	FBgn0030913,FBgn0267253
OG0001476	TC014632	FBgn0032156
OG0003241	TC006524	FBgn0044511
OG0003486	TC000430	FBgn0014006
OG0006073	TC011472	FBgn0267824
OG0000251	TC031466	FBgn0265191
OG0002688	TC031091	FBgn0027453
OG0002393	TC013585	FBgn0040208
OG0000682	TC030545	FBgn0033229,FBgn0003082,FBgn0042173
OG0000906	TC031939	FBgn0029799,FBgn0030054
OG0007077	TC032487	FBgn0035703
OG0004224	TC008817	FBgn0030096
OG0004440	TC011162	FBgn0050197
OG0004441	TC005165	FBgn0033943
OG0007186	TC032760	FBgn0001075
OG0001919	TC009925,TC002732	FBgn0036257
OG0001652	TC009413,TC033117	FBgn0261822
OG0007226	TC013791	FBgn0031479
OG0000811	TC013312,TC013311	FBgn0041342,FBgn0035231
OG0002504	TC031695	FBgn0051632
OG0005726	TC002775	FBgn0005631
OG0007217	TC005893	FBgn0031490
OG0004225	TC031168	FBgn0040931
OG0004095	TC007357	FBgn0040294
OG0000827	TC000583	FBgn0030574
OG0007224	TC008829	FBgn0031493
OG0005352	TC002876	FBgn0086451
OG0003411	TC013450	FBgn0038540
OG0005194	TC014135	FBgn0016930
OG0005701	TC015093	FBgn0034728
OG0006828	TC008002	FBgn0036330
OG0004158	TC008308	FBgn0029962
OG0005848	TC010901	FBgn0004055
OG0001691	TC012363	FBgn0030616,FBgn0034822
OG0005305	TC005600	FBgn0085369
OG0000294	TC003170	FBgn0003270
OG0003626	TC033629	FBgn0039128
OG0005207	TC006170	FBgn0001091
OG0001653	TC013912	FBgn0261823
OG0001875	TC012657	FBgn0031006
OG0007065	TC003450	FBgn0035726
OG0002587	TC001146	FBgn0003209
OG0007802	TC032288,TC032289	FBgn0261445
OG0000106	TC011623,TC003733,TC032499,TC012854,TC011622	FBgn0033905,FBgn0033904,FBgn0033903
OG0004436	TC000461	FBgn0033958
OG0003725	TC009196	FBgn0051108
OG0006014	TC014251	FBgn0266346
OG0006743	TC011998	FBgn0003515
OG0007767	TC002547,TC032302,TC003280	FBgn0035811
OG0006066	TC010914	FBgn0267698
OG0003161	TC002935	FBgn0037882
OG0006887	TC011535	FBgn0042138
OG0001726	TC033041	FBgn0263392
OG0005308	TC031489	FBgn0085383
OG0000137	TC009514,TC009515,TC000575,TC008868,TC007234,TC032902	FBgn0028895
OG0000371	TC034143,TC005487,TC034144	FBgn0039736,FBgn0034275
OG0000834	TC005976	FBgn0030925,FBgn0030926
OG0004309	TC009793	FBgn0034707
OG0007354	TC030708,TC030673	FBgn0004656
OG0004810	TC031508	FBgn0028743
OG0007610	TC008638,TC008637	FBgn0003093
OG0000521	TC002171	FBgn0028644,FBgn0013433,FBgn0028645
OG0000311	TC001746	FBgn0052056
OG0007526	TC003617,TC032438	FBgn0263108
OG0005037	TC008846	FBgn0037747
OG0006974	TC001561	FBgn0035960
OG0007925	TC005107,TC009312,TC015778	FBgn0030242,FBgn0030241
OG0004975	TC032553	FBgn0053513
OG0003669	TC015321	FBgn0003134
OG0003710	TC000962	FBgn0039265
OG0006892	TC013313	FBgn0036199
OG0001083	TC000921,TC000922	FBgn0004054
OG0005907	TC031972	FBgn0263599
OG0003772	TC010153	FBgn0039451
OG0000194	TC014407	FBgn0039855,FBgn0039854,FBgn0031844,FBgn0039856
OG0007122	TC033816	FBgn0028962
OG0006909	TC002139	FBgn0036124
OG0001956	TC011447,TC011450	FBgn0035722
OG0001986	TC031226,TC012250	FBgn0031399
OG0003650	TC032195	FBgn0011725
OG0000149	TC032135,TC000551,TC000556,TC000552	FBgn0039200,FBgn0039198
OG0002231	TC010522	FBgn0031238
OG0002582	TC011609	FBgn0032042
OG0002950	TC005782	FBgn0010395
OG0001383	TC034512	FBgn0020370
OG0003209	TC003216	FBgn0038053
OG0000483	TC013085	FBgn0037577,FBgn0037363
OG0004187	TC009265	FBgn0030049
OG0002952	TC007665	FBgn0032913
OG0002809	TC005315	FBgn0000182
OG0001885	TC006730	FBgn0036921
OG0003922	TC032549	FBgn0024288
OG0004147	TC032893	FBgn0029939
OG0002318	TC008987	FBgn0015075
OG0005955	TC032400	FBgn0264574
OG0007250	TC007190	FBgn0031392
OG0001600	TC000995	FBgn0259163
OG0001889	TC005675	FBgn0036801
OG0001312	TC031877	FBgn0050109,FBgn0050108
OG0002434	TC014005	FBgn0031673
OG0003864	TC006414	FBgn0039674
OG0007307	TC031159,TC013048,TC013045,TC013047,TC013046	FBgn0030362,FBgn0038257
OG0006309	TC008134	FBgn0005775
OG0003752	TC006818	FBgn0039357
OG0004931	TC008454	FBgn0032167
OG0005544	TC031122	FBgn0261243
OG0007029	TC002294	FBgn0029113
OG0007348	TC006930,TC005210,TC006935,TC031915	FBgn0053900,FBgn0053886,FBgn0053874,FBgn0053896,FBgn0053904,FBgn0053898,FBgn0053880,FBgn0053910,FBgn0053872,FBgn0053884,FBgn0061209,FBgn0053906,FBgn0053868,FBgn0053870,FBgn0053888,FBgn0053908,FBgn0053902,FBgn0053894,FBgn0053882,FBgn0053890,FBgn0053878,FBgn0053876,FBgn0053892
OG0004204	TC014939	FBgn0026411
OG0004526	TC015310	FBgn0010238
OG0005168	TC009617	FBgn0039020
OG0006886	TC000849	FBgn0036184
OG0004114	TC001510	FBgn0034249
OG0007590	TC015341,TC033309,TC015379,TC015380,TC015576	FBgn0033464
OG0007435	TC033401,TC005115,TC006897	FBgn0261244
OG0007733	TC006262,TC003599,TC002841	FBgn0035792,FBgn0035788,FBgn0035787
OG0007665	TC006563,TC006564	FBgn0264272
OG0005171	TC008403	FBgn0003687
OG0003619	TC012664	FBgn0039110
OG0005968	TC010798	FBgn0264855
OG0006089	TC003829	FBgn0283469
OG0006308	TC033638	FBgn0035577
OG0005056	TC031153	FBgn0037234
OG0003974	TC033103	FBgn0033054
OG0002645	TC034140	FBgn0032244
OG0001790	TC011980	FBgn0285954
OG0000606	TC014513,TC008919	FBgn0004387
OG0004937	TC007443	FBgn0031094
OG0003325	TC008566	FBgn0045035
OG0005491	TC031464	FBgn0260749
OG0001777	TC009743	FBgn0267821
OG0005785	TC010002	FBgn0034968
OG0005246	TC012698	FBgn0039958
OG0006485	TC001227	FBgn0030742
OG0007176	TC010681	FBgn0011603
OG0005890	TC000710	FBgn0035168
OG0006488	TC034689	FBgn0040207
OG0001668	TC034427	FBgn0262579
OG0000545	TC015328	FBgn0035584,FBgn0026316,FBgn0017456
OG0002647	TC033550	FBgn0032247
OG0005505	TC001666	FBgn0260857
OG0002421	TC010658	FBgn0037229
OG0006996	TC032308	FBgn0020224
OG0002831	TC005480	FBgn0032601
OG0003310	TC011377	FBgn0021750
OG0007033	TC030568	FBgn0035827
OG0003637	TC000591	FBgn0016754
OG0006403	TC000101	FBgn0030467
OG0003759	TC013566	FBgn0039411
OG0006483	TC005736	FBgn0005411
OG0002040	TC032792	FBgn0025391
OG0004338	TC009538	FBgn0289323
OG0005422	TC003564	FBgn0259164
OG0007576	TC005185,TC004389	FBgn0265297
OG0006151	TC014809	FBgn0035244
OG0007677	TC033776,TC001349	FBgn0051065
OG0003554	TC008090	FBgn0003867
OG0007070	TC003718	FBgn0035724
OG0000032	TC007182,TC007189,TC034670,TC032875,TC032876,TC007914,TC007185,TC007186,TC032874	FBgn0038070,FBgn0033999,FBgn0023495
OG0000967	TC034330,TC012406	FBgn0037244
OG0003244	TC000929	FBgn0015778
OG0004546	TC000474	FBgn0033679
OG0004910	TC011257	FBgn0015872
OG0007131	TC014984	FBgn0011710
OG0000897	TC032159	FBgn0026084
OG0000558	TC003997	FBgn0033519,FBgn0037890
OG0002923	TC014121	FBgn0004811
OG0002324	TC011528	FBgn0037186
OG0005966	TC009550	FBgn0264816
OG0007904	TC002350	FBgn0037017
OG0006877	TC013925	FBgn0022959
OG0004922	TC016087	FBgn0003969
OG0003477	TC010761	FBgn0038716
OG0000675	TC006851,TC031252	FBgn0027561
OG0002575	TC001194	FBgn0032054
OG0008051	TC006807	FBgn0033685
OG0003389	TC000894	FBgn0000014
OG0002365	TC002930	FBgn0037359
OG0001410	TC032336	FBgn0024189
OG0003070	TC004633	FBgn0037655
OG0005312	TC014731	FBgn0085410
OG0004949	TC000103	FBgn0011826
OG0001571	TC033657	FBgn0085428
OG0000268	TC014931,TC008826,TC009497	FBgn0030189,FBgn0029710
OG0006728	TC013000	FBgn0036663
OG0000540	TC014290	FBgn0003475
OG0006091	TC000119	FBgn0283476
OG0006239	TC005447	FBgn0035420
OG0007593	TC034599,TC002767,TC011825,TC009602,TC011824	FBgn0023197,FBgn0036738,FBgn0035670
OG0000078	TC007681	FBgn0025637,FBgn0031074,FBgn0026174,FBgn0034863,FBgn0262535,FBgn0026175,FBgn0034904,FBgn0026176
OG0004542	TC014582	FBgn0000426
OG0005554	TC012843	FBgn0261360
OG0003907	TC009189	FBgn0039730
OG0007495	TC030784,TC002688	FBgn0023507
OG0004897	TC001048	FBgn0002772
OG0003538	TC014514	FBgn0038876
OG0005846	TC008971	FBgn0035085
OG0005473	TC034712	FBgn0260224
OG0006575	TC013648	FBgn0004057
OG0007419	TC003278,TC003277,TC003294,TC032298	FBgn0030163,FBgn0030164,FBgn0050281,FBgn0050280
OG0006632	TC004624	FBgn0036891
OG0006497	TC007931	FBgn0030788
OG0003226	TC005831	FBgn0038106
OG0002062	TC008441	FBgn0023512
OG0006462	TC012376	FBgn0030699
OG0000378	TC005886,TC006266,TC005887	FBgn0036165,FBgn0041094
OG0005030	TC000933	FBgn0004169
OG0007580	TC005111,TC009275	FBgn0265416
OG0000092	TC010896	FBgn0265257,FBgn0037384,FBgn0038125,FBgn0052847,FBgn0085337,FBgn0262360,FBgn0032660
OG0003394	TC006409	FBgn0028992
OG0001633	TC015747	FBgn0261261
OG0004305	TC001465	FBgn0067102
OG0006282	TC001707	FBgn0035505
OG0005580	TC008276	FBgn0261575
OG0007832	TC031568,TC001726	FBgn0085396
OG0006347	TC004980	FBgn0030329
OG0006596	TC005457	FBgn0031070
OG0004107	TC013074	FBgn0028494
OG0003479	TC032719	FBgn0003011
OG0003689	TC012766	FBgn0040601
OG0005578	TC002506	FBgn0261553
OG0002608	TC033225	FBgn0032129
OG0007161	TC034595	FBgn0031639
OG0003565	TC012587	FBgn0038922
OG0006718	TC009308	FBgn0036652
OG0002527	TC031742	FBgn0031905
OG0005007	TC032466	FBgn0052576
OG0000974	TC032215	FBgn0036939,FBgn0031735
OG0007452	TC000940,TC000944,TC000942,TC000941	FBgn0020506,FBgn0000079,FBgn0000078
OG0000234	TC005342	FBgn0001147
OG0003690	TC011713	FBgn0051121
OG0005601	TC032248	FBgn0261698
OG0004964	TC004005	FBgn0031661
OG0000977	TC011344	FBgn0031752
OG0002326	TC014457	FBgn0053169
OG0001160	TC002301,TC002299	FBgn0038396
OG0007258	TC003649	FBgn0031360
OG0006038	TC009108	FBgn0266673
OG0001263	TC001039	FBgn0039734
OG0000879	TC004936	FBgn0038627,FBgn0026878
OG0005558	TC011527	FBgn0261381
OG0002529	TC010419	FBgn0031918
OG0002070	TC010448	FBgn0004654
OG0003369	TC006653	FBgn0038438
OG0006244	TC003401	FBgn0035402
OG0005892	TC001278	FBgn0035173
OG0006687	TC009613	FBgn0036771
OG0004343	TC008758	FBgn0004580
OG0006202	TC004033	FBgn0035360
OG0007769	TC001725,TC012008	FBgn0024921,FBgn0035693
OG0004059	TC015660	FBgn0010551
OG0004788	TC000175	FBgn0004577
OG0002791	TC014716	FBgn0028926
OG0001467	TC008567	FBgn0039536
OG0003774	TC034514	FBgn0039459
OG0006571	TC008705	FBgn0031040
OG0002940	TC013542	FBgn0032880
OG0002598	TC012073	FBgn0011232
OG0000159	TC003898,TC002508,TC002509,TC005444,TC003539,TC006230	FBgn0039896
OG0007232	TC013151	FBgn0031452
OG0000948	TC011827	FBgn0027527,FBgn0040279
OG0005603	TC034733	FBgn0261723
OG0004992	TC008457	FBgn0041707
OG0003153	TC013555	FBgn0010421
OG0002188	TC010321	FBgn0028685
OG0003598	TC012305	FBgn0039003
OG0005220	TC004600	FBgn0039229
OG0007471	TC033252,TC033250	FBgn0034013
OG0006508	TC012093	FBgn0015336
OG0002115	TC012218	FBgn0015286
OG0004448	TC030699	FBgn0033916
OG0003234	TC031548	FBgn0038098
OG0005973	TC034482	FBgn0265002
OG0003768	TC012812	FBgn0039427
OG0001500	TC016011,TC034106	FBgn0039900
OG0003798	TC001119	FBgn0039480
OG0008054	TC006801	FBgn0032481
OG0001816	TC032465,TC032464	FBgn0035583
OG0003985	TC014659	FBgn0039969
OG0006919	TC032474	FBgn0036121
OG0003065	TC016342	FBgn0010803
OG0000694	TC005834	FBgn0036730,FBgn0259195,FBgn0030657
OG0006337	TC013119	FBgn0030306
OG0002364	TC011607	FBgn0037356
OG0000302	TC033807,TC033808	FBgn0037583,FBgn0263143
OG0007496	TC013918,TC013917	FBgn0026415,FBgn0013763
OG0002241	TC001193	FBgn0001259
OG0001394	TC003494,TC032395	FBgn0033608
OG0006364	TC002669	FBgn0004511
OG0000193	TC000966,TC000965	FBgn0031677,FBgn0052625,FBgn0085312,FBgn0036826
OG0001961	TC011648,TC005942	FBgn0028980
OG0006149	TC003325	FBgn0035236
OG0004191	TC011539	FBgn0030058
OG0003817	TC012396	FBgn0039565
OG0006724	TC003588	FBgn0036668
OG0004236	TC013384	FBgn0030177
OG0000598	TC030558	FBgn0039126,FBgn0264741,FBgn0264740
OG0001271	TC031361	FBgn0082582
OG0000614	TC007252	FBgn0039801,FBgn0039800
OG0004915	TC015410	FBgn0052133
OG0006310	TC034316	FBgn0030234
OG0001281	TC034449	FBgn0011224
OG0003654	TC030768	FBgn0039153
OG0006565	TC015171	FBgn0030995
OG0007187	TC005784	FBgn0004893
OG0007262	TC007919	FBgn0031356
OG0006703	TC001865	FBgn0036725
OG0007400	TC003369,TC003368	FBgn0011576
OG0000913	TC012528,TC034287	FBgn0029831
OG0004345	TC033580	FBgn0026402
OG0006460	TC033522	FBgn0026374
OG0004942	TC016224	FBgn0031093
OG0000365	TC004767	FBgn0024811
OG0001264	TC012176	FBgn0039735,FBgn0016685
OG0001883	TC000963,TC033460	FBgn0024889
OG0003855	TC001104	FBgn0288875
OG0004031	TC033316	FBgn0034497
OG0001241	TC008735,TC001601	FBgn0010328
OG0004652	TC031189	FBgn0033376
OG0003435	TC010887	FBgn0038596
OG0005640	TC009191	FBgn0262125
OG0002589	TC033420	FBgn0032059
OG0006369	TC005810	FBgn0043001
OG0000049	TC002466,TC006455,TC002465,TC006453,TC034093,TC006456,TC034092,TC002464,TC002467	FBgn0027611
OG0000047	TC033648	FBgn0034092,FBgn0004431,FBgn0034539,FBgn0050062,FBgn0029765,FBgn0034538,FBgn0004425,FBgn0004429,FBgn0004430
OG0002090	TC007905	FBgn0040376
OG0007284	TC012408	FBgn0003310
OG0001274	TC011165	FBgn0027654
OG0000993	TC008513	FBgn0010612,FBgn0031941
OG0001322	TC001035	FBgn0003656
OG0000385	TC016023	FBgn0003638
OG0001031	TC007854	FBgn0032477
OG0007700	TC003292,TC008986	FBgn0037031
OG0007803	TC032014,TC032013	FBgn0260397
OG0002732	TC006729	FBgn0020443
OG0006199	TC008021	FBgn0016794
OG0007095	TC031060	FBgn0002638
OG0006773	TC013916	FBgn0036510
OG0006591	TC013737	FBgn0031065
OG0006380	TC007075	FBgn0030433
OG0002078	TC007851	FBgn0040389
OG0006851	TC009878	FBgn0036291
OG0006086	TC016318	FBgn0283438
OG0002893	TC014400	FBgn0002023
OG0001012	TC014579	FBgn0032248,FBgn0032291
OG0007673	TC008714,TC010110,TC010117,TC010109,TC016303	FBgn0034943
OG0002037	TC006604	FBgn0000482
OG0007616	TC004598,TC031236	FBgn0015239
OG0002748	TC012874	FBgn0032476
OG0005629	TC007768	FBgn0261986
OG0000711	TC002504	FBgn0000578
OG0004216	TC010229	FBgn0028292
OG0003748	TC014163	FBgn0039379
OG0007749	TC008742	FBgn0031829
OG0007147	TC015726	FBgn0023177
OG0002308	TC003694	FBgn0037120
OG0003350	TC002659	FBgn0003319
OG0003756	TC007124	FBgn0039402
OG0001534	TC032404	FBgn0013718
OG0001190	TC007824	FBgn0021776
OG0002896	TC033128	FBgn0032744
OG0003170	TC015689	FBgn0037906
OG0002769	TC015260	FBgn0032524
OG0000327	TC031834	FBgn0066101
OG0002678	TC011602	FBgn0032299
OG0000279	TC030045,TC030046,TC011006	FBgn0051644,FBgn0015031
OG0006381	TC007093	FBgn0030435
OG0001439	TC013217,TC005981	FBgn0067783
OG0000126	TC014920,TC008060,TC031382,TC004372,TC011128,TC015784	FBgn0031738
OG0006897	TC000052	FBgn0052085
OG0007036	TC012666	FBgn0011817
OG0006360	TC003912	FBgn0030344
OG0006366	TC008521	FBgn0030327
OG0007367	TC005500,TC012672	FBgn0030778
OG0004950	TC000144	FBgn0011742
OG0002345	TC007171	FBgn0037377
OG0005270	TC033956	FBgn0083983
OG0001255	TC000885	FBgn0039647
OG0001218	TC001141	FBgn0039161
OG0004768	TC001775	FBgn0042696
OG0004098	TC015453	FBgn0034258
OG0003223	TC000411	FBgn0038095
OG0001040	TC016367	FBgn0028916
OG0007143	TC000626	FBgn0002641
OG0001590	TC006111,TC031269	FBgn0086908
OG0002801	TC007226	FBgn0028370
OG0002776	TC014571	FBgn0028919
OG0000390	TC013915	FBgn0085413
OG0000303	TC034684,TC000216,TC033386,TC033387	FBgn0002932
OG0001360	TC009632	FBgn0036131,FBgn0034113
OG0000553	TC007533,TC011020	FBgn0037614,FBgn0037615
OG0006547	TC013975	FBgn0030943
OG0002330	TC016317	FBgn0037199
OG0006831	TC013178	FBgn0036340
OG0006532	TC007850	FBgn0028343
OG0004574	TC008107	FBgn0033607
OG0001760	TC014488	FBgn0265767
OG0000847	TC034566	FBgn0036274
OG0002502	TC014947	FBgn0031832
OG0005245	TC006629	FBgn0040011
OG0005280	TC005103	FBgn0020908
OG0002719	TC002742	FBgn0032409
OG0005023	TC007135	FBgn0002789
OG0001319	TC015699	FBgn0004198
OG0000065	TC008010,TC007073	FBgn0032462
OG0001525	TC016311	FBgn0036680,FBgn0036679
OG0000856	TC013837	FBgn0042185
OG0005066	TC012410	FBgn0031536
OG0006113	TC009011	FBgn0284246
OG0004525	TC013466	FBgn0050051
OG0004567	TC030640	FBgn0050022
OG0005533	TC001544	FBgn0261067
OG0001646	TC003908	FBgn0261703,FBgn0002723
OG0001418	TC009102	FBgn0033243,FBgn0033140
OG0005011	TC004679	FBgn0034982
OG0007609	TC011052,TC015465	FBgn0016122,FBgn0012037
OG0005016	TC007385	FBgn0032117
OG0001455	TC004921	FBgn0025456
OG0003374	TC011105	FBgn0003513
OG0004138	TC010447	FBgn0029929
OG0000530	TC010320	FBgn0032648,FBgn0032649,FBgn0032647
OG0003252	TC012149	FBgn0038183
OG0001086	TC014006	FBgn0038486,FBgn0037440
OG0002110	TC013840	FBgn0000644
OG0006023	TC030628	FBgn0266518
OG0004166	TC011794	FBgn0029997
OG0006167	TC004637	FBgn0035264
OG0001896	TC012041,TC003269	FBgn0036745
OG0003217	TC011380	FBgn0002905
OG0003465	TC010671	FBgn0038672
OG0007061	TC006690	FBgn0028648
OG0000198	TC010191,TC000980,TC010192	FBgn0053299,FBgn0039027,FBgn0039028
OG0000940	TC003546	FBgn0034327,FBgn0037156
OG0001676	TC009240	FBgn0262871
OG0000743	TC010786	FBgn0259245
OG0002101	TC011997	FBgn0003996
OG0006411	TC005408	FBgn0030529
OG0004076	TC012563	FBgn0000566
OG0000349	TC008665,TC008571,TC032963,TC031599	FBgn0010590
OG0005831	TC008644	FBgn0035046
OG0007786	TC034306,TC010589	FBgn0250838
OG0003878	TC011374	FBgn0039709
OG0004445	TC015082	FBgn0019938
OG0002520	TC014297	FBgn0031897
OG0002528	TC011945	FBgn0028387
OG0007332	TC001157	FBgn0039703
OG0007177	TC000079	FBgn0053002
OG0001142	TC000669	FBgn0038143
OG0005231	TC014075	FBgn0004463
OG0004172	TC004001	FBgn0029971
OG0004738	TC000405	FBgn0004132
OG0005514	TC007472	FBgn0260940
OG0002644	TC004800	FBgn0032243
OG0005935	TC004579	FBgn0263986
OG0007462	TC032189,TC032190	FBgn0261574
OG0003531	TC011887	FBgn0038860
OG0004090	TC005392	FBgn0034310
OG0000091	TC002620,TC032561,TC002621,TC032292	FBgn0027339
OG0000517	TC013594	FBgn0024846,FBgn0015765,FBgn0267339
OG0006204	TC001328	FBgn0027082
OG0007103	TC009487	FBgn0035631
OG0002063	TC007447	FBgn0023511
OG0004375	TC033640	FBgn0034070
OG0000484	TC014494	FBgn0016698,FBgn0037365,FBgn0030696
OG0007899	TC033666,TC033665	FBgn0031713
OG0007887	TC009705	FBgn0038788
OG0000839	TC002550	FBgn0001078
OG0002924	TC006051	FBgn0032821
OG0002653	TC009163	FBgn0026431
OG0005656	TC032806	FBgn0262685
OG0003352	TC000585	FBgn0063649
OG0001424	TC034381,TC012539	FBgn0033159
OG0003289	TC003010	FBgn0038233
OG0005898	TC003915	FBgn0035187
OG0002288	TC005129	FBgn0037087
OG0003254	TC012371	FBgn0038168
OG0001482	TC033331	FBgn0053554
OG0003914	TC011383	FBgn0039773
OG0007648	TC016199,TC001376	FBgn0264699,FBgn0039818,FBgn0039821
OG0004684	TC008898	FBgn0033316
OG0007104	TC014372	FBgn0035639
OG0004648	TC010167	FBgn0029092
OG0005781	TC013781	FBgn0034959
OG0002649	TC007221	FBgn0032250
OG0005584	TC005984	FBgn0261597
OG0000763	TC033605,TC005880	FBgn0261561
OG0001855	TC001907,TC004423	FBgn0030685
OG0001782	TC005597	FBgn0283658
OG0004180	TC006252	FBgn0017566
OG0003303	TC005163	FBgn0038304
OG0002337	TC011662	FBgn0037416
OG0001810	TC010123	FBgn0035498,FBgn0036688
OG0007641	TC032475,TC000045	FBgn0052479
OG0004182	TC007299	FBgn0030017
OG0001628	TC014717	FBgn0260965
OG0002336	TC011661	FBgn0037415
OG0003086	TC011521	FBgn0037712
OG0000717	TC032053,TC001030	FBgn0063923,FBgn0085483
OG0003304	TC007889	FBgn0038307
OG0000265	TC012910	FBgn0000382
OG0003980	TC006380	FBgn0033038
OG0003891	TC013008	FBgn0027583
OG0005418	TC005075	FBgn0259145
OG0001601	TC008896	FBgn0259174
OG0004408	TC011239	FBgn0034027
OG0007183	TC014966	FBgn0031598
OG0000101	TC002295,TC003991,TC007620,TC011529	FBgn0050148,FBgn0034511,FBgn0033301,FBgn0040321
OG0007025	TC009140	FBgn0035849
OG0005561	TC009935	FBgn0261397
OG0006334	TC014629	FBgn0030266
OG0003101	TC001214	FBgn0037710
OG0002658	TC005188	FBgn0053303
OG0001237	TC003370,TC012687	FBgn0027889
OG0007923	TC010847,TC001380	FBgn0014869
OG0006975	TC002238	FBgn0043806
OG0005905	TC012407	FBgn0263594
OG0003731	TC003655	FBgn0039306
OG0004146	TC007076	FBgn0029915
OG0006578	TC008318	FBgn0031050
OG0007003	TC013003	FBgn0035918
OG0004292	TC010571	FBgn0050290
OG0000584	TC034362	FBgn0038874
OG0004195	TC015327	FBgn0021767
OG0006069	TC009519	FBgn0267791
OG0000230	TC004402,TC010869	FBgn0004509
OG0000648	TC005968,TC005970	FBgn0034182,FBgn0034183
OG0007955	TC005192	FBgn0014861
OG0005959	TC034001	FBgn0264695
OG0001092	TC014239	FBgn0037570,FBgn0053257
OG0000068	TC012626	FBgn0035742,FBgn0035743,FBgn0035926,FBgn0031478,FBgn0250836,FBgn0010387
OG0000072	TC006970,TC034982,TC035048,TC031581,TC035022,TC033736,TC031935,TC034919	FBgn0037883
OG0007630	TC011074	FBgn0030357
OG0000329	TC033617,TC014982,TC015203,TC015111	FBgn0039620
OG0000118	TC010154	FBgn0050101,FBgn0032211,FBgn0032538,FBgn0028938,FBgn0040900,FBgn0028544
OG0000048	TC030242,TC030257,TC030243	FBgn0052693,FBgn0045495,FBgn0041247
OG0007947	TC033446,TC033445	FBgn0023506
OG0000176	TC009129,TC009128,TC011646	FBgn0025814,FBgn0053177,FBgn0053178
OG0000525	TC011092,TC030921,TC014437	FBgn0026150
OG0000096	TC013243	FBgn0037432,FBgn0037433,FBgn0037431,FBgn0011294,FBgn0265272,FBgn0038973,FBgn0038972
OG0000082	TC031441	FBgn0003721
OG0007775	TC005204,TC011562	FBgn0025865
OG0003766	TC001564	FBgn0039420
OG0003779	TC008835	FBgn0039466
OG0000697	TC003136,TC003135,TC031831	FBgn0051665
OG0000241	TC033687,TC033843,TC033798	FBgn0086604
OG0000608	TC014813,TC033775,TC031709	FBgn0039584
OG0000969	TC034800,TC004433	FBgn0037251
OG0000205	TC001720	FBgn0260943
OG0007697	TC033440	FBgn0085440
OG0007458	TC032535	FBgn0264006
OG0000828	TC015719,TC015700	FBgn0030589,FBgn0030588
OG0008062	TC031115	FBgn0003861
OG0001754	TC013717	FBgn0265082
OG0007639	TC005938,TC005937	FBgn0039348
OG0000017	TC013136	FBgn0036108,FBgn0000551,FBgn0002534,FBgn0002531,FBgn0035736,FBgn0050163,FBgn0039805,FBgn0086519,FBgn0035737,FBgn0035735,FBgn0037068,FBgn0037069,FBgn0036110,FBgn0033729,FBgn0037067,FBgn0003046,FBgn0002535
OG0001215	TC003514,TC000358	FBgn0039152
OG0000622	TC032094	FBgn0010482
OG0008060	TC015606	FBgn0031030
OG0000042	TC013827,TC011338,TC013988,TC013987,TC013811,TC013990,TC013828,TC013816	FBgn0035281
OG0000121	TC009139	FBgn0029866,FBgn0033205,FBgn0033204,FBgn0050495,FBgn0033203,FBgn0050491
OG0000166	TC032018,TC031373,TC000560,TC013261	FBgn0259244
OG0006716	TC032996	FBgn0036678
OG0007330	TC003029,TC015272,TC033299,TC034842,TC001375	FBgn0051974,FBgn0051975
OG0007928	TC033137,TC009440,TC003828	FBgn0052750,FBgn0052751
OG0000079	TC031397	FBgn0033504
OG0007319	TC005398	FBgn0004828,FBgn0014857
OG0000633	TC015181	FBgn0029720,FBgn0030013
OG0000024	TC012230,TC012234,TC034160,TC012228,TC034161,TC001412,TC012231,TC012235,TC012229,TC034222,TC012233,TC012232	FBgn0037387
OG0001588	TC006299,TC034184	FBgn0086898
OG0001330	TC000998,TC000955	FBgn0011661
OG0000685	TC032415	FBgn0039916,FBgn0039927
OG0000258	TC007506,TC007098,TC007099,TC007097,TC007096	FBgn0027601
OG0006987	TC002445	FBgn0003149
OG0007914	TC032432,TC032433	FBgn0040765
OG0000004	TC004173,TC000011,TC005259,TC009409,TC002286,TC005110,TC006144,TC004575,TC007020,TC000005,TC005051,TC016236,TC012948,TC004054,TC002198,TC005280,TC033941,TC016403,TC015989,TC001915,TC010570,TC016145,TC002765,TC016095,TC001924,TC002257,TC002152,TC002181,TC004101,TC004247,TC003703,TC006883,TC011497,TC006073,TC033485,TC000007,TC011490,TC012954,TC008510,TC004250,TC010492,TC002225,TC033510,TC007025	FBgn0262534
OG0000200	TC004361	FBgn0260944,FBgn0011305,FBgn0030479
OG0007762	TC035002,TC031838	FBgn0024222
OG0007684	TC002674	FBgn0039705
OG0001408	TC006356	FBgn0050342,FBgn0016977
OG0000420	TC007593,TC013522	FBgn0266098
OG0007646	TC005161,TC032528,TC034295	FBgn0037074
OG0000203	TC030898,TC033194,TC034095	FBgn0000964
OG0000449	TC015557,TC015154,TC015559	FBgn0040397
OG0006608	TC032006	FBgn0052227
OG0000773	TC031844,TC034224,TC034225	FBgn0262730
OG0000321	TC009283,TC002943	FBgn0038412,FBgn0033096,FBgn0033097
OG0000312	TC015520	FBgn0051116
OG0007481	TC031190	FBgn0033579
OG0000062	TC005190,TC031257,TC031398,TC033340,TC014795,TC033339,TC011376,TC015787	FBgn0029690
OG0000978	TC011349,TC032196	FBgn0031737
OG0007517	TC034940,TC034720,TC015295	FBgn0000808,FBgn0038211,FBgn0053329,FBgn0051326,FBgn0027563
OG0000806	TC007370,TC010784,TC007371	FBgn0283499
OG0007649	TC015955,TC033671,TC004759	FBgn0037468
OG0007559	TC006241,TC014687	FBgn0032132,FBgn0027584
OG0007539	TC032662	FBgn0267978
OG0007638	TC004752,TC000147,TC004751,TC004134,TC014244,TC003759	FBgn0004378
OG0000846	TC005896,TC031610,TC001395	FBgn0036354
OG0000275	TC000874	FBgn0030440,FBgn0262512,FBgn0037402
OG0000040	TC010084,TC010268,TC033879,TC004199,TC008599,TC005048,TC002586,TC005275,TC002192,TC010488	FBgn0034054
OG0007300	TC032079,TC000855	FBgn0001624
OG0007761	TC001814	FBgn0033289,FBgn0027556
OG0000826	TC015466,TC008783,TC033817	FBgn0030576
OG0000397	TC034550,TC032041,TC034672,TC014422	FBgn0260006
OG0001910	TC030908	FBgn0052137
OG0001108	TC013187	FBgn0014380,FBgn0010341
OG0000497	TC015556	FBgn0039469,FBgn0031957,FBgn0029170
OG0007397	TC007716,TC032912	FBgn0035889
OG0007341	TC012798,TC032097,TC032098,TC012795,TC012797,TC034461	FBgn0035888,FBgn0038832
OG0000056	TC003371	FBgn0260768,FBgn0034761,FBgn0034759,FBgn0040658,FBgn0260767,FBgn0034758,FBgn0030181,FBgn0050273,FBgn0050269
OG0000087	TC009015,TC033705,TC009018,TC011196,TC014909,TC033704,TC033822,TC016296	FBgn0036659
OG0000195	TC015782	FBgn0035718,FBgn0031930,FBgn0033774,FBgn0262880,FBgn0031929
OG0007912	TC033636	FBgn0005674
OG0000487	TC013562,TC014248,TC013561	FBgn0037288
OG0000014	TC000719,TC000720	FBgn0035512,FBgn0035279,FBgn0032125,FBgn0004777,FBgn0259713,FBgn0004778,FBgn0035510,FBgn0035511,FBgn0028871,FBgn0004781,FBgn0029811,FBgn0004779,FBgn0004780,FBgn0051876,FBgn0053302,FBgn0031467,FBgn0004782,FBgn0035513,FBgn0000552
OG0007933	TC001318	FBgn0011674
OG0000304	TC007875,TC007874,TC007873	FBgn0040238
OG0000069	TC007017,TC011014,TC008505,TC008267,TC008504,TC007019	FBgn0015316,FBgn0038431,FBgn0051954
OG0007599	TC008841,TC009986,TC034803	FBgn0037501,FBgn0035604
OG0000112	TC004510,TC004879,TC004881,TC004877,TC005686,TC004878,TC005687	FBgn0086254
OG0000158	TC013620	FBgn0035806,FBgn0043578,FBgn0043576,FBgn0043575,FBgn0043577
OG0007979	TC007536,TC008438	FBgn0030954,FBgn0259231
OG0007512	TC013722,TC013718,TC013721	FBgn0024150
OG0000683	TC004451,TC000586,TC004440	FBgn0033194
OG0000081	TC000325,TC031925,TC002040,TC010223,TC033469,TC034969	FBgn0033367
OG0000033	TC004146,TC000236,TC032516,TC004657,TC004656	FBgn0039471,FBgn0039475,FBgn0039476,FBgn0039473,FBgn0039470,FBgn0039474,FBgn0039472
OG0000054	TC001251	FBgn0035161,FBgn0050378,FBgn0039373,FBgn0033238,FBgn0051960,FBgn0039374,FBgn0000253,FBgn0011273,FBgn0034774
OG0000595	TC006707,TC001199	FBgn0039081
OG0007317	TC003944,TC003326	FBgn0000046,FBgn0000045,FBgn0000044,FBgn0000047
OG0000267	TC002095	FBgn0052792,FBgn0034730,FBgn0030795,FBgn0053289
OG0000086	TC003537,TC006879,TC034589	FBgn0266696
OG0000143	TC006176,TC007930,TC006177,TC003963	FBgn0038092,FBgn0038087
OG0007507	TC013322,TC013323	FBgn0011279,FBgn0010403,FBgn0011281
OG0007347	TC000444,TC009648,TC003124,TC003122,TC003333	FBgn0034553,FBgn0034552,FBgn0039156
OG0007430	TC000174,TC032271,TC000173,TC032270	FBgn0038149
OG0000058	TC003275,TC003274,TC033571,TC009580,TC032295,TC032297,TC032296	FBgn0259748
OG0000003	TC013189,TC012366,TC014284,TC000383,TC006840,TC011189,TC032652,TC008092,TC032188,TC003418,TC002241,TC002897,TC014246,TC014456,TC033047,TC003957,TC014732,TC001633,TC008444,TC003956,TC013210,TC006841,TC032657,TC015309,TC007057,TC013698,TC014726,TC032653,TC007168,TC011010,TC015692,TC002340,TC033714,TC012384,TC012995,TC011009,TC033276,TC002420,TC000114,TC007612,TC002889,TC032650,TC032424,TC012833,TC010919,TC003954,TC032651,TC008440,TC001565,TC013871,TC014441,TC011008,TC003955,TC013711,TC031901,TC001052,TC006339,TC012996,TC015418,TC030971,TC003594,TC013367	FBgn0038047,FBgn0032295