OG	Tcas	Dmel
EIAHH	TC010825	FBgn0033668,FBgn0033667
EIAHJ	TC010782,TC009158	FBgn0014020
EIAHN	TC033806	FBgn0033463
EIAHP	TC008514	FBgn0034276
EIAHQ	TC007703,TC000767	FBgn0031676,FBgn0024994
EIAI1	TC034808	FBgn0032517
EIAIG	TC033398	FBgn0033989
EIAIJ	TC003916	FBgn0261403
EIAJS	TC011476	FBgn0015283
EIAJT	TC013945	FBgn0039396
EIAKT	TC014672	FBgn0262743
EIAKV	TC012465	FBgn0038916
EIAKW	TC008408	FBgn0010488
EIAMH	TC006347	FBgn0002985,FBgn0024244
EIAMM	TC008933	FBgn0040726
EIAMU	TC015168	FBgn0032407
EIANE	TC033086	FBgn0038248
EIAQY	TC000379	FBgn0069242,FBgn0053105
EIAQZ	TC013235	FBgn0010292
EIAR6	TC009519	FBgn0267791
EIARF	TC010417	FBgn0024957,FBgn0024958
EIARI	TC000583	FBgn0030574
EIARJ	TC010229	FBgn0028292
EIARQ	TC010549	FBgn0045843,FBgn0086356
EIAS1	TC013913	FBgn0032474
EIAS2	TC007883	FBgn0027560
EIATK	TC000587	FBgn0038632
EIATM	TC014493	FBgn0034804
EIATP	TC003391	FBgn0027111
EIATY	TC013087	FBgn0002716
EIATZ	TC032304	FBgn0024249
EIAU8	TC006759	FBgn0029892
EIAU9	TC011795	FBgn0036697
EIAUC	TC010925	FBgn0038609
EIAUE	TC015972	FBgn0032249
EIAUF	TC007512	FBgn0086679
EIAUG	TC032177	FBgn0085433
EIAUH	TC009885	FBgn0033528
EIAUM	TC013876	FBgn0023213,FBgn0260634
EIAUS	TC013160	FBgn0032058,FBgn0032057
EIAUT	TC007869	FBgn0031973
EIAUX	TC030652	FBgn0026147,FBgn0031574
EIAV0	TC014636	FBgn0263855
EIAV2	TC004968	FBgn0027948
EIAV3	TC033440	FBgn0085440
EIAVD	TC015170	FBgn0033949,FBgn0286508
EIAVG	TC003481	FBgn0027553
EIAW4	TC009207	FBgn0024509
EIAWB	TC015049	FBgn0052533
EIAWC	TC006507	FBgn0015376
EIAX1	TC002054	FBgn0039849
EIAX5	TC013264	FBgn0033471
EIAX6	TC015824	FBgn0039923
EIAX9	TC011843	FBgn0259791
EIAXB	TC015949	FBgn0035059
EIAXC	TC002875	FBgn0053158
EIAXE	TC004152	FBgn0030674
EIAXG	TC035010,TC002674	FBgn0039705
EIAXU	TC033436	FBgn0023534
EIAY3	TC014481	FBgn0032429
EIAY7	TC012779	FBgn0032886
EIAYJ	TC031441	FBgn0003721,FBgn0004117
EIAZ7	TC000136	FBgn0030431,FBgn0032522
EIAZ8	TC033247	FBgn0263998
EIAZ9	TC003799	FBgn0260748
EIAZS	TC014372	FBgn0035639
EIAZV	TC015810	FBgn0283477
EIAZW	TC001051	FBgn0038666
EIAZX	TC007162	FBgn0003254
EIAZZ	TC013829	FBgn0001228
EIB02	TC006354	FBgn0031245,FBgn0025686
EIB03	TC010144	FBgn0051051
EIB06	TC003312,TC010449	FBgn0014380
EIB07	TC014423	FBgn0052708,FBgn0052706,FBgn0030085,FBgn0030524
EIB09	TC013231	FBgn0030572
EIB0Y	TC016290	FBgn0028520
EIB1Z	TC013492	FBgn0051933,FBgn0032338
EIB2E	TC006198	FBgn0035149
EIB2I	TC014275	FBgn0266557
EIB2Q	TC033521	FBgn0051368
EIB2R	TC033289,TC033980	FBgn0261854
EIB2S	TC031765	FBgn0000247
EIB2U	TC010170	FBgn0028997
EIB2V	TC008704	FBgn0037684
EIB2W	TC008758	FBgn0004580
EIB2Y	TC014560	FBgn0001324
EIB2Z	TC009742	FBgn0035766
EIB30	TC012877	FBgn0014879
EIB32	TC016380	FBgn0044452
EIB34	TC003438,TC003439	FBgn0034406,FBgn0010053,FBgn0034405
EIB4K	TC007135	FBgn0002789
EIB4M	TC010678	FBgn0014868
EIB5N	TC006977	FBgn0035317
EIB5R	TC015622	FBgn0039928
EIB6B	TC007930,TC006176	FBgn0038092,FBgn0038087,FBgn0038084
EIB6D	TC011988	FBgn0014028,FBgn0030975
EIB6E	TC010330,TC010328	FBgn0011693,FBgn0000055
EIB6M	TC034635,TC032574	FBgn0261788
EIB6N	TC035033	FBgn0288967
EIB6Q	TC007692	FBgn0278608
EIB75	TC032269	FBgn0004644
EIB77	TC033574	FBgn0085390
EIB7B	TC014337	FBgn0028894
EIB8E	TC007534	FBgn0015614
EIB8G	TC034457	FBgn0038282
EIB8H	TC004556	FBgn0010258,FBgn0004903,FBgn0001215,FBgn0004237
EIB8Q	TC006203	FBgn0050421
EIB9B	TC000225	FBgn0038977
EIB9H	TC011602	FBgn0032299
EIB9K	TC013013	FBgn0035985
EIB9P	TC004501	FBgn0261641
EIB9U	TC015544	FBgn0029708
EIB9V	TC015990	FBgn0086605
EIB9X	TC008963	FBgn0005777
EIBAP	TC009310	FBgn0025693
EIBAR	TC004460	FBgn0062411
EIBAT	TC007616	FBgn0250869
EIBAV	TC006745	FBgn0034744
EIBAY	TC013682	FBgn0260753
EIBB3	TC032962,TC031437,TC031438	FBgn0026761
EIBB6	TC007761	FBgn0040752
EIBB7	TC007233	FBgn0030449
EIBCF	TC015374	FBgn0034223
EIBCG	TC031162	FBgn0027582
EIBCI	TC013753	FBgn0024230
EIBCR	TC031262	FBgn0051151
EIBCT	TC008149,TC008150,TC007297	FBgn0033760
EIBCV	TC008437	FBgn0000137
EIBD0	TC034650	FBgn0027359
EIBD4	TC007523	FBgn0034452
EIBD5	TC011106	FBgn0030007
EIBD8	TC012429	FBgn0030693
EIBD9	TC032535	FBgn0264006
EIBDF	TC002890	FBgn0038460
EIBDX	TC008691	FBgn0032217
EIBDY	TC015163	FBgn0266053
EIBDZ	TC002659	FBgn0003319
EIBE0	TC033703	FBgn0026417
EIBE3	TC002713	FBgn0003977
EIBE4	TC033431	FBgn0030474
EIBE7	TC010455	FBgn0005632
EIBEA	TC002065	FBgn0052654
EIBEB	TC005715	FBgn0027491
EIBET	TC005457	FBgn0031070
EIBEU	TC015522	FBgn0032287
EIBEV	TC009501	FBgn0034390
EIBEW	TC012639	FBgn0011676
EIBEY	TC003502	FBgn0022288
EIBEZ	TC007146	FBgn0030706
EIBF0	TC016368	FBgn0035056
EIBF1	TC007074	FBgn0031449
EIBF2	TC013859	FBgn0037643
EIBF4	TC032305	FBgn0284251
EIBF7	TC013790	FBgn0031437
EIBF8	TC008840	FBgn0027498
EIBFA	TC014607	FBgn0265190
EIBFE	TC013591	FBgn0039304
EIBFF	TC013882	FBgn0030530
EIBFG	TC004667	FBgn0051635
EIBFH	TC008844	FBgn0033936
EIBFJ	TC032585,TC032587,TC010353	FBgn0035815
EIBFM	TC034433,TC035053,TC004661,TC000175	FBgn0266111,FBgn0004577,FBgn0038469
EIBFW	TC014416	FBgn0003557
EIBFX	TC034177	FBgn0004456
EIBG0	TC034675	FBgn0032036
EIBG1	TC034996,TC031879,TC031049,TC031063	FBgn0030816,FBgn0030817
EIBG3	TC015513,TC006133	FBgn0030318
EIBG6	TC007805,TC007816	FBgn0003479
EIBG7	TC002407	FBgn0037530
EIBG8	TC032338	FBgn0266801
EIBG9	TC002895	FBgn0037592,FBgn0051259
EIBGC	TC006229	FBgn0041712,FBgn0034856,FBgn0038151
EIBGE	TC003619	FBgn0024992
EIBGG	TC015633	FBgn0034681,FBgn0029709
EIBGR	TC011941	FBgn0261386
EIBHM	TC005725	FBgn0037862,FBgn0010100
EIBHQ	TC012597	FBgn0038063
EIBHR	TC008064,TC008062	FBgn0004567
EIBHU	TC006701	FBgn0013717
EIBHV	TC010564	FBgn0003162
EIBHW	TC013629	FBgn0039120
EIBI8	TC031853	FBgn0010768,FBgn0267337
EIBI9	TC009447	FBgn0038630
EIBK7	TC000825	FBgn0266581
EIBKJ	TC005685	FBgn0037976
EIBKS	TC012492	FBgn0038872
EIBKT	TC014029	FBgn0051759
EIBM4	TC001773	FBgn0028468
EIBMD	TC009839	FBgn0034503
EIBMH	TC001945	FBgn0030605
EIBMJ	TC004416	FBgn0259222
EIBMK	TC015175	FBgn0030503
EIBN8	TC004565	FBgn0052547
EIBNN	TC014461	FBgn0013720
EIBNQ	TC014301	FBgn0261509
EIBNR	TC006132	FBgn0030417
EIBNT	TC000948	FBgn0027562
EIBPA	TC005330	FBgn0039790
EIBPB	TC012891	FBgn0037073
EIBPC	TC032930	FBgn0264711
EIBPE	TC030731	FBgn0028646
EIBPH	TC008785	FBgn0031534
EIBPI	TC033268	FBgn0261811
EIBPJ	TC004140	FBgn0038320
EIBPK	TC002068	FBgn0036014,FBgn0036016
EIBRW	TC007765	FBgn0034205,FBgn0031456
EIBRX	TC012354	FBgn0265189
EIBSV	TC033052	FBgn0015777,FBgn0038690
EIBSZ	TC002083	FBgn0085357,FBgn0052549
EIBU3	TC000480	FBgn0039380
EIBU5	TC007791	FBgn0032444
EIBUA	TC005764	FBgn0266282
EIBUF	TC034892	FBgn0038870
EIBUR	TC013867	FBgn0025724
EIBUS	TC004801	FBgn0038659
EIBUT	TC008903	FBgn0085453,FBgn0085452
EIBUU	TC013685,TC013684	FBgn0027592
EIBUW	TC003187	FBgn0033507
EIBUZ	TC003517	FBgn0259199
EIBV0	TC033656	FBgn0043455
EIBV3	TC008221	FBgn0051858,FBgn0030703
EIBV5	TC013245	FBgn0000659
EIBV7	TC008122	FBgn0030850
EIBVB	TC011566	FBgn0036964
EIBVC	TC014733	FBgn0039555
EIBVD	TC001231	FBgn0033737
EIBW4	TC033459	FBgn0033724
EIBWD	TC031655	FBgn0027615
EIBWH	TC000929	FBgn0015778
EIBWI	TC015687	FBgn0031310
EIBWJ	TC007171	FBgn0037377
EIBWM	TC006457	FBgn0035538
EIBWN	TC000109	FBgn0004556
EIBWP	TC007695	FBgn0031550
EIBWZ	TC009707	FBgn0034401
EIBX0	TC010563	FBgn0034259
EIBX1	TC007940,TC007941	FBgn0032729
EIBX2	TC014972	FBgn0037299
EIBX3	TC009182	FBgn0014024
EIBX4	TC013789	FBgn0033457
EIBX5	TC016288	FBgn0038428
EIBX9	TC003628	FBgn0050021
EIBXD	TC011127	FBgn0040372
EIBXP	TC014537	FBgn0034389
EIBY3	TC014692	FBgn0036101
EIBY8	TC014368	FBgn0037973
EIBY9	TC003829	FBgn0283469
EIBYA	TC007153	FBgn0260861
EIBYB	TC014396	FBgn0027515
EIBYE	TC003524	FBgn0032162,FBgn0032160
EIBYF	TC009470	FBgn0052703
EIBZF	TC034777	FBgn0027493
EIBZM	TC015935	FBgn0022213
EIC0C	TC030701	FBgn0086906
EIC0G	TC000590	FBgn0038145
EIC1H	TC003373	FBgn0013726
EIC1K	TC031941	FBgn0264001
EIC1M	TC009139	FBgn0050491
EIC20	TC034123	FBgn0030801
EIC2C	TC011685	FBgn0031287
EIC2J	TC008833	FBgn0028473
EIC2K	TC014265	FBgn0035050
EIC3H	TC014110	FBgn0015794
EIC3J	TC005882	FBgn0023521
EIC3T	TC010817	FBgn0035094
EIC42	TC016280	FBgn0260942
EIC5D	TC003909	FBgn0030915
EIC7F	TC008045	FBgn0029903
EIC7H	TC015057	FBgn0026630
EIC7N	TC007008	FBgn0036020
EIC7P	TC034503,TC011385,TC011090	FBgn0000261,FBgn0032061
EIC81	TC010609	FBgn0041789
EIC87	TC032855	FBgn0036376
EIC89	TC013055	FBgn0013576
EIC8E	TC015216	FBgn0037004,FBgn0037005,FBgn0035400
EIC8J	TC001293	FBgn0051482,FBgn0051286
EIC8K	TC005004	FBgn0037632
EIC8N	TC012379,TC012380	FBgn0032074
EIC8S	TC007615	FBgn0030655
EICC0	TC005756	FBgn0038649
EICC1	TC007042	FBgn0031426
EICC2	TC007226	FBgn0028370
EICC9	TC000687,TC013186	FBgn0002778,FBgn0039487
EICCG	TC014601	FBgn0034270
EICCI	TC013501	FBgn0261648,FBgn0000287
EICCN	TC003226	FBgn0028741
EICCV	TC014111	FBgn0040233,FBgn0040232
EICCW	TC002530	FBgn0030552
EICD3	TC015397	FBgn0032346
EICD4	TC015208	FBgn0029851
EICDS	TC013788	FBgn0260779
EICDU	TC030555	FBgn0040239
EICE3	TC007725	FBgn0011277
EICE5	TC004651,TC030627	FBgn0265298
EICE9	TC015556	FBgn0031957
EICEA	TC001148	FBgn0039835
EICEC	TC001146	FBgn0003209
EICEF	TC000768	FBgn0032053
EICEJ	TC013786	FBgn0025712
EICEM	TC009770	FBgn0039743
EICEP	TC034821	FBgn0053544
EICER	TC004125	FBgn0032790
EICET	TC006286	FBgn0035206
EICF0	TC007333	FBgn0037217
EICF1	TC007128	FBgn0036937
EICF3	TC011922	FBgn0035426,FBgn0029067,FBgn0033322
EICF5	TC005229	FBgn0029959
EICF6	TC008223	FBgn0034858
EICF9	TC007192	FBgn0036374
EICFF	TC034414	FBgn0038303
EICFK	TC032298	FBgn0035452
EICFR	TC004855	FBgn0284252
EICGP	TC032117	FBgn0027356
EICGR	TC004975	FBgn0035336
EICGW	TC014417	FBgn0283503
EICGX	TC013494	FBgn0053526
EICGY	TC008035	FBgn0032018
EICHD	TC009462	FBgn0015372
EICHV	TC008015	FBgn0023175
EICJ3	TC013604	FBgn0027335
EICJ6	TC015955	FBgn0037468
EICKQ	TC031425	FBgn0026722
EICKS	TC016005	FBgn0041585
EICKT	TC000610	FBgn0263241
EICKU	TC011653	FBgn0034660
EICKV	TC003986	FBgn0003731
EICKX	TC014741	FBgn0035625
EICKZ	TC032811	FBgn0262127
EICM0	TC014371	FBgn0052392
EICMK	TC005831	FBgn0038106
EICMM	TC009208	FBgn0031474
EICMT	TC011023	FBgn0027091
EICMU	TC032734	FBgn0031099
EICMV	TC013517	FBgn0037135
EICN7	TC012660	FBgn0052104
EICNE	TC032118	FBgn0264493
EICNF	TC000237	FBgn0262737
EICNZ	TC002948,TC002884	FBgn0028325,FBgn0029722
EICP0	TC014228,TC014229,TC014230,TC014231	FBgn0031418,FBgn0032609,FBgn0031417
EICPG	TC014299	FBgn0032725
EICPI	TC013003	FBgn0035918
EICPK	TC009550	FBgn0264751,FBgn0264816
EICQ3	TC008320	FBgn0266186
EICQ5	TC031250	FBgn0033972
EICQ6	TC034347	FBgn0039421,FBgn0086361,FBgn0002645
EICQ7	TC000478	FBgn0038146
EICQC	TC004690	FBgn0019830
EICQD	TC015408	FBgn0061359
EICQG	TC033036,TC033037	FBgn0028692
EICQJ	TC011372	FBgn0037566
EICQM	TC003445	FBgn0287696
EICR6	TC007671	FBgn0034748
EICR8	TC009796	FBgn0013954
EICR9	TC009722	FBgn0037834,FBgn0038189,FBgn0038188,FBgn0031592
EICRB	TC034370	FBgn0260943
EICRC	TC000570	FBgn0036892
EICRD	TC014245	FBgn0029924,FBgn0034628,FBgn0034629,FBgn0027572
EICRJ	TC012191	FBgn0004876
EICSS	TC034595	FBgn0031639
EICST	TC008521	FBgn0030327
EICSV	TC030908	FBgn0052137
EICTI	TC030599	FBgn0031711
EICTP	TC006020	FBgn0030395
EICTY	TC014120	FBgn0035537
EICW4	TC007636	FBgn0031505
EICW6	TC012638	FBgn0051109
EICXG	TC030914	FBgn0030343
EICXM	TC034460	FBgn0001253
EICY1	TC015139,TC001014	FBgn0029791
EICY7	TC015016	FBgn0004049
EICYC	TC003485	FBgn0034583
EICYM	TC009963	FBgn0262166
EICYP	TC008061	FBgn0013548
EICYQ	TC000441	FBgn0003720
EICYR	TC013531	FBgn0086442
EICYU	TC013541	FBgn0031257
EICYV	TC030546	FBgn0000477
EICYW	TC005164	FBgn0263346
EICYZ	TC001214	FBgn0037710
EICZ4	TC014327	FBgn0022023
EICZ6	TC000331	FBgn0037467
EICZC	TC012218	FBgn0015286
EICZF	TC003234	FBgn0035853
EICZG	TC003116	FBgn0035586
EICZH	TC002458	FBgn0035900
EICZI	TC008070	FBgn0039862
EICZK	TC012778	FBgn0039244
EICZN	TC015381	FBgn0039131
EICZR	TC007652	FBgn0001994
EICZS	TC005617	FBgn0011659
EICZU	TC013377	FBgn0027535
EICZV	TC003715	FBgn0035445
EICZW	TC003319	FBgn0036922
EID09	TC003964	FBgn0035107
EID0D	TC005404	FBgn0037843
EID0E	TC034795	FBgn0040849
EID0F	TC010568	FBgn0033995
EID0G	TC003774	FBgn0028734
EID0H	TC013715	FBgn0028421
EID0M	TC008922	FBgn0034957
EID0R	TC033093,TC009557	FBgn0263782
EID14	TC001316	FBgn0035515
EID1G	TC003763	FBgn0039704
EID1I	TC004954,TC014166,TC012587	FBgn0038922,FBgn0034105,FBgn0039358
EID1K	TC000781	FBgn0039132
EID2C	TC012410	FBgn0031536
EID2E	TC003127	FBgn0028474
EID2F	TC010176	FBgn0275436
EID2G	TC030879	FBgn0031990
EID2H	TC014935	FBgn0267350
EID2K	TC000575	FBgn0051457,FBgn0051365
EID2R	TC010228	FBgn0260985
EID2U	TC010759	FBgn0035437
EID2X	TC008012	FBgn0025743
EID3A	TC033750	FBgn0039205
EID3S	TC034143,TC034144,TC005487	FBgn0039736,FBgn0034275
EID3T	TC005389,TC005388	FBgn0013953
EID3Z	TC034146	FBgn0036240
EID40	TC034678,TC013389	FBgn0032178,FBgn0024293
EID45	TC006673	FBgn0003447
EID46	TC030724	FBgn0263133
EID47	TC002263	FBgn0261803
EID49	TC008629	FBgn0001235
EID4T	TC004299	FBgn0039914
EID4Z	TC002908	FBgn0052029
EID50	TC010470	FBgn0052380
EID5M	TC015933	FBgn0037687
EID5P	TC007276	FBgn0028471
EID5Q	TC011417	FBgn0027108
EID5U	TC004607	FBgn0034308
EID5V	TC013884	FBgn0030672
EID60	TC014119	FBgn0031771,FBgn0034251,FBgn0034007
EID6R	TC002852	FBgn0037981
EID6T	TC030662	FBgn0053108
EID7S	TC015299	FBgn0039300
EID83	TC015439	FBgn0040351
EID86	TC011211	FBgn0035697,FBgn0031976
EID9N	TC009842	FBgn0037697,FBgn0037696
EIDAD	TC012505	FBgn0038453
EIDB2	TC009950,TC004989	FBgn0011822,FBgn0053128,FBgn0051661,FBgn0032303,FBgn0032304,FBgn0038506,FBgn0038507,FBgn0033933,FBgn0051928,FBgn0051926,FBgn0032049,FBgn0029093
EIDB5	TC032364	FBgn0004784,FBgn0003091
EIDBT	TC004075	FBgn0038153
EIDCU	TC010127,TC010130	FBgn0032233
EIDDI	TC015530	FBgn0038371
EIDDV	TC015709	FBgn0037544
EIDDW	TC001097	FBgn0259832
EIDDX	TC014503	FBgn0034264
EIDE0	TC033432	FBgn0029783
EIDE1	TC014757	FBgn0039713
EIDE2	TC004679	FBgn0034982
EIDE4	TC010377	FBgn0036987
EIDE5	TC010680	FBgn0031143
EIDE6	TC007744	FBgn0010621
EIDE8	TC001193	FBgn0001259
EIDEJ	TC000140	FBgn0288690
EIDES	TC014342	FBgn0030462,FBgn0041210
EIDF0	TC007499	FBgn0024251
EIDF1	TC000607	FBgn0033149,FBgn0053140,FBgn0050385,FBgn0050384
EIDF7	TC006500	FBgn0030668
EIDFX	TC007202	FBgn0034084
EIDGH	TC013341	FBgn0040005
EIDGI	TC032011	FBgn0034094
EIDGK	TC030912	FBgn0034271
EIDGN	TC012387	FBgn0027795,FBgn0029660,FBgn0035380,FBgn0030684,FBgn0036325,FBgn0033963,FBgn0050357,FBgn0029703
EIDGP	TC015660	FBgn0010551
EIDGQ	TC005927	FBgn0035328
EIDGR	TC008441	FBgn0023512
EIDGU	TC034025	FBgn0262954
EIDGW	TC010658	FBgn0037229
EIDGY	TC002331	FBgn0033961
EIDGZ	TC006526	FBgn0030610
EIDH1	TC012215	FBgn0025558
EIDH5	TC004559,TC004560	FBgn0031489,FBgn0039464,FBgn0034800
EIDH6	TC007799	FBgn0031384
EIDHF	TC010001	FBgn0034797
EIDHK	TC001465	FBgn0067102
EIDHX	TC010002	FBgn0034968
EIDI0	TC005544	FBgn0038280,FBgn0032731
EIDI2	TC030890	FBgn0085442
EIDI4	TC000920	FBgn0000439
EIDIA	TC008402	FBgn0051961
EIDID	TC033769	FBgn0086909
EIDIE	TC000531	FBgn0025742
EIDIF	TC008829	FBgn0031493
EIDJ1	TC002789	FBgn0035975
EIDJA	TC010833	FBgn0033350
EIDJC	TC009326	FBgn0033985
EIDJF	TC008002	FBgn0036330
EIDJU	TC009612	FBgn0039876
EIDKF	TC032251	FBgn0264908
EIDKN	TC009874	FBgn0027599
EIDKY	TC001325	FBgn0033413
EIDKZ	TC007932	FBgn0032987
EIDM2	TC011782	FBgn0035714
EIDM3	TC000795	FBgn0030067
EIDM4	TC008146	FBgn0032479
EIDMI	TC008846	FBgn0037747
EIDMN	TC010672	FBgn0038611
EIDMY	TC035019,TC015030,TC004159	FBgn0086917,FBgn0003486
EIDNY	TC000849	FBgn0036184
EIDP2	TC033144,TC030621	FBgn0067628
EIDP3	TC006810	FBgn0000229
EIDP4	TC009491	FBgn0027548
EIDP5	TC007324	FBgn0036213,FBgn0038281
EIDPF	TC007737	FBgn0053493
EIDQ6	TC002149,TC000091	FBgn0025592
EIDQ7	TC003143	FBgn0035266
EIDR7	TC005490	FBgn0010497,FBgn0028513,FBgn0042126
EIDRC	TC015302	FBgn0030460
EIDRF	TC034689	FBgn0040207
EIDRT	TC032214	FBgn0011260,FBgn0264273
EIDSK	TC010671	FBgn0038672
EIDT4	TC001888	FBgn0005427
EIDT8	TC034426	FBgn0032109
EIDTG	TC003215	FBgn0030808
EIDTI	TC011059	FBgn0000330
EIDTM	TC002933	FBgn0016978
EIDTN	TC002972	FBgn0035519
EIDTP	TC012348	FBgn0037232
EIDTQ	TC005339	FBgn0261985
EIDTX	TC004610	FBgn0038545
EIDU1	TC010121	FBgn0024841
EIDU8	TC000056	FBgn0000370
EIDUA	TC015440	FBgn0028480
EIDUC	TC006139	FBgn0026061
EIDUD	TC003537,TC034589	FBgn0266696
EIDUM	TC002527	FBgn0030109
EIDUN	TC011687	FBgn0024371
EIDUQ	TC009754	FBgn0050502
EIDUR	TC010175	FBgn0033624
EIDUS	TC015364	FBgn0040346
EIDV7	TC013356	FBgn0260856
EIDV9	TC001640	FBgn0067864
EIDVZ	TC008426	FBgn0040344
EIDW1	TC010831	FBgn0262081
EIDW2	TC002585	FBgn0039580,FBgn0287209
EIDW5	TC003582	FBgn0030738
EIDWG	TC032520,TC003443	FBgn0036028
EIDXA	TC007452	FBgn0035142
EIDXE	TC006818	FBgn0039357
EIDXJ	TC010058	FBgn0039683
EIDXK	TC014474	FBgn0287768,FBgn0003448,FBgn0001983
EIDXM	TC014939	FBgn0026411
EIDXN	TC031058	FBgn0034400
EIDXP	TC013878	FBgn0028331
EIDXS	TC006551	FBgn0041723
EIDXT	TC032308	FBgn0020224
EIDZ6	TC011703	FBgn0032075
EIDZE	TC015079	FBgn0038149
EIDZF	TC007647	FBgn0035268
EIDZH	TC001682	FBgn0011207
EIDZI	TC005303	FBgn0267330
EIDZJ	TC030994,TC015462	FBgn0051547,FBgn0036279
EIE0F	TC012645	FBgn0044324
EIE0H	TC015026	FBgn0037448
EIE0Q	TC031337	FBgn0040890
EIE0U	TC001738	FBgn0250823
EIE0V	TC009001	FBgn0034521
EIE0W	TC009836	FBgn0032724
EIE0X	TC015973	FBgn0037648
EIE0Y	TC003021	FBgn0050122
EIE0Z	TC003433	FBgn0033379
EIE10	TC001817	FBgn0000147
EIE11	TC007027	FBgn0066114
EIE13	TC030744	FBgn0011737
EIE1D	TC001173	FBgn0039337
EIE1E	TC008430	FBgn0031011
EIE1I	TC012066	FBgn0050441
EIE26	TC012679,TC012680	FBgn0051561
EIE3J	TC007103	FBgn0024945
EIE3K	TC003477	FBgn0267384
EIE3M	TC015994	FBgn0035952
EIE3Y	TC004390	FBgn0030468
EIE42	TC012737	FBgn0039663
EIE44	TC033836	FBgn0035543
EIE4K	TC006496	FBgn0086371
EIE4Z	TC013089	FBgn0032858
EIE50	TC015653	FBgn0030230
EIE51	TC010589	FBgn0250838
EIE52	TC002681	FBgn0032652
EIE5S	TC012257	FBgn0051774,FBgn0000547
EIE5U	TC002638	FBgn0030081
EIE67	TC033122,TC014296	FBgn0016660,FBgn0261963
EIE6Q	TC009240	FBgn0262871
EIE70	TC000303,TC000302	FBgn0030331
EIE78	TC034381,TC012539	FBgn0033159
EIE7D	TC033567	FBgn0263219
EIE7G	TC033687	FBgn0086604
EIE7M	TC034095,TC030898	FBgn0039094
EIE7U	TC004436	FBgn0036887
EIE7Z	TC007859,TC007860	FBgn0011703
EIE8F	TC012336	FBgn0002354
EIE8G	TC012424	FBgn0032297
EIE8R	TC009392,TC009391	FBgn0030882,FBgn0052495
EIE8S	TC003253,TC003025	FBgn0032482
EIE8T	TC009848	FBgn0266717
EIE8U	TC011181	FBgn0003139
EIE8V	TC010132	FBgn0261599
EIE90	TC005134	FBgn0022774
EIE92	TC034013	FBgn0024248
EIE9B	TC005701	FBgn0020445
EIE9F	TC032257	FBgn0264089
EIE9G	TC032184	FBgn0039688
EIE9H	TC002950,TC003561	FBgn0029737
EIE9M	TC007047	FBgn0031516,FBgn0031515
EIE9R	TC006191	FBgn0010602
EIEBY	TC001919	FBgn0031700
EIEH3	TC010419	FBgn0031918
EIEH5	TC003235	FBgn0039966
EIEH7	TC009163	FBgn0026431
EIEHH	TC006901	FBgn0027574
EIEHZ	TC031061	FBgn0035636
EIEI3	TC011068	FBgn0250871
EIEI5	TC009481	FBgn0033349
EIEIG	TC006548	FBgn0029840
EIEIH	TC011325	FBgn0039488
EIEIK	TC000161	FBgn0019925
EIEJA	TC007348	FBgn0033762
EIEJB	TC010161	FBgn0261609
EIEJC	TC011691	FBgn0035880
EIEJE	TC002259	FBgn0032812
EIEJH	TC016051,TC012868	FBgn0004587
EIEJI	TC008217	FBgn0032214
EIEJP	TC000359	FBgn0010741
EIEJR	TC000418	FBgn0039266
EIEK3	TC030548	FBgn0038871
EIEK4	TC005653	FBgn0036945
EIEK5	TC002461	FBgn0028411
EIEK7	TC008165	FBgn0034001
EIEK8	TC007710	FBgn0030748
EIEKA	TC012081	FBgn0023508
EIEKB	TC005724	FBgn0033846
EIEKF	TC009458	FBgn0035041,FBgn0041621,FBgn0037591,FBgn0037590,FBgn0026386,FBgn0039582
EIEKJ	TC004713,TC004976,TC012783	FBgn0285896,FBgn0011829,FBgn0010389,FBgn0022800
EIEKQ	TC015389	FBgn0038695
EIEKR	TC014759	FBgn0035715
EIEKS	TC006779	FBgn0029887
EIEKT	TC001171	FBgn0038868
EIEKU	TC001142	FBgn0033897
EIEKX	TC003914,TC013184,TC006907	FBgn0034898,FBgn0035348
EIEKY	TC009540	FBgn0035909
EIEKZ	TC012509	FBgn0037958
EIEM1	TC002367	FBgn0029979
EIEM4	TC007584	FBgn0032006
EIEM7	TC031910,TC031843,TC005398,TC016050	FBgn0051613,FBgn0053803,FBgn0053806,FBgn0053809,FBgn0053812,FBgn0053815,FBgn0053818,FBgn0053821,FBgn0053824,FBgn0053827,FBgn0053830,FBgn0053833,FBgn0053836,FBgn0053839,FBgn0053842,FBgn0053845,FBgn0053848,FBgn0053851,FBgn0053854,FBgn0053857,FBgn0053860,FBgn0053863,FBgn0053866,FBgn0014857,FBgn0004828
EIEMC	TC014419	FBgn0266758
EIEMG	TC006037	FBgn0028429,FBgn0032632
EIEMH	TC012417	FBgn0259728
EIEMK	TC001167	FBgn0030876
EIEMM	TC011847	FBgn0085569
EIEMV	TC031195,TC010211,TC014530	FBgn0035770
EIEN4	TC033693	FBgn0037549
EIEN7	TC006492	FBgn0028687
EIENA	TC009011	FBgn0284246
EIEND	TC009438	FBgn0033699
EIENE	TC012857	FBgn0028563,FBgn0028562,FBgn0028561,FBgn0033047
EIENF	TC011538	FBgn0030057
EIENG	TC009425	FBgn0261270
EIENH	TC007177	FBgn0036341
EIENJ	TC015575	FBgn0003141
EIENK	TC009487	FBgn0035631
EIENM	TC033202,TC034706	FBgn0031769
EIENQ	TC008802	FBgn0033380
EIENU	TC013063	FBgn0003275
EIENX	TC006062	FBgn0033257
EIENZ	TC011320,TC011171	FBgn0038201
EIEQC	TC032620	FBgn0030700
EIERS	TC005841	FBgn0086907,FBgn0284248
EIERU	TC008163	FBgn0003255
EIERY	TC003186	FBgn0024187
EIES0	TC010654	FBgn0030766
EIES2	TC031186	FBgn0285917
EIES3	TC004111	FBgn0289122
EIETM	TC001878	FBgn0032717
EIETN	TC000930	FBgn0026562
EIETP	TC001601,TC008735	FBgn0010328
EIETR	TC011923	FBgn0263351
EIETS	TC010498,TC001437	FBgn0024833
EIETT	TC004910	FBgn0029175
EIETW	TC001448	FBgn0262139
EIEU6	TC015995	FBgn0052220
EIEVH	TC015050	FBgn0036328,FBgn0036327,FBgn0262559
EIEVP	TC005575	FBgn0003321,FBgn0051501
EIEVY	TC010877	FBgn0038608
EIEWB	TC007011	FBgn0003462,FBgn0033631
EIEWC	TC007211	FBgn0034177
EIEWD	TC009295	FBgn0035877
EIEWG	TC011093	FBgn0035593
EIEWI	TC004088	FBgn0036096
EIEWQ	TC032859	FBgn0040985
EIEWW	TC033708,TC033709	FBgn0032252
EIEXW	TC033267	FBgn0034426,FBgn0034428,FBgn0031791
EIEYR	TC012552	FBgn0260463,FBgn0051352
EIEZQ	TC031005	FBgn0037046
EIF0E	TC013496	FBgn0283678
EIF0J	TC010596	FBgn0004595
EIF0K	TC006993	FBgn0035318
EIF0P	TC009870	FBgn0031106
EIF0Q	TC015913	FBgn0040493
EIF0R	TC034557	FBgn0027598
EIF0T	TC009558	FBgn0031820
EIF23	TC001000	FBgn0031760
EIF2Y	TC001970	FBgn0015553
EIF2Z	TC000838	FBgn0037250
EIF30	TC013076	FBgn0005654
EIF31	TC007403	FBgn0030512
EIF32	TC010368	FBgn0038115
EIF33	TC013284	FBgn0037652
EIF34	TC012279	FBgn0000346,FBgn0051495,FBgn0266464
EIF3B	TC010771	FBgn0039038,FBgn0085404
EIF3D	TC010653	FBgn0001321
EIF3Q	TC011447,TC011450	FBgn0035722
EIF3S	TC000567	FBgn0037538
EIF3T	TC014918	FBgn0033100
EIF3X	TC000220	FBgn0030966
EIF3Y	TC013403	FBgn0038395
EIF40	TC007212	FBgn0031882
EIF44	TC006048	FBgn0029596,FBgn0032754,FBgn0289578
EIF4G	TC012708	FBgn0026372
EIF4Q	TC009931	FBgn0034360
EIF4R	TC009384	FBgn0035065
EIF4U	TC012174	FBgn0031859
EIF4Z	TC014014,TC011877	FBgn0051345
EIF51	TC000749	FBgn0250789
EIF52	TC000459	FBgn0033913,FBgn0033955
EIF5A	TC000737	FBgn0010770
EIF5C	TC005433	FBgn0030013
EIF5I	TC034184	FBgn0086898
EIF63	TC030989	FBgn0039155
EIF64	TC005641,TC006482,TC006483,TC006484	FBgn0034996
EIF68	TC031453	FBgn0034849
EIF6A	TC033665	FBgn0031713
EIF6C	TC006344	FBgn0031996
EIF6G	TC014763	FBgn0034483,FBgn0288856
EIF6H	TC009220	FBgn0005638
EIF6K	TC000039	FBgn0053054,FBgn0085290
EIF78	TC012876	FBgn0032680,FBgn0031145
EIF87	TC004001	FBgn0029971
EIF8A	TC001983	FBgn0034202,FBgn0033474
EIF8H	TC006674	FBgn0032419
EIF8J	TC015590	FBgn0025393
EIF8X	TC014364	FBgn0001124
EIF8Y	TC011210	FBgn0000139
EIF8Z	TC005570	FBgn0027617
EIF90	TC016198	FBgn0031519
EIF94	TC007691	FBgn0039301
EIF95	TC013382	FBgn0032296
EIF96	TC034617	FBgn0004597
EIF9F	TC033770	FBgn0033842
EIF9G	TC012725	FBgn0038473
EIF9I	TC000469	FBgn0033656
EIF9J	TC014210	FBgn0036099
EIF9K	TC007395	FBgn0286506
EIF9M	TC013318	FBgn0002787
EIFAQ	TC002377	FBgn0042178,FBgn0042177
EIFAT	TC014347	FBgn0030102,FBgn0053548
EIFAV	TC010446,TC014707	FBgn0034706,FBgn0031098,FBgn0262580,FBgn0036170
EIFB0	TC010945	FBgn0086445
EIFB5	TC007209	FBgn0086768
EIFB6	TC014471	FBgn0004797
EIFBC	TC030999	FBgn0005355
EIFD0	TC000754	FBgn0043550
EIFD9	TC009645	FBgn0034172
EIFDP	TC015325,TC015326,TC015404	FBgn0036816,FBgn0260466,FBgn0032314,FBgn0064119
EIFDQ	TC007282	FBgn0034510,FBgn0031049
EIFDR	TC013073	FBgn0035643
EIFDU	TC013379	FBgn0034345
EIFEH	TC004063	FBgn0026577
EIFEV	TC014143	FBgn0000489
EIFEW	TC005377,TC005376,TC006769,TC005375,TC005374,TC006515	FBgn0002564,FBgn0002562,FBgn0036782,FBgn0002565,FBgn0002563,FBgn0036410
EIFEX	TC006618	FBgn0025833
EIFF8	TC033072	FBgn0000308
EIFG5	TC003997	FBgn0037890,FBgn0033519
EIFGE	TC030549	FBgn0024194
EIFGF	TC001378	FBgn0263997
EIFGG	TC003812	FBgn0002948
EIFGJ	TC004871	FBgn0034893
EIFGQ	TC001321	FBgn0039157
EIFGU	TC011872	FBgn0250755
EIFHW	TC007375	FBgn0024364
EIFI2	TC001943	FBgn0024227
EIFIF	TC007868	FBgn0031233
EIFIG	TC002493	FBgn0040281
EIFIH	TC032977,TC034819	FBgn0003575
EIFII	TC014124	FBgn0043364
EIFIJ	TC032696	FBgn0259935
EIFIM	TC000792	FBgn0039240
EIFIV	TC032323,TC004448,TC004447,TC004940,TC004942,TC004444,TC004443,TC004442,TC003345	FBgn0033381
EIFJC	TC014659	FBgn0039969,FBgn0054011,FBgn0031731
EIFJP	TC014951	FBgn0035091
EIFKB	TC007755,TC007756,TC030445,TC007742,TC007741,TC008468,TC012904	FBgn0011280
EIFKI	TC006187	FBgn0263258
EIFKP	TC004712	FBgn0034691
EIFKV	TC012510	FBgn0039747
EIFKW	TC007143	FBgn0265959
EIFKX	TC034116,TC034050	FBgn0002576,FBgn0083981
EIFKY	TC015184	FBgn0030973
EIFM2	TC012611	FBgn0034352
EIFM5	TC034091	FBgn0040805
EIFM6	TC012553	FBgn0034029
EIFM7	TC008869	FBgn0029818
EIFM8	TC033103	FBgn0033054
EIFMF	TC010491	FBgn0000351
EIFMR	TC014610	FBgn0027603
EIFMT	TC009257,TC009256	FBgn0025373
EIFN4	TC000224	FBgn0015300,FBgn0026136,FBgn0000259
EIFN5	TC032155	FBgn0266756
EIFN9	TC014078,TC013720,TC013719	FBgn0032913
EIFNG	TC000617	FBgn0011769
EIFNT	TC003875	FBgn0040290
EIFNY	TC001440	FBgn0066365
EIFNZ	TC012433	FBgn0260935
EIFPU	TC005877	FBgn0032115,FBgn0029715
EIFPY	TC032605	FBgn0270924
EIFPZ	TC007066	FBgn0031010
EIFQ0	TC012447	FBgn0011582
EIFQ5	TC031117	FBgn0052702,FBgn0259140
EIFQ6	TC034513	FBgn0036732
EIFQ8	TC008023	FBgn0040373
EIFQP	TC010195	FBgn0030307,FBgn0260645,FBgn0260646,FBgn0003137,FBgn0261630,FBgn0261633,FBgn0261634
EIFQU	TC001088	FBgn0039007
EIFQW	TC009486	FBgn0250848
EIFR1	TC009371	FBgn0030887
EIFR2	TC015318	FBgn0029942
EIFR7	TC031964	FBgn0267253,FBgn0030913
EIFRJ	TC005801	FBgn0039537
EIFRM	TC006493	FBgn0031692
EIFSK	TC034418,TC034419	FBgn0033130
EIFSZ	TC011886	FBgn0261547
EIFT0	TC030998	FBgn0010113
EIFTJ	TC030046,TC030045,TC011006	FBgn0015031
EIFTU	TC032588	FBgn0051279
EIFVH	TC034444	FBgn0039594
EIFVI	TC034663	FBgn0020305
EIFVK	TC011605	FBgn0036263
EIFVN	TC009551	FBgn0000121
EIFVP	TC008872	FBgn0025352
EIFVR	TC012458	FBgn0034532
EIFVT	TC007574	FBgn0030789
EIFVU	TC005409	FBgn0032598
EIFW6	TC034515	FBgn0039904
EIFW7	TC012067	FBgn0037218
EIFWA	TC015512	FBgn0037330
EIFWC	TC034577	FBgn0035944
EIFWG	TC003401	FBgn0035402
EIFZ8	TC006714	FBgn0033352
EIG06	TC003493	FBgn0033919
EIG1R	TC006477	FBgn0034975
EIG1T	TC003435	FBgn0037819
EIG1U	TC007810	FBgn0259221
EIG1V	TC006108	FBgn0020626
EIG1Z	TC009929	FBgn0034364
EIG2G	TC013812	FBgn0035280
EIG2N	TC006359	FBgn0033713
EIG2P	TC009977	FBgn0038877
EIG2Y	TC003639	FBgn0035648
EIG31	TC015330	FBgn0011746
EIG32	TC005719	FBgn0000662
EIG33	TC004597	FBgn0029896
EIG34	TC011377	FBgn0021750
EIG35	TC011660	FBgn0037414
EIG36	TC010003	FBgn0033571
EIG38	TC010864	FBgn0031538
EIG3A	TC010359	FBgn0026873
EIG3E	TC008909	FBgn0000448
EIG3U	TC013759	FBgn0040368,FBgn0265089,FBgn0035823,FBgn0035709,FBgn0039622,FBgn0015218
EIG3W	TC035026,TC004609,TC001360	FBgn0010215
EIG4F	TC034303	FBgn0031518
EIG4U	TC030602	FBgn0027526
EIG4Y	TC014175	FBgn0038829
EIG5X	TC007640	FBgn0038578
EIG5Y	TC030759	FBgn0032997
EIG5Z	TC008256	FBgn0286783
EIG62	TC034683	FBgn0038331
EIG63	TC001699	FBgn0035471
EIG66	TC030756	FBgn0031773
EIG68	TC004236	FBgn0030215,FBgn0036726,FBgn0263032,FBgn0263033
EIG6A	TC031230	FBgn0036373
EIG6F	TC006801	FBgn0032481
EIG6T	TC005426	FBgn0031655
EIG6V	TC002817	FBgn0266582
EIG6X	TC011692	FBgn0024556
EIG6Y	TC014180	FBgn0025681
EIG6Z	TC033129,TC033130,TC033181	FBgn0000299
EIG71	TC033217	FBgn0264357
EIG74	TC002300	FBgn0064116
EIG7H	TC013384	FBgn0030177
EIG7J	TC032772,TC034651	FBgn0032014
EIG7K	TC030729	FBgn0037737
EIG7Q	TC002441	FBgn0010470
EIG7R	TC032197	FBgn0026077
EIG7S	TC014566	FBgn0263930
EIG7V	TC010380	FBgn0035601
EIG8E	TC014226	FBgn0019968
EIG8H	TC014006,TC032116	FBgn0032471,FBgn0037440,FBgn0038486,FBgn0000303
EIG8S	TC008867	FBgn0266354
EIG8V	TC009730	FBgn0030403
EIG97	TC032343,TC003070	FBgn0023172
EIG9I	TC033004	FBgn0263131
EIG9J	TC007861	FBgn0031571
EIG9M	TC034512	FBgn0020370
EIG9S	TC004391	FBgn0003044
EIGAZ	TC006792	FBgn0035247
EIGB0	TC004823	FBgn0085224
EIGB1	TC034458,TC034459	FBgn0030151
EIGB8	TC033222,TC033223,TC011558	FBgn0027532
EIGBB	TC014444	FBgn0031883
EIGBU	TC032430,TC032431	FBgn0020621
EIGC0	TC032761	FBgn0028481,FBgn0051690
EIGC4	TC030734	FBgn0027549
EIGD5	TC030574	FBgn0025469
EIGD6	TC003641	FBgn0031909
EIGDA	TC001091	FBgn0264389
EIGDR	TC002785,TC002786	FBgn0037678
EIGE1	TC014132	FBgn0260479,FBgn0031939,FBgn0031936,FBgn0031935,FBgn0031937,FBgn0053296
EIGE7	TC033027	FBgn0051146
EIGEV	TC014952,TC004188	FBgn0031317
EIGG1	TC016318	FBgn0283438
EIGJU	TC015334	FBgn0039417
EIGJW	TC014727	FBgn0031741
EIGJZ	TC000229	FBgn0030086
EIGK3	TC004658	FBgn0038675
EIGK4	TC013430	FBgn0036685
EIGK6	TC006411	FBgn0037220
EIGK8	TC011542	FBgn0035407
EIGKF	TC004781,TC010440	FBgn0051528,FBgn0031057
EIGKG	TC011026	FBgn0037653
EIGKH	TC034580	FBgn0029911
EIGKI	TC005548,TC005069	FBgn0037339
EIGKJ	TC003548	FBgn0037443
EIGKK	TC014290	FBgn0003475
EIGKM	TC009118	FBgn0034067
EIGKN	TC004634	FBgn0034432
EIGKQ	TC030050	FBgn0035009,FBgn0028570,FBgn0032972,FBgn0034478,FBgn0024196
EIGMB	TC004545	FBgn0004514
EIGMD	TC003666	FBgn0034371
EIGMF	TC005445	FBgn0031174
EIGMG	TC012184	FBgn0040078
EIGMH	TC009998	FBgn0037573
EIGMN	TC010901	FBgn0004055
EIGMQ	TC010995	FBgn0035767
EIGMW	TC033680	FBgn0035008,FBgn0028487,FBgn0013733
EIGN0	TC009461	FBgn0041156
EIGN1	TC030567	FBgn0039405
EIGN2	TC009595	FBgn0033812
EIGNC	TC034296	FBgn0286898
EIGNJ	TC001470	FBgn0004636
EIGNK	TC012874	FBgn0032476
EIGNM	TC001326	FBgn0264712
EIGNN	TC014580	FBgn0039223
EIGNP	TC014647	FBgn0035771
EIGNQ	TC005757	FBgn0027783
EIGNR	TC000245	FBgn0036915
EIGNS	TC011289	FBgn0038947
EIGNT	TC005315	FBgn0000182
EIGP9	TC011917	FBgn0033236
EIGPK	TC001874	FBgn0043903,FBgn0031055
EIGPS	TC015804	FBgn0003145
EIGPW	TC013464	FBgn0031913
EIGQ7	TC012258	FBgn0000256
EIGQ8	TC013560	FBgn0250839
EIGQK	TC001409	FBgn0261278
EIGQM	TC012793	FBgn0020255,FBgn0036497
EIGQN	TC002497	FBgn0050340
EIGQP	TC006199	FBgn0033556
EIGQS	TC014345	FBgn0024989
EIGR1	TC015605,TC015606	FBgn0031030
EIGRJ	TC007754	FBgn0003941
EIGS8	TC034083,TC031004,TC032193,TC001157,TC015237,TC015083,TC005925,TC012405	FBgn0035070,FBgn0053160,FBgn0053159,FBgn0052271,FBgn0260461,FBgn0052376,FBgn0052374,FBgn0051681,FBgn0053127,FBgn0031249,FBgn0037038,FBgn0037036,FBgn0051267,FBgn0038892,FBgn0039703,FBgn0050031,FBgn0010358,FBgn0050025,FBgn0010359,FBgn0038431,FBgn0083965,FBgn0083966,FBgn0085486,FBgn0085487,FBgn0038482,FBgn0037039,FBgn0250841
EIGSE	TC011720	FBgn0261649
EIGSN	TC004364	FBgn0259139
EIGSR	TC034217	FBgn0029095,FBgn0038466
EIGST	TC014788	FBgn0015803
EIGSU	TC034640,TC003841	FBgn0010501,FBgn0028381,FBgn0019972
EIGSV	TC033405,TC015414,TC015554,TC005026	FBgn0031775
EIGTA	TC002990	FBgn0036030
EIGVR	TC033342,TC005665,TC016069	FBgn0040227
EIGVW	TC009376	FBgn0028500
EIGVX	TC001347	FBgn0033734
EIGXD	TC016331	FBgn0011661
EIGY1	TC004623,TC004622	FBgn0011653
EIGY2	TC034017	FBgn0039415
EIGZ2	TC030657	FBgn0033086
EIGZ5	TC008096,TC007697	FBgn0260632,FBgn0011274
EIGZ6	TC008099	FBgn0003028
EIGZ9	TC011841	FBgn0023516
EIGZU	TC031547	FBgn0033633
EIGZW	TC003856	FBgn0033427,FBgn0028862
EIH01	TC033079	FBgn0032196
EIH04	TC008693	FBgn0085451
EIH09	TC008998	FBgn0261552
EIH0A	TC008067	FBgn0083962
EIH0C	TC010431	FBgn0040236
EIH0K	TC034489	FBgn0021872
EIH11	TC033251,TC031545	FBgn0016693
EIH1B	TC008241	FBgn0040475
EIH1J	TC002995	FBgn0051915
EIH2Q	TC010081	FBgn0023407
EIH2Y	TC013036	FBgn0261530
EIH2Z	TC015985	FBgn0032793
EIH31	TC004532	FBgn0039336
EIH33	TC033579	FBgn0033605
EIH38	TC010992	FBgn0261434
EIH3Y	TC003549	FBgn0038516
EIH40	TC004426	FBgn0011566
EIH42	TC034312	FBgn0031266
EIH45	TC015453	FBgn0034258
EIH49	TC006314	FBgn0026597
EIH4F	TC011708	FBgn0011289
EIH4J	TC014494	FBgn0030696,FBgn0016698,FBgn0037365
EIH4K	TC034845	FBgn0052350
EIH4M	TC001072	FBgn0004391
EIH4P	TC031025,TC010791,TC005934	FBgn0022338
EIH5E	TC011647	FBgn0001248
EIH5G	TC004308	FBgn0015521
EIH5K	TC006280	FBgn0032595
EIH5M	TC014412	FBgn0031684
EIH5P	TC035013	FBgn0261284
EIH6F	TC002359	FBgn0028382
EIH6G	TC011201	FBgn0038926
EIH6H	TC009327	FBgn0036920,FBgn0030620
EIH6I	TC011022	FBgn0033902
EIH6J	TC003201	FBgn0036000
EIH6K	TC011768	FBgn0039751
EIH6M	TC030560	FBgn0051450
EIH6N	TC015011,TC010231,TC004002	FBgn0032769,FBgn0032768
EIH6Q	TC008016	FBgn0024947
EIH6R	TC009982	FBgn0024330
EIH6U	TC002851	FBgn0029992
EIH6W	TC004103	FBgn0031604
EIH70	TC002556	FBgn0038725
EIH71	TC032794	FBgn0011837
EIH75	TC014105	FBgn0037475
EIH76	TC005486	FBgn0011787
EIH77	TC006646,TC012828	FBgn0038819
EIH7A	TC031170,TC003081	FBgn0036817
EIH7B	TC014377	FBgn0082598
EIH7H	TC009771	FBgn0031851
EIH7T	TC007504	FBgn0034295,FBgn0034292,FBgn0034291
EIH7V	TC002955,TC002952,TC005956,TC005955,TC005954,TC005953,TC005432	FBgn0030521
EIH80	TC031518	FBgn0032136
EIH81	TC008606,TC010614	FBgn0026439,FBgn0026438
EIH8S	TC013699	FBgn0030121,FBgn0030120
EIH8T	TC013480	FBgn0000075,FBgn0000422
EIH8U	TC002425	FBgn0036666
EIH8W	TC012819	FBgn0037427
EIH8X	TC005853	FBgn0025109
EIH90	TC007891	FBgn0028693,FBgn0036465
EIH9N	TC001036,TC001383	FBgn0262699,FBgn0001086
EIH9W	TC000506	FBgn0033526
EIH9X	TC010881	FBgn0038855
EIHA1	TC003272	FBgn0035942
EIHA3	TC013917,TC013918	FBgn0064237,FBgn0013763,FBgn0026415
EIHA4	TC014443	FBgn0031736
EIHA5	TC000642	FBgn0038163
EIHAQ	TC006560	FBgn0022344
EIHAT	TC007735	FBgn0016070
EIHCA	TC034744	FBgn0010825
EIHCB	TC007036	FBgn0036671
EIHCC	TC009555	FBgn0038234
EIHCE	TC033702	FBgn0050296
EIHCG	TC009110	FBgn0030745,FBgn0053061,FBgn0053060
EIHCJ	TC001210	FBgn0027496
EIHCK	TC007529	FBgn0284256
EIHCQ	TC013774	FBgn0031504,FBgn0039970
EIHCU	TC030761	FBgn0034567
EIHCW	TC031198,TC032161,TC032162,TC004770,TC013326,TC009092,TC009090,TC013277,TC013278,TC013279,TC013280,TC002193	FBgn0019929,FBgn0050287,FBgn0050289,FBgn0028866,FBgn0032551,FBgn0038144,FBgn0038250,FBgn0000533,FBgn0051200,FBgn0051199,FBgn0039102,FBgn0039759,FBgn0039758,FBgn0053458,FBgn0050098,FBgn0050090,FBgn0033439,FBgn0053459,FBgn0050087,FBgn0053460,FBgn0085465,FBgn0050288,FBgn0051219,FBgn0050088,FBgn0031058,FBgn0050083,FBgn0050286,FBgn0053465,FBgn0050414,FBgn0051220,FBgn0050082,FBgn0039101,FBgn0042106,FBgn0284244,FBgn0263040,FBgn0263041,FBgn0069056,FBgn0036858,FBgn0261584,FBgn0033469,FBgn0053225,FBgn0027930,FBgn0050187
EIHE2	TC011321,TC011322	FBgn0039776,FBgn0039779,FBgn0039784,FBgn0051017,FBgn0051013,FBgn0051524,FBgn0039783,FBgn0051014,FBgn0039780,FBgn0026190,FBgn0039782,FBgn0085374,FBgn0265268,FBgn0052201,FBgn0036796,FBgn0040528,FBgn0051016,FBgn0051021,FBgn0051371,FBgn0036795,FBgn0039616,FBgn0052199,FBgn0054041,FBgn0036793,FBgn0042182
EIHE3	TC011546	FBgn0035436
EIHEW	TC006260	FBgn0028690
EIHF3	TC009426	FBgn0000414
EIHF5	TC007919	FBgn0031356
EIHF7	TC033275	FBgn0037044
EIHFW	TC030882,TC002600	FBgn0035957,FBgn0000116,FBgn0038373
EIHGA	TC030615	FBgn0031817
EIHGF	TC015323	FBgn0036544
EIHGG	TC011357	FBgn0003169
EIHGS	TC004127	FBgn0040324
EIHH2	TC004892	FBgn0038834
EIHH7	TC030609	FBgn0033362,FBgn0262587
EIHHZ	TC002668	FBgn0083969
EIHIA	TC006419	FBgn0032707
EIHK1	TC003821	FBgn0050349
EIHK2	TC030773	FBgn0037137
EIHK5	TC012332	FBgn0002941
EIHK7	TC010317	FBgn0040336
EIHK9	TC033580	FBgn0026402
EIHKA	TC032990	FBgn0260795
EIHKQ	TC032198	FBgn0028577
EIHKR	TC005461	FBgn0038723
EIHKS	TC008707	FBgn0039697
EIHKU	TC011859	FBgn0037200
EIHKV	TC003731	FBgn0015818
EIHKW	TC032700	FBgn0035760
EIHKY	TC013168	FBgn0003279
EIHM3	TC006837	FBgn0087041
EIHM6	TC008182	FBgn0028708
EIHM8	TC005397	FBgn0050373
EIHMA	TC014026	FBgn0020381,FBgn0031065
EIHNC	TC032057,TC032058,TC032059,TC000817,TC000818,TC000819	FBgn0051272,FBgn0037829
EIHND	TC005667	FBgn0030239
EIHNF	TC014436	FBgn0035155
EIHNI	TC002309	FBgn0043005
EIHNJ	TC000886	FBgn0027524
EIHNK	TC002391	FBgn0015834
EIHP4	TC034409	FBgn0034021
EIHP5	TC001473	FBgn0037937
EIHPA	TC005481	FBgn0032602
EIHQ2	TC004846	FBgn0003499
EIHQ3	TC004761	FBgn0039937
EIHQJ	TC032479	FBgn0053519
EIHQU	TC010461	FBgn0031414
EIHR1	TC004311	FBgn0052264
EIHR4	TC011029	FBgn0039163
EIHRC	TC013874	FBgn0031054
EIHRD	TC000137	FBgn0035397
EIHS0	TC031743	FBgn0040396
EIHS2	TC011601	FBgn0051869
EIHSA	TC004956,TC012853	FBgn0031528
EIHSC	TC012484	FBgn0027835
EIHSE	TC005390	FBgn0001491
EIHSW	TC014804	FBgn0044419
EIHT0	TC013740	FBgn0034564
EIHT1	TC003350	FBgn0030645
EIHT5	TC003999,TC016004	FBgn0035914
EIHT9	TC005612	FBgn0030328
EIHTF	TC034530	FBgn0037327
EIHTH	TC002673	FBgn0013759
EIHTI	TC004435	FBgn0030768,FBgn0031733
EIHTN	TC002498	FBgn0283531
EIHTR	TC003354	FBgn0004102
EIHUI	TC008955	FBgn0035431
EIHUJ	TC015394	FBgn0000529
EIHUP	TC004459	FBgn0033104
EIHV1	TC030583	FBgn0027791
EIHVD	TC031541,TC031539,TC010786	FBgn0259245,FBgn0052791,FBgn0267428
EIHVH	TC012620	FBgn0032804
EIHXS	TC005933	FBgn0034745
EIHXU	TC006888	FBgn0025776
EIHXW	TC013875	FBgn0033752
EIHY3	TC001306	FBgn0052176
EIHY6	TC034974	FBgn0262126
EIHY8	TC013431	FBgn0011284
EIHYA	TC002492	FBgn0000150
EIHYE	TC012812	FBgn0039427
EIHYF	TC000708	FBgn0039531
EIHYG	TC003093	FBgn0035249
EIHZK	TC015051	FBgn0034142
EIHZP	TC032803	FBgn0031955
EII2H	TC006474	FBgn0003716
EII2X	TC033723,TC015699	FBgn0004198
EII34	TC010162,TC033446,TC008788	FBgn0011648
EII3H	TC007817	FBgn0037182
EII3K	TC007515	FBgn0053094
EII4N	TC015782,TC015783	FBgn0032144
EII51	TC009377	FBgn0083951
EII52	TC011347	FBgn0034248
EII58	TC004555	FBgn0038852
EII59	TC007673	FBgn0034463
EII5F	TC011343	FBgn0033235
EII5K	TC000095	FBgn0037569
EII5M	TC009347	FBgn0023522
EII5N	TC001104	FBgn0288875
EII5R	TC005869	FBgn0028694
EII5T	TC001107	FBgn0266669
EII5X	TC012383	FBgn0259173
EII5Y	TC012875	FBgn0037360
EII5Z	TC015256,TC011046	FBgn0004107
EII60	TC000530,TC016203	FBgn0041194,FBgn0004901
EII64	TC031673	FBgn0026787
EII65	TC031986	FBgn0011666
EII67	TC010612	FBgn0033089
EII68	TC000235	FBgn0030945
EII69	TC003692	FBgn0260399
EII6X	TC011870	FBgn0001297
EII79	TC002361	FBgn0050380
EII81	TC000350	FBgn0039638
EII8M	TC003427	FBgn0032408
EII8Q	TC007745	FBgn0030093
EII8T	TC032110	FBgn0267435
EII8U	TC015430	FBgn0028717
EII8V	TC002424	FBgn0036221,FBgn0034914
EII8Z	TC001243	FBgn0039335
EII90	TC007942	FBgn0026430,FBgn0035800
EII93	TC006900	FBgn0039233
EII94	TC012039	FBgn0036397
EII98	TC005760	FBgn0000524
EII9A	TC007486	FBgn0030246
EII9B	TC009636	FBgn0034117
EIIA4	TC014582	FBgn0000426
EIIA5	TC034594	FBgn0052280
EIIA9	TC034316	FBgn0030234
EIIAD	TC015905	FBgn0032111,FBgn0038078,FBgn0051347,FBgn0264340
EIIAZ	TC010166	FBgn0030581
EIIBG	TC011058	FBgn0003392
EIICG	TC011774	FBgn0011836
EIICI	TC003434	FBgn0036191
EIICK	TC001432	FBgn0000038
EIICM	TC005367	FBgn0040211
EIICN	TC012240	FBgn0023519
EIID4	TC009861	FBgn0003174
EIID6	TC010838	FBgn0038862
EIIDC	TC008993	FBgn0053558
EIIDG	TC033137,TC003828,TC009440,TC008761,TC008760,TC016022,TC004221,TC001474	FBgn0029848,FBgn0040069,FBgn0052750,FBgn0052751
EIIDI	TC031289	FBgn0030960
EIIDM	TC007170	FBgn0037100
EIIE6	TC005204	FBgn0025865
EIIHS	TC011657	FBgn0037410
EIIHT	TC009984	FBgn0005648
EIIHW	TC012760	FBgn0034909
EIIHX	TC007772	FBgn0036187
EIIHZ	TC001381	FBgn0035385
EIII0	TC012373	FBgn0027836
EIII2	TC030906	FBgn0023524
EIIII	TC009485	FBgn0010078
EIIIJ	TC012435	FBgn0029853
EIIIK	TC030982	FBgn0014949
EIIIP	TC009290	FBgn0033199
EIIIR	TC033382	FBgn0029881
EIIIS	TC006162	FBgn0034051
EIIJ3	TC012700	FBgn0039559
EIIJK	TC011207	FBgn0038326
EIIJZ	TC009812	FBgn0034313
EIIK4	TC006216	FBgn0030099
EIIK6	TC014772	FBgn0036202
EIIK7	TC032010,TC004493	FBgn0034093
EIIMM	TC015416	FBgn0031090
EIIMP	TC003854	FBgn0042712
EIIMQ	TC009171	FBgn0024285
EIIMS	TC005697	FBgn0032883
EIIMT	TC000758	FBgn0035462
EIIMU	TC016093	FBgn0034232
EIIMV	TC033903,TC010386,TC010387	FBgn0033915
EIIMW	TC016087	FBgn0003969
EIIN4	TC033672,TC033797,TC031184,TC009058,TC009768	FBgn0083949,FBgn0083950,FBgn0038156,FBgn0037736,FBgn0259213
EIIN5	TC011057,TC016200	FBgn0030421,FBgn0026718
EIIN6	TC034442	FBgn0029157
EIIPF	TC014863	FBgn0039911
EIIPH	TC014779	FBgn0031064
EIIPJ	TC014205,TC014613	FBgn0041191
EIIPK	TC014616,TC013196	FBgn0243486
EIIPP	TC003487	FBgn0259985
EIIPS	TC015386	FBgn0035134
EIIQ3	TC030558	FBgn0039126,FBgn0264741,FBgn0264740
EIIQA	TC009895	FBgn0039829
EIIQC	TC007060	FBgn0029976
EIIQD	TC005561	FBgn0031758,FBgn0030872
EIIR7	TC014272	FBgn0031231
EIIR9	TC000470	FBgn0033654
EIIRA	TC007569	FBgn0029839
EIIRC	TC012625	FBgn0035741
EIIRE	TC013997	FBgn0014396
EIIRG	TC033589,TC030225,TC030227,TC030228,TC030229,TC030226,TC030271,TC030219,TC030218,TC030221,TC030220,TC030222,TC030256	FBgn0259683
EIIRN	TC006846	FBgn0051973
EIIRP	TC002763	FBgn0004379
EIIRS	TC009456	FBgn0028622
EIIRT	TC015740,TC005288	FBgn0026433
EIIRU	TC013625	FBgn0026056
EIIRV	TC015474	FBgn0037624
EIIRW	TC007475	FBgn0013973
EIIRX	TC009040	FBgn0037369
EIIS5	TC032496	FBgn0085432
EIISZ	TC010125	FBgn0031784
EIIT7	TC033309,TC015380,TC015341,TC015576	FBgn0033464
EIITC	TC014041	FBgn0035917
EIITG	TC009784	FBgn0029745,FBgn0033886
EIIUD	TC007732,TC004238	FBgn0024920
EIIVU	TC003328	FBgn0267487
EIIVV	TC001698,TC006303	FBgn0032864
EIIVW	TC013601	FBgn0036486
EIIVX	TC006994	FBgn0020620
EIIVY	TC006713	FBgn0030183
EIIW5	TC008996	FBgn0287186
EIIW8	TC014031,TC014032,TC014033	FBgn0032946
EIIW9	TC032730	FBgn0027580
EIIWB	TC014438	FBgn0031857
EIIWC	TC002268	FBgn0034179,FBgn0030761
EIIWD	TC011926	FBgn0085421
EIIWF	TC013052	FBgn0087013
EIIXI	TC014155,TC014156,TC011448	FBgn0034479
EIIXK	TC001230	FBgn0038407
EIIXR	TC000462,TC013654	FBgn0031302,FBgn0016691,FBgn0085380
EIIXV	TC011817	FBgn0283472
EIIXZ	TC014374,TC009201	FBgn0019990
EIIY0	TC010427	FBgn0286027
EIIY2	TC001189	FBgn0015247
EIIY3	TC004799,TC002806,TC013905	FBgn0030207,FBgn0263106,FBgn0031322
EIIY4	TC001371,TC032209	FBgn0001139
EIIY5	TC012589,TC012593	FBgn0000479
EIIY7	TC006170,TC005317	FBgn0001092,FBgn0034173,FBgn0001091
EIIYB	TC007795	FBgn0031980
EIIYF	TC011805	FBgn0030638,FBgn0030756
EIIYW	TC033044	FBgn0029785
EIIZ2	TC034719	FBgn0051998
EIIZ4	TC031367	FBgn0020299
EIIZG	TC032750	FBgn0263511,FBgn0263512
EIIZH	TC000057	FBgn0024998
EIIZI	TC012536	FBgn0041186
EIIZM	TC010827	FBgn0036538,FBgn0036537
EIIZQ	TC004921	FBgn0025456
EIIZR	TC005175,TC009277	FBgn0029996,FBgn0037987
EIIZS	TC013477	FBgn0037351
EIIZU	TC000326	FBgn0033782
EIIZW	TC014109	FBgn0051155
EIIZZ	TC002719	FBgn0013765
EIJ04	TC009129,TC009128,TC011646	FBgn0025814
EIJ07	TC014239	FBgn0037570
EIJ0C	TC012434	FBgn0083940
EIJ0K	TC008222	FBgn0261617
EIJ0Z	TC030649	FBgn0037305
EIJ16	TC034281	FBgn0003268
EIJ1I	TC015642,TC015643	FBgn0086532
EIJ1T	TC003694	FBgn0037120
EIJ1U	TC032404	FBgn0013718
EIJ1V	TC000917	FBgn0003339
EIJ2A	TC010517,TC012469	FBgn0010385
EIJ2W	TC015441,TC004245	FBgn0265935
EIJ2X	TC030612	FBgn0033055
EIJ2Y	TC004772	FBgn0035388
EIJ30	TC009631	FBgn0287825
EIJ31	TC014542	FBgn0262114
EIJ4C	TC030686	FBgn0034694
EIJ50	TC011206	FBgn0061469
EIJ52	TC008842	FBgn0050390
EIJ56	TC005393	FBgn0028582
EIJ6X	TC011524	FBgn0010830
EIJ7G	TC011388	FBgn0033206
EIJ85	TC007629	FBgn0037019
EIJ87	TC004895	FBgn0036494
EIJ88	TC005168	FBgn0039339
EIJ89	TC003699	FBgn0035704
EIJ8G	TC010805	FBgn0250786
EIJ91	TC031667,TC010238,TC031668,TC033365,TC032833,TC007316,TC015160,TC015102,TC000856,TC032503,TC010239,TC010253,TC010255	FBgn0034756,FBgn0032693,FBgn0039006,FBgn0033304,FBgn0038194,FBgn0033302
EIJ93	TC007832	FBgn0010438
EIJ96	TC032883	FBgn0259994
EIJ9E	TC030896	FBgn0026059
EIJ9H	TC000968	FBgn0260987
EIJ9I	TC007079	FBgn0032884
EIJ9J	TC001320	FBgn0011674
EIJ9M	TC013532	FBgn0036684
EIJ9P	TC010851	FBgn0013983
EIJA3	TC032054	FBgn0261987
EIJA6	TC003210	FBgn0266000
EIJA9	TC011666	FBgn0032515
EIJAC	TC002994	FBgn0032154
EIJAF	TC030692	FBgn0032020
EIJAG	TC002421	FBgn0029873
EIJAK	TC033900,TC030585	FBgn0000283
EIJAM	TC013994	FBgn0035401
EIJAN	TC001710	FBgn0052590
EIJAR	TC034520	FBgn0001316
EIJAU	TC008617	FBgn0250746
EIJB3	TC007229	FBgn0029176
EIJB4	TC008030	FBgn0019957
EIJB6	TC012166	FBgn0038167
EIJB7	TC031144	FBgn0039741
EIJB9	TC009981	FBgn0037749
EIJBA	TC005458	FBgn0035024
EIJBB	TC009314	FBgn0024179
EIJBC	TC016224	FBgn0031093,FBgn0260481
EIJBZ	TC000304	FBgn0032509
EIJCB	TC030942	FBgn0024352
EIJCC	TC007010	FBgn0031575
EIJCJ	TC004891	FBgn0015618
EIJCK	TC010153	FBgn0039451
EIJCM	TC015728	FBgn0028691
EIJCN	TC007200	FBgn0030087
EIJCP	TC000385	FBgn0010303
EIJCS	TC004992	FBgn0263600
EIJDI	TC002466,TC002464	FBgn0032069,FBgn0027611,FBgn0032067,FBgn0032253,FBgn0032066,FBgn0032068
EIJDJ	TC032040,TC000798	FBgn0259101
EIJDK	TC006853	FBgn0035106
EIJDM	TC015179	FBgn0037723
EIJDS	TC032495	FBgn0260005
EIJDT	TC009731	FBgn0035113
EIJDV	TC033456,TC033454,TC033457,TC033455,TC033163,TC033162,TC032896,TC032897,TC032286,TC008364,TC015813,TC015814,TC012922,TC012923,TC012924,TC012915	FBgn0052679,FBgn0035042,FBgn0036070,FBgn0037889,FBgn0037888,FBgn0050486,FBgn0037650,FBgn0260766,FBgn0054002,FBgn0250842,FBgn0050488,FBgn0264297,FBgn0264298,FBgn0264299,FBgn0051296
EIJDZ	TC000635	FBgn0038447
EIJE0	TC011534,TC003545,TC014340	FBgn0020616,FBgn0043865
EIJE1	TC008733	FBgn0029121
EIJE2	TC002627	FBgn0029685
EIJE3	TC010010	FBgn0260962
EIJE4	TC009066	FBgn0024555
EIJE5	TC015407	FBgn0032234
EIJE6	TC009042	FBgn0032216
EIJE9	TC012677	FBgn0037551
EIJFX	TC015194	FBgn0039203
EIJFY	TC010832	FBgn0000180
EIJG2	TC003349	FBgn0263102
EIJGN	TC006604	FBgn0000482
EIJGQ	TC013739	FBgn0032083
EIJGR	TC012100	FBgn0030386,FBgn0015320,FBgn0031331
EIJGT	TC001477	FBgn0039066
EIJGV	TC031464	FBgn0260749
EIJH4	TC012393	FBgn0031119
EIJHW	TC008033	FBgn0032694
EIJIN	TC002396	FBgn0036142
EIJIS	TC034259	FBgn0263772
EIJIT	TC000997	FBgn0035207
EIJJU	TC011946	FBgn0010406
EIJKP	TC012093	FBgn0015336
EIJKR	TC015419	FBgn0037332
EIJKS	TC012512	FBgn0053970
EIJKT	TC030691	FBgn0000140
EIJKU	TC007678	FBgn0030336
EIJKV	TC009638	FBgn0027619
EIJKX	TC033362,TC033360	FBgn0031187
EIJKY	TC016225	FBgn0020513,FBgn0032221
EIJM1	TC004123	FBgn0038421
EIJM3	TC014398	FBgn0033998
EIJMS	TC009947	FBgn0034315
EIJNT	TC013906	FBgn0031682
EIJPP	TC034551	FBgn0038956,FBgn0040628
EIJQ0	TC033325	FBgn0034913
EIJQ2	TC032780	FBgn0033867
EIJQF	TC032415,TC003560	FBgn0039916,FBgn0039927
EIJQI	TC010481	FBgn0004619,FBgn0264000
EIJRI	TC031640	FBgn0243514,FBgn0259896,FBgn0028939
EIJRJ	TC015914	FBgn0037875
EIJRM	TC011233	FBgn0037026
EIJRN	TC006409	FBgn0028992
EIJRP	TC008673	FBgn0037580
EIJRQ	TC034075	FBgn0026238
EIJRR	TC003602	FBgn0034649
EIJRU	TC006746	FBgn0261479
EIJRY	TC007252	FBgn0039801,FBgn0039800
EIJS3	TC011949	FBgn0031247
EIJS7	TC009786	FBgn0031497,FBgn0031281
EIJSN	TC007100,TC007099,TC007098,TC007097,TC007096,TC007506	FBgn0027601
EIJST	TC015260	FBgn0032524
EIJSV	TC004591	FBgn0261999
EIJSW	TC000780	FBgn0037757
EIJSX	TC031140	FBgn0285926
EIJSZ	TC013655	FBgn0053512
EIJT0	TC009319	FBgn0034372
EIJT1	TC006501	FBgn0086129
EIJTU	TC033116	FBgn0040391,FBgn0035674
EIJU0	TC031636,TC004929	FBgn0001098
EIJU1	TC000606	FBgn0023518,FBgn0263667
EIJU4	TC010657	FBgn0265140
EIJU7	TC008262	FBgn0034500
EIJUD	TC008407	FBgn0051004
EIJUH	TC003655	FBgn0039306
EIJUJ	TC013565	FBgn0013987
EIJUM	TC000193	FBgn0038045
EIJUN	TC003754	FBgn0026376
EIJUP	TC006554	FBgn0033761
EIJUQ	TC001302	FBgn0039430
EIJUR	TC012411	FBgn0033017
EIJUS	TC015671	FBgn0284255
EIJUX	TC014956	FBgn0267823
EIJV1	TC014045	FBgn0005617
EIJV3	TC014247	FBgn0033918
EIJV4	TC005310	FBgn0033755
EIJVC	TC011256	FBgn0038640
EIJVD	TC030689	FBgn0061362
EIJVE	TC012091	FBgn0261245
EIJVH	TC007498	FBgn0288857
EIJVI	TC010342	FBgn0036090,FBgn0069938
EIJVJ	TC002240	FBgn0039930
EIJVM	TC005984	FBgn0261597
EIJVN	TC030551	FBgn0036118
EIJVS	TC000092	FBgn0053260
EIJVY	TC009983	FBgn0033554
EIJWB	TC013925	FBgn0022959
EIJWH	TC007082	FBgn0025641
EIJWP	TC013551	FBgn0035825
EIJWR	TC004949	FBgn0028670,FBgn0038613,FBgn0032373
EIJWS	TC008808	FBgn0034542
EIJX4	TC006490	FBgn0030790
EIJX5	TC014013	FBgn0037728
EIJYS	TC014023	FBgn0003124
EIJYU	TC032337	FBgn0034157
EIJZE	TC014783	FBgn0024897
EIJZG	TC031877	FBgn0050108,FBgn0050109
EIJZM	TC002346	FBgn0037027
EIK00	TC014405	FBgn0010411
EIK0H	TC032578	FBgn0263200
EIK0N	TC008952	FBgn0000577
EIK21	TC009922	FBgn0261953
EIK26	TC033710,TC033711	FBgn0086368
EIK28	TC003184	FBgn0002774
EIK29	TC006734	FBgn0034033
EIK2A	TC010869	FBgn0004509
EIK2H	TC031494	FBgn0037240
EIK2I	TC003425	FBgn0037188
EIK3U	TC030561	FBgn0086446
EIK3Y	TC008326	FBgn0000535
EIK47	TC009907	FBgn0034546
EIK4C	TC000431	FBgn0038774
EIK4D	TC014330	FBgn0037153
EIK4E	TC032303	FBgn0010329
EIK4F	TC010062	FBgn0005619
EIK4G	TC008711	FBgn0000146,FBgn0004872
EIK4H	TC014658	FBgn0010452,FBgn0023095
EIK4I	TC004672	FBgn0037465
EIK62	TC010493	FBgn0039929
EIK6A	TC013017	FBgn0036556
EIK6C	TC002584	FBgn0024291
EIK6D	TC010525	FBgn0262169
EIK6G	TC009539	FBgn0027334
EIK6H	TC007833	FBgn0261020
EIK6J	TC007251	FBgn0031043,FBgn0051851
EIK79	TC008389	FBgn0036932
EIK7C	TC014581	FBgn0038830
EIK7E	TC003674	FBgn0036111
EIK7F	TC004732,TC009473	FBgn0028833
EIK7N	TC032995	FBgn0035876
EIK7P	TC014409	FBgn0036146
EIK83	TC013787	FBgn0028878
EIK85	TC012106	FBgn0032816
EIK86	TC000577	FBgn0025674
EIK87	TC001291	FBgn0052105
EIK88	TC009174	FBgn0286784
EIK89	TC004394	FBgn0021874
EIK94	TC031249	FBgn0039491,FBgn0046323
EIK9C	TC001103	FBgn0263740
EIK9D	TC000782	FBgn0051140
EIK9E	TC007292	FBgn0283509
EIK9H	TC012873	FBgn0025463
EIK9J	TC012303	FBgn0037249
EIK9N	TC015200	FBgn0039069,FBgn0039180
EIKA4	TC011025	FBgn0032294,FBgn0262736,FBgn0262513
EIKA5	TC006819	FBgn0042127,FBgn0042125
EIKA9	TC015248	FBgn0037625,FBgn0083971
EIKAR	TC000378,TC004000	FBgn0035915,FBgn0052351
EIKB9	TC034432	FBgn0027932
EIKBD	TC007943	FBgn0030787
EIKBE	TC009214	FBgn0039757
EIKBX	TC034940,TC015296,TC011180	FBgn0030369,FBgn0037601
EIKCA	TC008690	FBgn0034986
EIKCB	TC000912	FBgn0260642
EIKCG	TC032180	FBgn0033549
EIKCU	TC007092	FBgn0036773
EIKCX	TC032220	FBgn0030997
EIKCY	TC014620	FBgn0000152
EIKD4	TC009621	FBgn0086686
EIKD9	TC007747	FBgn0035337
EIKDN	TC031485,TC004749,TC008776	FBgn0085434,FBgn0285944
EIKDQ	TC008266	FBgn0001134
EIKDR	TC008334	FBgn0030707
EIKDU	TC015378,TC015392,TC015583,TC015669	FBgn0037323
EIKDX	TC031200,TC002522	FBgn0264959,FBgn0262733
EIKE1	TC032136,TC032134,TC008803	FBgn0050008
EIKE7	TC031834	FBgn0051092,FBgn0066101
EIKE9	TC004990	FBgn0010265
EIKEY	TC031549,TC010885	FBgn0039013
EIKG4	TC013294	FBgn0038275
EIKGA	TC010167	FBgn0029092
EIKGF	TC008091	FBgn0026076
EIKGJ	TC013863	FBgn0014023
EIKGM	TC009444	FBgn0034066
EIKHM	TC015893	FBgn0033122
EIKI2	TC031091	FBgn0027453
EIKI5	TC002876	FBgn0086451
EIKI6	TC007210	FBgn0038360
EIKIK	TC034298	FBgn0037070
EIKIN	TC005406	FBgn0020545
EIKIP	TC031373,TC031372	FBgn0259244
EIKJD	TC004579	FBgn0263986
EIKK4	TC011419	FBgn0030457
EIKND	TC012698	FBgn0039958
EIKNE	TC009202	FBgn0034792
EIKNF	TC002366	FBgn0037082,FBgn0037081
EIKNG	TC012375	FBgn0024733
EIKNH	TC007680	FBgn0030218
EIKNJ	TC032751	FBgn0085424,FBgn0004394
EIKNM	TC005802	FBgn0029789
EIKNP	TC010323	FBgn0263072
EIKPE	TC009010	FBgn0020235
EIKPG	TC007156	FBgn0031390
EIKPH	TC011037	FBgn0035145
EIKQ5	TC005521,TC011654	FBgn0038237,FBgn0085370
EIKQ7	TC004499	FBgn0260964
EIKQ8	TC014207	FBgn0004380
EIKQA	TC000945	FBgn0270928
EIKQD	TC003335	FBgn0035590
EIKQE	TC010401	FBgn0030305
EIKQG	TC012585	FBgn0039561
EIKQJ	TC005972	FBgn0001301
EIKQK	TC015127	FBgn0037324
EIKQM	TC016306	FBgn0000100
EIKQN	TC000373	FBgn0033816
EIKQQ	TC001245,TC009772	FBgn0025595
EIKR2	TC007438	FBgn0029858
EIKRI	TC000748	FBgn0024250
EIKRQ	TC000779	FBgn0030658
EIKRR	TC008856	FBgn0264753
EIKRS	TC015492	FBgn0000658
EIKRT	TC009740	FBgn0013762
EIKRU	TC002221	FBgn0031782
EIKRV	TC000124	FBgn0036571
EIKRX	TC001718	FBgn0034716,FBgn0050277,FBgn0034715
EIKRY	TC014309	FBgn0032846
EIKS2	TC009979	FBgn0266711
EIKS3	TC010508	FBgn0030695
EIKS6	TC030563	FBgn0031494
EIKS7	TC014000	FBgn0261722
EIKSA	TC011316	FBgn0026666
EIKSC	TC007987	FBgn0031601
EIKSG	TC008460	FBgn0031428
EIKSH	TC030675	FBgn0039111
EIKSJ	TC016258	FBgn0036889
EIKSK	TC013469	FBgn0260470
EIKSN	TC031280	FBgn0037731,FBgn0052939
EIKSP	TC012362	FBgn0030844
EIKSQ	TC013178	FBgn0036340
EIKSS	TC012669	FBgn0286567
EIKST	TC009729	FBgn0033226
EIKSU	TC014492	FBgn0261535
EIKSX	TC013357	FBgn0285910,FBgn0039058
EIKSZ	TC010334	FBgn0031764
EIKT3	TC030750	FBgn0034269
EIKT8	TC008357,TC008358,TC008359	FBgn0032381,FBgn0002569,FBgn0033294,FBgn0050359,FBgn0033297,FBgn0002570,FBgn0033296,FBgn0050360,FBgn0032382
EIKTK	TC005012	FBgn0000274,FBgn0039796,FBgn0000273
EIKTP	TC034367	FBgn0038881
EIKTU	TC001144	FBgn0035272
EIKU1	TC030611	FBgn0034262
EIKU2	TC031791	FBgn0038582
EIKUK	TC034867	FBgn0037023,FBgn0287828
EIKUM	TC004721	FBgn0005666
EIKUZ	TC000047	FBgn0267976
EIKV2	TC012612	FBgn0033087
EIKV4	TC001442	FBgn0011236
EIKV5	TC010652	FBgn0262115
EIKV6	TC001071	FBgn0040308
EIKVM	TC003464	FBgn0035733
EIKVP	TC015693	FBgn0026144
EIKVW	TC001003	FBgn0037802
EIKVZ	TC001452	FBgn0030877
EIKW2	TC007093	FBgn0030435
EIKW4	TC016289	FBgn0015331
EIKW5	TC004387	FBgn0038965
EIKWH	TC015359	FBgn0011754
EIKWR	TC009608	FBgn0005649
EIKX1	TC003775	FBgn0027950
EIKX2	TC032172	FBgn0039055
EIKX6	TC031386	FBgn0004396
EIKXB	TC030641	FBgn0039908
EIKXC	TC011038	FBgn0023542
EIKXX	TC007443	FBgn0031094
EIKXZ	TC013327	FBgn0261602
EIKY1	TC031520	FBgn0028703
EIKYG	TC013861	FBgn0260960
EIKYP	TC015234	FBgn0259233
EIKYR	TC031825,TC006388	FBgn0027538
EIKYS	TC007563	FBgn0051721
EIKYT	TC014084,TC009318	FBgn0284084,FBgn0010194
EIKYU	TC003901,TC010668	FBgn0040384
EIKYV	TC004356	FBgn0040068
EIKYW	TC011007	FBgn0037989
EIKZ0	TC010855,TC011981	FBgn0029994,FBgn0032405
EIKZ4	TC033721,TC001746	FBgn0035390,FBgn0052056
EIKZ5	TC014998	FBgn0000064,FBgn0039425
EIKZ6	TC012524	FBgn0263916
EIKZ7	TC011095	FBgn0051158
EIM02	TC015614	FBgn0032945
EIM0P	TC014408	FBgn0036145
EIM11	TC010795	FBgn0040660
EIM12	TC013922	FBgn0261268
EIM14	TC015322	FBgn0036568,FBgn0010217
EIM15	TC008059	FBgn0035852,FBgn0002174
EIM17	TC032255	FBgn0030178
EIM19	TC000578	FBgn0034657
EIM1A	TC001085	FBgn0037341
EIM1D	TC016350	FBgn0038783
EIM1K	TC010767	FBgn0038693
EIM1N	TC034516	FBgn0033313
EIM25	TC006678	FBgn0030851
EIM26	TC004796	FBgn0028496
EIM2B	TC033194	FBgn0000964
EIM2D	TC006301,TC000020	FBgn0003278
EIM2E	TC007110	FBgn0031016
EIM2F	TC003397	FBgn0003218
EIM3R	TC013923	FBgn0021856
EIM3W	TC004819	FBgn0032513
EIM42	TC013365	FBgn0010638
EIM48	TC015327	FBgn0021767
EIM4C	TC033677	FBgn0038309
EIM4G	TC031333	FBgn0085431
EIM4J	TC031689,TC031628,TC031341,TC031342,TC032717,TC032889,TC007433,TC007090,TC007784	FBgn0031034,FBgn0031033,FBgn0039091,FBgn0039093,FBgn0259229,FBgn0039092,FBgn0031032,FBgn0038873,FBgn0033792,FBgn0030148
EIM4K	TC012601	FBgn0033540
EIM4M	TC032736	FBgn0023537
EIM8U	TC004292	FBgn0000617
EIM8V	TC010635	FBgn0032781
EIM95	TC000552	FBgn0039198
EIM9J	TC031183	FBgn0287788
EIM9N	TC030556	FBgn0044030
EIM9R	TC009968	FBgn0032487
EIM9W	TC031930	FBgn0034885
EIMAN	TC015747	FBgn0261261
EIMAP	TC009328	FBgn0034577
EIMAS	TC031483	FBgn0031824
EIMAT	TC006616,TC011626	FBgn0029133
EIMAW	TC000476	FBgn0015222
EIMAZ	TC011526	FBgn0052451
EIMBH	TC003372	FBgn0035675
EIMBK	TC003248	FBgn0051717
EIMBR	TC013308	FBgn0036763
EIMBV	TC031068	FBgn0016756
EIMC6	TC033258,TC000565,TC014700,TC014701,TC009012	FBgn0027570
EIMC8	TC008177	FBgn0262782
EIMCB	TC034198,TC006805	FBgn0050106,FBgn0033058
EIMCM	TC014621	FBgn0032666
EIMCP	TC032331	FBgn0004852
EIMCQ	TC002935	FBgn0037882
EIMCR	TC004714	FBgn0004957
EIMCS	TC011184	FBgn0037638
EIMCU	TC010109,TC008714,TC010110,TC010117,TC016303	FBgn0034943,FBgn0033079
EIMCV	TC000361	FBgn0025360
EIMDX	TC005961	FBgn0263355
EIMDY	TC008784	FBgn0000559
EIME0	TC002174	FBgn0030518
EIME2	TC009472	FBgn0026079
EIME5	TC007006	FBgn0086130
EIME6	TC007331	FBgn0037721
EIMEA	TC031046	FBgn0289650,FBgn0014141
EIMEC	TC034776	FBgn0038366
EIMEE	TC010871	FBgn0053096
EIMEG	TC007306	FBgn0031940,FBgn0085234
EIMEH	TC032339	FBgn0261612
EIMEJ	TC012278	FBgn0005585
EIMEK	TC015931	FBgn0035060
EIMEM	TC034308	FBgn0262867
EIMEN	TC007191	FBgn0029820
EIMER	TC014564	FBgn0014455
EIMEZ	TC033928	FBgn0026432
EIMF2	TC002963	FBgn0262716
EIMF4	TC006495	FBgn0020930
EIMF5	TC003977	FBgn0035916
EIMFW	TC015301	FBgn0004179
EIMFZ	TC003094	FBgn0000629
EIMG7	TC001725,TC012008	FBgn0024921,FBgn0035693
EIMGA	TC007264	FBgn0021742
EIMGH	TC002636,TC006274	FBgn0017590
EIMGJ	TC007364	FBgn0004867
EIMGK	TC007591,TC007590	FBgn0266098
EIMIS	TC000192	FBgn0030354
EIMJE	TC011694,TC012094	FBgn0024980,FBgn0013343
EIMK6	TC004792	FBgn0267390
EIMKZ	TC032076,TC032079,TC000855	FBgn0001624
EIMMD	TC003026,TC005479	FBgn0050463
EIMME	TC015209	FBgn0034025
EIMMF	TC004380,TC006530,TC004884	FBgn0031462,FBgn0037115,FBgn0267385,FBgn0038952,FBgn0038258
EIMN8	TC010408	FBgn0260794
EIMNJ	TC006290	FBgn0024754
EIMNK	TC012903	FBgn0260745
EIMNM	TC004440	FBgn0033194
EIMNQ	TC009183	FBgn0011336
EIMNS	TC005459	FBgn0026189,FBgn0266436,FBgn0266437
EIMNT	TC031212	FBgn0283651
EIMNU	TC030783	FBgn0250753
EIMP0	TC002125	FBgn0036058
EIMP2	TC000824	FBgn0025615
EIMPS	TC034253,TC016333	FBgn0032612
EIMPV	TC013543	FBgn0039877
EIMPW	TC007913	FBgn0035710
EIMPX	TC015509	FBgn0034304
EIMQI	TC034816,TC007508	FBgn0050381,FBgn0027081
EIMR5	TC010530	FBgn0031776
EIMRA	TC033650	FBgn0029147
EIMRB	TC030553	FBgn0003267
EIMRC	TC014428	FBgn0036811
EIMRD	TC031865	FBgn0034528
EIMRE	TC007882	FBgn0031627,FBgn0053543
EIMRU	TC010801,TC005485,TC010960	FBgn0013811
EIMRX	TC005784	FBgn0004893
EIMRY	TC005788	FBgn0004892
EIMS0	TC001027	FBgn0264294
EIMS4	TC010011	FBgn0039141
EIMS6	TC014728,TC010074	FBgn0263780,FBgn0031835
EIMSC	TC012567,TC030580	FBgn0050446
EIMSD	TC003020	FBgn0028969
EIMSG	TC005597	FBgn0283658
EIMSV	TC013858	FBgn0026679
EIMSW	TC032821	FBgn0052529
EIMSX	TC004723	FBgn0025678
EIMTI	TC001433	FBgn0039187
EIMTM	TC012425	FBgn0035473
EIMTY	TC033403	FBgn0053198
EIMUH	TC001561	FBgn0035960
EIMUJ	TC013650	FBgn0036742
EIMUS	TC002906	FBgn0052082
EIMUV	TC007558	FBgn0026400
EIMUW	TC013249	FBgn0037610
EIMUX	TC009598	FBgn0035147
EIMUZ	TC033871	FBgn0034569
EIMV0	TC015604	FBgn0034210
EIMV1	TC000051	FBgn0036194
EIMV3	TC003818	FBgn0015949
EIMV4	TC032882,TC008270	FBgn0010315
EIMV8	TC007717	FBgn0259168
EIMVD	TC013192	FBgn0036460
EIMVE	TC000088	FBgn0023076
EIMVF	TC013489	FBgn0038515
EIMVH	TC001227	FBgn0030742
EIMWE	TC030678	FBgn0263757
EIMWJ	TC006381	FBgn0038958
EIMWU	TC007802	FBgn0031100
EIMWZ	TC007151	FBgn0033191
EIMX1	TC002332	FBgn0033994
EIMX3	TC000075	FBgn0015391
EIMXC	TC005530	FBgn0036574
EIMXF	TC012816	FBgn0261976
EIMYP	TC013582	FBgn0032228
EIMYQ	TC011830	FBgn0030504
EIMYW	TC003323	FBgn0250814
EIMYY	TC003247	FBgn0017430
EIMZ0	TC007247	FBgn0002939
EIMZ4	TC032760	FBgn0001075
EIMZ5	TC010208	FBgn0028704
EIMZ6	TC034166	FBgn0003415
EIMZA	TC001693	FBgn0000459,FBgn0285879
EIMZC	TC010842	FBgn0051516,FBgn0039718
EIMZD	TC008992	FBgn0260444
EIMZG	TC032912	FBgn0037470
EIMZM	TC002855	FBgn0003435
EIN0Y	TC034739,TC034740	FBgn0087002
EIN16	TC012363	FBgn0034822,FBgn0030616
EIN1K	TC030317	FBgn0037594
EIN1M	TC009195	FBgn0053193
EIN1Q	TC011434	FBgn0051323
EIN1R	TC011140	FBgn0031097
EIN1V	TC034159	FBgn0086690
EIN2T	TC009157	FBgn0034072
EIN2Y	TC015217,TC001330	FBgn0039331,FBgn0039909
EIN3H	TC009236	FBgn0261086
EIN3K	TC014258	FBgn0037466
EIN3P	TC005399	FBgn0030870
EIN3Q	TC033830	FBgn0032753
EIN3R	TC011528	FBgn0037186
EIN3W	TC031435,TC031436	FBgn0039530
EIN48	TC002608	FBgn0027287
EIN4B	TC031754	FBgn0035720,FBgn0003261,FBgn0029880
EIN59	TC033681	FBgn0033277,FBgn0050371,FBgn0050375
EIN5N	TC008948,TC012533	FBgn0261436,FBgn0039048
EIN6I	TC032283	FBgn0041622
EIN6T	TC010445	FBgn0264502
EIN6Z	TC011075	FBgn0030357
EIN7B	TC003336	FBgn0035587
EIN7C	TC015264	FBgn0036856
EIN7H	TC001370	FBgn0086712
EIN82	TC006114	FBgn0037780
EIN83	TC031955	FBgn0038569
EIN84	TC016394	FBgn0004880
EIN85	TC003518	FBgn0036369
EIN86	TC010155	FBgn0004360
EIN88	TC006390	FBgn0033454
EIN8A	TC033105	FBgn0259735
EIN9C	TC031026	FBgn0033208
EIN9N	TC012832	FBgn0061515
EIN9R	TC012507	FBgn0034091
EIN9T	TC014289	FBgn0037874
EINA2	TC007598	FBgn0288888
EINA7	TC008848	FBgn0027525
EINAP	TC008849	FBgn0260866
EINAR	TC033066,TC001209	FBgn0032820
EINAS	TC013016	FBgn0264561
EINAT	TC014336	FBgn0032818
EINAU	TC015324	FBgn0030065
EINAW	TC012993	FBgn0038564
EINAX	TC033614	FBgn0034035
EINBB	TC008321	FBgn0259150
EINBJ	TC009808	FBgn0041630
EINC3	TC011163	FBgn0052536
EINC6	TC011529,TC003991	FBgn0040321,FBgn0034511,FBgn0033301,FBgn0050148
EINCF	TC012834	FBgn0039528
EINCG	TC033132,TC033134	FBgn0052062
EINCI	TC003935	FBgn0004865
EINCJ	TC033302,TC011471,TC016415	FBgn0029172,FBgn0043043,FBgn0086687
EINCK	TC004151	FBgn0001202
EINCM	TC006094	FBgn0033155
EINCN	TC000928	FBgn0263396
EINCQ	TC035016	FBgn0028509
EINCR	TC000620	FBgn0015277
EIND2	TC031430	FBgn0004838
EIND6	TC011833	FBgn0053147
EIND7	TC003966	FBgn0017429
EIND9	TC001922	FBgn0002441
EINDD	TC015732	FBgn0034455
EINDE	TC001057	FBgn0051076
EINDF	TC014467	FBgn0025809
EINDI	TC014335	FBgn0023083
EINDJ	TC000187	FBgn0261262
EINDK	TC003092	FBgn0050115
EINDM	TC008900	FBgn0034835,FBgn0050412
EINDN	TC011762	FBgn0038923
EINDU	TC007631	FBgn0030669
EINDX	TC006851	FBgn0027561
EINE6	TC014051	FBgn0022709
EINEJ	TC011696	FBgn0000233
EINET	TC004898,TC000176,TC004438	FBgn0029114,FBgn0032095,FBgn0262473,FBgn0026760
EING4	TC009584	FBgn0035497,FBgn0030247
EING9	TC001722	FBgn0003651
EINI4	TC007699	FBgn0031453
EINI6	TC034620	FBgn0037015
EINI7	TC009348	FBgn0026879,FBgn0040973
EINI9	TC032310	FBgn0265083
EINIE	TC007152	FBgn0051111
EINJG	TC014392,TC013412,TC013411,TC013243,TC001886	FBgn0011294,FBgn0032453,FBgn0037431,FBgn0037432,FBgn0037433,FBgn0038972,FBgn0038973,FBgn0265272
EINJH	TC005672	FBgn0040283
EINJJ	TC012060	FBgn0086674
EINP9	TC001761,TC009934	FBgn0038735
EINPA	TC010428	FBgn0004924
EINPB	TC000160	FBgn0263398
EINQH	TC032592	FBgn0037852,FBgn0035078
EINQI	TC005511	FBgn0028707
EINQK	TC015317	FBgn0029861
EINQM	TC003806	FBgn0025878
EINQP	TC015425	FBgn0020272
EINQQ	TC003180	FBgn0004465
EINQR	TC001135	FBgn0023458
EINRA	TC007764	FBgn0029573
EINRB	TC009308	FBgn0036652
EINRF	TC034947	FBgn0033628
EINRM	TC003789	FBgn0036196
EINRN	TC009268	FBgn0023441
EINRQ	TC006104	FBgn0025825
EINRR	TC015207	FBgn0031081
EINRT	TC012656	FBgn0030752
EINRU	TC011092	FBgn0038072
EINRV	TC014947	FBgn0031832
EINRZ	TC033790	FBgn0001169
EINSC	TC009341	FBgn0038889
EINSQ	TC014816	FBgn0037646
EINTI	TC014298	FBgn0031896
EINTK	TC008904	FBgn0003567
EINTN	TC011806	FBgn0028968
EINTQ	TC015749	FBgn0038272
EINTR	TC014571	FBgn0028919
EINU5	TC032939	FBgn0038968
EINU9	TC008318	FBgn0031050
EINUA	TC013564	FBgn0019637,FBgn0038773
EINUC	TC005650	FBgn0288834
EINUE	TC007012	FBgn0038593
EINUF	TC002783	FBgn0013469
EINUH	TC009073	FBgn0032799
EINUI	TC006527	FBgn0027342
EINUM	TC001297	FBgn0029824
EINUR	TC010947,TC010898	FBgn0261258
EINVS	TC032798	FBgn0267366,FBgn0015268,FBgn0040345
EINX5	TC006811	FBgn0032016
EINX7	TC012775	FBgn0086916
EINX8	TC011185	FBgn0026441
EINX9	TC007434	FBgn0030809
EINXD	TC030745	FBgn0086698
EINXG	TC031960	FBgn0004598
EINXH	TC007672	FBgn0004368,FBgn0004370
EINXM	TC008920	FBgn0039523
EINXT	TC006983	FBgn0262509
EINY7	TC009541	FBgn0030228
EINYB	TC001525	FBgn0038583
EINYC	TC015461	FBgn0052069
EIP2J	TC030651	FBgn0039226
EIP2Q	TC031983	FBgn0030313,FBgn0261564,FBgn0034907
EIP2T	TC031040	FBgn0015904
EIP2V	TC003753	FBgn0003891
EIP2Y	TC006730	FBgn0036921
EIP3Y	TC009111	FBgn0000183
EIP4D	TC009439	FBgn0034408
EIP4H	TC001033	FBgn0043884
EIP4N	TC012392	FBgn0003189
EIP68	TC000041	FBgn0032305
EIP6C	TC012545	FBgn0004583
EIP6D	TC002915	FBgn0036356
EIP6H	TC008879	FBgn0286788
EIP6I	TC011650	FBgn0032700
EIP6J	TC011004	FBgn0026309
EIP6Y	TC008726	FBgn0004914
EIP73	TC002978	FBgn0260936
EIP76	TC003717	FBgn0010247
EIP77	TC033074	FBgn0028978
EIP79	TC004399	FBgn0033609
EIP7D	TC013545	FBgn0014075
EIP7F	TC006472	FBgn0260862
EIP7U	TC011521	FBgn0037712
EIP7W	TC008662	FBgn0250837
EIP81	TC013303	FBgn0024273
EIP85	TC033757	FBgn0259226
EIP89	TC010139	FBgn0035026
EIP8A	TC004615	FBgn0003520
EIP8C	TC015598	FBgn0029898
EIP8E	TC007436,TC000773	FBgn0003257
EIP8F	TC034173	FBgn0050089
EIP8G	TC010924	FBgn0037647
EIP8H	TC007507	FBgn0030434
EIP8N	TC007491	FBgn0003714
EIP8U	TC015659	FBgn0037279
EIP8X	TC005648	FBgn0037686,FBgn0039406
EIP8Z	TC009387	FBgn0031062
EIP9Q	TC004699,TC005329	FBgn0259721
EIP9W	TC034616	FBgn0031777
EIP9Z	TC000840	FBgn0005642
EIPAC	TC010367	FBgn0283535
EIPAD	TC000297	FBgn0031633
EIPAF	TC011556	FBgn0036967
EIPAG	TC004297	FBgn0031461
EIPAH	TC015355	FBgn0033031
EIPAI	TC013949	FBgn0032746
EIPAK	TC008686	FBgn0034566
EIPAN	TC034074,TC006192,TC005713,TC005712	FBgn0034490
EIPAP	TC004470	FBgn0000037
EIPAY	TC012455	FBgn0036882,FBgn0001108
EIPAZ	TC014929,TC001700	FBgn0036490,FBgn0040309
EIPBK	TC033581	FBgn0034709
EIPBP	TC004935	FBgn0037980
EIPCK	TC034564	FBgn0037546
EIPCS	TC012850	FBgn0011509
EIPD5	TC033312	FBgn0027375
EIPD9	TC008732	FBgn0039827
EIPEB	TC032792	FBgn0025391
EIPEC	TC012057	FBgn0062440,FBgn0263026
EIPEF	TC009596	FBgn0031830,FBgn0031831
EIPEG	TC014442	FBgn0031637
EIPEJ	TC012843	FBgn0261360,FBgn0266136
EIPEK	TC015481,TC012734	FBgn0035398,FBgn0250907
EIPFJ	TC008873	FBgn0034645
EIPGA	TC001359	FBgn0040963,FBgn0001281
EIPGK	TC015801	FBgn0030648
EIPHR	TC005758	FBgn0035901
EIPHS	TC008311	FBgn0285949
EIPHV	TC001179	FBgn0031860
EIPHY	TC009299,TC009298	FBgn0001123
EIPIK	TC014087	FBgn0002938
EIPJE	TC006412	FBgn0035867
EIPJH	TC010874	FBgn0051216
EIPKI	TC007393	FBgn0034988
EIPP4	TC003086	FBgn0034535
EIPPF	TC034205,TC034778,TC011867	FBgn0039636
EIPPG	TC001250	FBgn0021847
EIPPH	TC034452,TC012454	FBgn0015513
EIPPJ	TC002683	FBgn0015522
EIPPM	TC012628	FBgn0032485
EIPPQ	TC000107	FBgn0043792
EIPPR	TC013572	FBgn0051342
EIPPS	TC001449	FBgn0284221
EIPQ2	TC007679	FBgn0030716
EIPQ3	TC013830	FBgn0029131,FBgn0040491
EIPQ6	TC005867	FBgn0010339
EIPQ7	TC011288	FBgn0003429
EIPQB	TC002947	FBgn0019952,FBgn0086365
EIPQC	TC003564	FBgn0035645,FBgn0035647,FBgn0259164
EIPQD	TC030076	FBgn0028990
EIPRH	TC005994	FBgn0036454
EIPRI	TC007472	FBgn0260940
EIPRJ	TC015831	FBgn0031492
EIPRM	TC000514	FBgn0039116
EIPRQ	TC034446	FBgn0039667
EIPS3	TC033712	FBgn0039291
EIPS4	TC014285	FBgn0036437
EIPS5	TC012102	FBgn0260392,FBgn0260401
EIPS6	TC014495	FBgn0032732
EIPSD	TC010441	FBgn0028527
EIPSE	TC009803	FBgn0266580
EIPSK	TC004359	FBgn0064766
EIPSN	TC032626	FBgn0004607
EIPSP	TC000463,TC011281	FBgn0034176,FBgn0034175
EIPSX	TC012042	FBgn0035227
EIPT1	TC001867	FBgn0039738
EIPT2	TC014297	FBgn0031897
EIPT4	TC015755	FBgn0011642
EIPT5	TC015954	FBgn0032688
EIPTK	TC034891	FBgn0031309
EIPTP	TC004838,TC001018,TC012852,TC004836	FBgn0000039,FBgn0004118,FBgn0000036
EIPTQ	TC009965	FBgn0030200,FBgn0285937
EIPTR	TC011087	FBgn0000542
EIPTS	TC033856	FBgn0286782
EIPTT	TC000185	FBgn0038826
EIPTU	TC008638,TC008637	FBgn0003093
EIPUB	TC008542	FBgn0031822
EIPUC	TC004939	FBgn0001977
EIPUD	TC005135	FBgn0087005
EIPUF	TC034139	FBgn0011361
EIPUI	TC006952	FBgn0069969
EIPUJ	TC005517	FBgn0032701
EIPUK	TC004360	FBgn0039732
EIPUM	TC008316	FBgn0052831
EIPUS	TC003262	FBgn0035677
EIPUT	TC034773	FBgn0017577
EIPUW	TC012786	FBgn0033224
EIPUX	TC015819	FBgn0029094
EIPV4	TC014695	FBgn0287225
EIPV5	TC003871	FBgn0263237
EIPV9	TC014965	FBgn0033885,FBgn0039802
EIPVA	TC013453,TC032858	FBgn0243513,FBgn0000339
EIPVB	TC010523	FBgn0031668
EIPVG	TC012817	FBgn0032703
EIPVV	TC033193,TC013570,TC013220	FBgn0003391,FBgn0015609,FBgn0262018
EIPVY	TC033028	FBgn0083963
EIPW0	TC033026	FBgn0083975
EIPWH	TC030754	FBgn0001083
EIPXE	TC005343	FBgn0031435,FBgn0031434
EIPXJ	TC016229	FBgn0083167
EIPXK	TC031035	FBgn0266124
EIPXQ	TC032998	FBgn0053170
EIPXU	TC031326	FBgn0052344
EIPY4	TC014506	FBgn0027873
EIPY5	TC014037	FBgn0027363
EIPY8	TC009361	FBgn0032797
EIPZ1	TC007865,TC002698	FBgn0020653,FBgn0037170
EIPZ2	TC031454	FBgn0038621
EIPZI	TC008010	FBgn0032462
EIPZV	TC001639	FBgn0040206
EIQ13	TC016259	FBgn0050295
EIQ1B	TC012829	FBgn0036619
EIQ1H	TC013887	FBgn0036629
EIQ2D	TC034283	FBgn0034136
EIQ2T	TC031638	FBgn0036133
EIQ3A	TC001556	FBgn0011828
EIQ3C	TC033425	FBgn0263257
EIQ3H	TC012167	FBgn0039258
EIQ3I	TC013691	FBgn0035713
EIQ3P	TC008532	FBgn0032076
EIQ3Y	TC004747	FBgn0038380,FBgn0051183
EIQ4R	TC012083	FBgn0035603
EIQ4S	TC005002,TC010339	FBgn0015621
EIQ4T	TC031929	FBgn0051163,FBgn0031762
EIQ4U	TC009112	FBgn0040338,FBgn0013347
EIQ4V	TC030740	FBgn0039588
EIQ4X	TC010799	FBgn0085412
EIQ50	TC008102	FBgn0030060
EIQ53	TC010472	FBgn0261933
EIQ5J	TC031489	FBgn0085383
EIQ5S	TC013079	FBgn0036335
EIQ61	TC012704	FBgn0010424,FBgn0010423
EIQ64	TC034222,TC034161,TC034160,TC012231,TC012229,TC012228,TC001414,TC001413,TC001412	FBgn0037387
EIQ65	TC012546	FBgn0032219
EIQ75	TC030665	FBgn0050392
EIQ7W	TC009782	FBgn0010762
EIQ7Y	TC032080	FBgn0042135
EIQ8S	TC034597,TC000112	FBgn0025335,FBgn0031631
EIQ96	TC031909,TC011326	FBgn0003654,FBgn0067861,FBgn0053497,FBgn0052823,FBgn0283434,FBgn0283433,FBgn0283432
EIQ99	TC006542	FBgn0003300
EIQ9A	TC013567	FBgn0033188
EIQ9B	TC012866	FBgn0010278
EIQ9C	TC011784	FBgn0037708
EIQ9D	TC006591	FBgn0035333
EIQ9E	TC012449	FBgn0029629,FBgn0038796
EIQ9V	TC002944	FBgn0034361
EIQ9W	TC005773	FBgn0036359
EIQ9Z	TC030694	FBgn0047038
EIQA6	TC013831	FBgn0264810
EIQAQ	TC014710,TC000119	FBgn0283476,FBgn0035581,FBgn0013810,FBgn0001313
EIQB8	TC015937	FBgn0261385
EIQBB	TC013552	FBgn0086253
EIQBX	TC000132	FBgn0015772
EIQBZ	TC031599,TC008665	FBgn0010590
EIQC0	TC004141	FBgn0036180
EIQC3	TC032953	FBgn0039178
EIQCE	TC012572	FBgn0037020
EIQCQ	TC005232	FBgn0029155,FBgn0029153,FBgn0029154
EIQD1	TC003798	FBgn0013467
EIQD5	TC001175	FBgn0034132,FBgn0033860,FBgn0033868,FBgn0259795,FBgn0045770
EIQD9	TC003580	FBgn0003380
EIQDD	TC033450	FBgn0000179
EIQDF	TC007136	FBgn0259209,FBgn0014863
EIQGJ	TC032757	FBgn0039681
EIQGM	TC009270	FBgn0085419
EIQGQ	TC004420	FBgn0030321
EIQGR	TC007344	FBgn0026015
EIQGZ	TC007385	FBgn0032117
EIQH1	TC010613	FBgn0038454
EIQH2	TC008871	FBgn0034659,FBgn0022986,FBgn0034739,FBgn0022987,FBgn0022985,FBgn0022984,FBgn0034740
EIQH3	TC014350	FBgn0086680
EIQH5	TC031895	FBgn0053098,FBgn0038028
EIQH6	TC014135	FBgn0016930
EIQH7	TC031530	FBgn0035480
EIQH9	TC007780	FBgn0030410
EIQHD	TC003652	FBgn0035393
EIQHV	TC014749	FBgn0035575
EIQHX	TC015199	FBgn0037478
EIQHY	TC006844	FBgn0283478
EIQI0	TC016364	FBgn0034215
EIQI2	TC012561	FBgn0039274
EIQIH	TC007155	FBgn0031261
EIQIW	TC011996	FBgn0015279
EIQJ2	TC013032	FBgn0032246
EIQJ5	TC033263	FBgn0028897
EIQJD	TC034529	FBgn0039189
EIQJG	TC008354	FBgn0263598,FBgn0032464,FBgn0265262
EIQJH	TC003718	FBgn0035724
EIQKE	TC003601,TC015874	FBgn0051618,FBgn0053808,FBgn0053814,FBgn0053817,FBgn0053820,FBgn0053823,FBgn0053826,FBgn0053829,FBgn0053832,FBgn0053835,FBgn0053838,FBgn0053841,FBgn0053844,FBgn0053847,FBgn0053850,FBgn0053853,FBgn0053856,FBgn0053859,FBgn0053862,FBgn0053865,FBgn0259727,FBgn0259725
EIQKF	TC013946	FBgn0037949
EIQMC	TC012027	FBgn0038610
EIQMD	TC000487	FBgn0001220
EIQME	TC008293	FBgn0020762
EIQN7	TC015577	FBgn0002521,FBgn0035997
EIQP8	TC034705	FBgn0023549
EIQP9	TC001278	FBgn0035173
EIQPA	TC032156	FBgn0038197
EIQPB	TC014343	FBgn0036485
EIQPT	TC013083	FBgn0086683
EIQPY	TC015460	FBgn0003065
EIQPZ	TC010038	FBgn0037364
EIQQ6	TC031362,TC015746	FBgn0285925
EIQQJ	TC015928	FBgn0038833
EIQQK	TC032940	FBgn0051643
EIQQU	TC000042	FBgn0027090
EIQQV	TC015651	FBgn0266064
EIQQY	TC033536	FBgn0003896
EIQR0	TC014635	FBgn0035866
EIQR1	TC007406	FBgn0015756
EIQR2	TC007967	FBgn0037001
EIQR7	TC013713	FBgn0020633
EIQR8	TC004647	FBgn0051019
EIQRA	TC010403	FBgn0031628
EIQRE	TC001634	FBgn0031589
EIQRF	TC007535	FBgn0039680
EIQSB	TC004775	FBgn0005390
EIQSE	TC034790	FBgn0014906
EIQSJ	TC001438	FBgn0035371,FBgn0015011
EIQTZ	TC002288	FBgn0027616
EIQU3	TC004758	FBgn0265974
EIQUE	TC000618	FBgn0039227
EIQUV	TC002142	FBgn0034655
EIQV4	TC007190	FBgn0031392
EIQV7	TC009620	FBgn0034242
EIQVB	TC003451	FBgn0061200
EIQVY	TC008371	FBgn0030584
EIQVZ	TC015638	FBgn0035271
EIQW2	TC006309	FBgn0052418
EIQW4	TC009884	FBgn0033907
EIQWE	TC033551	FBgn0259238
EIQWH	TC001089	FBgn0001565
EIQWP	TC012992	FBgn0039261
EIQXE	TC008264	FBgn0038722
EIQXK	TC000142	FBgn0035165
EIQXM	TC011636	FBgn0036368
EIQXR	TC011021	FBgn0266674
EIQXV	TC005765	FBgn0250908
EIQY4	TC030465	FBgn0259878
EIQZ2	TC005736	FBgn0034834
EIQZ5	TC006776	FBgn0020618
EIQZ6	TC012334	FBgn0038361,FBgn0030066
EIQZ7	TC003367	FBgn0038277,FBgn0002590
EIQZB	TC014609	FBgn0033190,FBgn0022160,FBgn0028848
EIQZC	TC000529	FBgn0004655
EIQZF	TC006287	FBgn0040007
EIQZI	TC010426	FBgn0034277
EIR05	TC032375,TC032374,TC002988	FBgn0285958
EIR06	TC002686	FBgn0035151
EIR0A	TC009923	FBgn0039305
EIR0D	TC007154,TC003191,TC003189	FBgn0005660,FBgn0005658
EIR0I	TC002072	FBgn0014037
EIR16	TC008646	FBgn0023169
EIR19	TC007147	FBgn0029835
EIR1K	TC009199	FBgn0038210,FBgn0051327,FBgn0051533,FBgn0038208,FBgn0051029,FBgn0051025
EIR1P	TC034329	FBgn0039737
EIR1S	TC012196	FBgn0033027
EIR3R	TC013534	FBgn0029514
EIR5C	TC003869	FBgn0034945
EIR5E	TC011771	FBgn0262955
EIR7F	TC004769	FBgn0034970
EIR84	TC031481	FBgn0016076
EIR8N	TC033040,TC013799	FBgn0020294
EIR8W	TC000544	FBgn0038436,FBgn0038435
EIR8X	TC012390	FBgn0030027
EIR8Y	TC004980	FBgn0030329,FBgn0031345
EIR8Z	TC009370	FBgn0037960
EIR93	TC030576	FBgn0035911
EIR9R	TC009084	FBgn0031454
EIR9U	TC005616,TC005615	FBgn0037668,FBgn0033248,FBgn0036807,FBgn0036808,FBgn0027610
EIR9W	TC012443	FBgn0035871
EIR9Y	TC004849	FBgn0037606
EIR9Z	TC004932	FBgn0030520
EIRA0	TC013939	FBgn0046222
EIRA1	TC030617	FBgn0038890
EIRA2	TC014483	FBgn0032863,FBgn0051687
EIRA7	TC003826	FBgn0034727
EIRAB	TC000847	FBgn0024329
EIRAI	TC008520	FBgn0051957
EIRAM	TC012535	FBgn0053506
EIRB1	TC015941	FBgn0025777
EIRB3	TC005922	FBgn0032051
EIRB7	TC033959,TC033617,TC015203,TC015111,TC014982,TC010578,TC006120,TC006124,TC006096,TC011214,TC011283	FBgn0023550,FBgn0029821
EIRB8	TC030102	FBgn0041250
EIRB9	TC008912	FBgn0003008
EIRBE	TC007094	FBgn0031690
EIRBF	TC009468	FBgn0017558
EIRBJ	TC000052	FBgn0052085
EIRBK	TC033638	FBgn0035577
EIRBN	TC015620,TC005469,TC005468	FBgn0035325,FBgn0052302
EIRBS	TC001084	FBgn0037265
EIRBT	TC034831	FBgn0031491,FBgn0039378
EIRC0	TC000032,TC006903,TC006902	FBgn0012058
EIRC1	TC011043	FBgn0003334
EIRC2	TC034430	FBgn0000384
EIRCI	TC007896	FBgn0030090
EIRCT	TC010952	FBgn0286070
EIRD2	TC006755	FBgn0005198
EIRD4	TC004773	FBgn0035964
EIRD5	TC009710	FBgn0050342
EIRD8	TC032314	FBgn0036643
EIRD9	TC000446	FBgn0038256
EIRDA	TC003696	FBgn0036581
EIRDB	TC014894	FBgn0040020
EIRDC	TC011757	FBgn0035839
EIRDD	TC004763	FBgn0035148
EIRDG	TC000925	FBgn0051481
EIRDH	TC014860	FBgn0086384
EIRDS	TC031557	FBgn0002283
EIRDU	TC006281	FBgn0027779
EIRDZ	TC013175	FBgn0037970,FBgn0260743
EIRE0	TC033149	FBgn0031999
EIRE2	TC031495,TC013086	FBgn0011272
EIRE4	TC030769	FBgn0030990
EIREG	TC013396	FBgn0039403
EIRET	TC008276	FBgn0261575
EIREU	TC000177	FBgn0052758
EIREV	TC033143,TC015040,TC013776	FBgn0037846,FBgn0037845,FBgn0032449
EIRF8	TC032122	FBgn0039771
EIRGH	TC007686	FBgn0033669
EIRGI	TC014027	FBgn0003964
EIRGK	TC032829	FBgn0031600
EIRGN	TC014286	FBgn0261396
EIRGP	TC005516	FBgn0028402
EIRIF	TC000301	FBgn0002878
EIRIR	TC003209	FBgn0005536
EIRIT	TC004424	FBgn0259685
EIRJD	TC000444,TC003124,TC003123,TC003122	FBgn0034553,FBgn0034552,FBgn0035006,FBgn0035641,FBgn0037996,FBgn0038732,FBgn0038733,FBgn0038734,FBgn0038731,FBgn0038730,FBgn0033733,FBgn0035642
EIRJE	TC008260	FBgn0010300
EIRJF	TC032219	FBgn0003345
EIRK4	TC031358,TC011198	FBgn0004622
EIRKB	TC031160	FBgn0021768
EIRKF	TC016079	FBgn0261387
EIRKK	TC016278	FBgn0038983
EIRKW	TC004604	FBgn0023171
EIRM0	TC001636	FBgn0051663
EIRMF	TC013142	FBgn0028425
EIRND	TC005184	FBgn0261800
EIRNS	TC011437,TC005192	FBgn0014861
EIRP6	TC014269	FBgn0289108
EIRP7	TC014767	FBgn0266465
EIRP8	TC007016	FBgn0040291
EIRPA	TC005541	FBgn0030899
EIRPF	TC033412	FBgn0051068
EIRQ5	TC003483	FBgn0038165
EIRR0	TC011919	FBgn0036299
EIRR3	TC031629	FBgn0022355
EIRR7	TC005792	FBgn0013325
EIRRC	TC014815	FBgn0038755
EIRRV	TC031579	FBgn0024238
EIRRW	TC031034	FBgn0085382
EIRU2	TC006361	FBgn0028375
EIRU5	TC003675	FBgn0011802
EIRU7	TC002084	FBgn0028932
EIRU8	TC007253	FBgn0000635
EIRU9	TC004598	FBgn0015239
EIRUB	TC008022	FBgn0034060
EIRUG	TC033820,TC033819,TC008319,TC003155	FBgn0010314,FBgn0037613
EIRUI	TC010872	FBgn0035204
EIRUV	TC013316	FBgn0032921
EIRUW	TC012324	FBgn0039259
EIRUZ	TC032166	FBgn0086677
EIRV0	TC002123	FBgn0036580
EIRV6	TC009443	FBgn0030704
EIRVI	TC012034	FBgn0263987
EIRVJ	TC031393	FBgn0033500
EIRVM	TC006857	FBgn0027079
EIRVN	TC005304,TC012678	FBgn0259676
EIRVP	TC002099	FBgn0037720
EIRVQ	TC015014	FBgn0000319
EIRVS	TC014883	FBgn0260639,FBgn0010097
EIRVT	TC011541	FBgn0022029
EIRVW	TC032815	FBgn0004449
EIRVY	TC009546	FBgn0035073
EIRVZ	TC002644	FBgn0034689,FBgn0034687,FBgn0034688,FBgn0028892
EIRWI	TC010709	FBgn0033557
EIRWJ	TC015943	FBgn0287774
EIRWS	TC034441	FBgn0052432
EIRWT	TC015760	FBgn0052436,FBgn0052462,FBgn0032894
EIRXM	TC032063	FBgn0025624
EIRXN	TC015756	FBgn0036272
EIRXR	TC015484	FBgn0019686
EIRXS	TC014410	FBgn0004623
EIRXV	TC001202	FBgn0019890
EIRXX	TC007350	FBgn0034184
EIRXY	TC032823	FBgn0052687
EIRXZ	TC000085	FBgn0013799
EIRY2	TC033205	FBgn0025635
EIRYE	TC014646	FBgn0038531
EIRYI	TC006201,TC006202	FBgn0029834
EIRYJ	TC011527	FBgn0261381
EIRYN	TC012809	FBgn0027518
EIRYR	TC013838	FBgn0032195
EIRYS	TC011523	FBgn0034214
EIRZ3	TC007083	FBgn0035104
EIRZ7	TC009802	FBgn0001263
EIRZH	TC033839,TC033838,TC005932	FBgn0002921,FBgn0050048,FBgn0267363
EIRZN	TC008899	FBgn0036735
EIRZU	TC010798	FBgn0264855
EIRZV	TC013347	FBgn0002887
EIRZW	TC002360	FBgn0034734
EIRZX	TC014931,TC008826,TC009497	FBgn0030189
EIRZY	TC004468	FBgn0010409
EIS0P	TC012845	FBgn0031722,FBgn0031723
EIS0Q	TC006065	FBgn0035833
EIS0U	TC034378	FBgn0030961
EIS0W	TC013747	FBgn0052669,FBgn0034494
EIS14	TC014241	FBgn0011481
EIS1C	TC001105	FBgn0086695
EIS1D	TC004959	FBgn0037492
EIS1G	TC008919	FBgn0004387
EIS1H	TC002911	FBgn0011204
EIS1I	TC015613	FBgn0033246
EIS1J	TC001037	FBgn0003205
EIS1N	TC008717	FBgn0265605
EIS1Q	TC013179	FBgn0032348
EIS1V	TC006044	FBgn0263831
EIS2K	TC009499	FBgn0263260
EIS2M	TC010483	FBgn0037063
EIS2P	TC034612	FBgn0052668
EIS2S	TC008827	FBgn0033153
EIS2X	TC015661	FBgn0037781
EIS30	TC013626	FBgn0039994
EIS3N	TC007689,TC015340,TC015339,TC015337,TC015399,TC015400,TC011522	FBgn0287184,FBgn0042627,FBgn0283427
EIS4T	TC009436	FBgn0038268
EIS4W	TC001242	FBgn0034964
EIS4X	TC033950,TC006052	FBgn0040918
EIS4Y	TC006408	FBgn0069354,FBgn0004363,FBgn0260454,FBgn0260453
EIS4Z	TC003797,TC003402	FBgn0004513,FBgn0035695,FBgn0010241,FBgn0004512
EIS51	TC009794	FBgn0039338
EIS52	TC034871	FBgn0034976
EIS5S	TC030891	FBgn0037915,FBgn0039010,FBgn0039518,FBgn0033479,FBgn0037916
EIS5T	TC002983	FBgn0030812
EIS5W	TC004029	FBgn0004926
EIS5X	TC001571	FBgn0005695
EIS6B	TC003501	FBgn0031485
EIS6K	TC030774	FBgn0263738
EIS8Q	TC004520	FBgn0038042
EIS8R	TC004294	FBgn0039188
EIS8T	TC004013	FBgn0036107
EIS8W	TC008421	FBgn0037842
EIS9U	TC003492	FBgn0029723
EISA7	TC007872	FBgn0035432
EISAC	TC012159	FBgn0037779
EISAD	TC034633	FBgn0035696
EISAI	TC000872	FBgn0034923
EISAT	TC015420	FBgn0243511
EISAV	TC013622	FBgn0034590
EISAX	TC006712	FBgn0000289
EISB3	TC004313	FBgn0011589
EISB9	TC033161	FBgn0261804
EISBC	TC034846,TC010857	FBgn0264339,FBgn0051760
EISBF	TC014424	FBgn0053547
EISBH	TC032549	FBgn0024288
EISBJ	TC030667,TC011769	FBgn0002773,FBgn0003514
EISBM	TC009034	FBgn0037578
EISBN	TC032581	FBgn0001992
EISCM	TC031811	FBgn0033869
EISCV	TC002985	FBgn0002579
EISCZ	TC006127	FBgn0265101
EISD2	TC009080	FBgn0032511
EISD9	TC033610	FBgn0034346
EISDF	TC012126	FBgn0036515
EISDS	TC013804	FBgn0000120
EISDT	TC032877	FBgn0284247
EISE2	TC011508	FBgn0262870
EISE9	TC033376	FBgn0001087
EISEA	TC004766	FBgn0051221
EISEB	TC007089	FBgn0034606
EISEC	TC003758	FBgn0030571
EISED	TC010639	FBgn0036487
EISEE	TC004121	FBgn0265178
EISEF	TC004234	FBgn0263697
EISEU	TC031517,TC031516	FBgn0004369
EISEV	TC003342	FBgn0000464
EISFE	TC011418	FBgn0029888
EISFR	TC032388	FBgn0030892
EISFS	TC006553	FBgn0086708
EISFW	TC033349	FBgn0267252
EISFX	TC031053	FBgn0266566
EISG0	TC013422	FBgn0053230
EISGE	TC011472	FBgn0267824
EISGF	TC012751	FBgn0039714
EISGJ	TC011309	FBgn0260789
EISGV	TC014898	FBgn0053977
EISGW	TC014133	FBgn0267689
EISH2	TC033807	FBgn0263143
EISH3	TC003121	FBgn0047135
EISH5	TC033637	FBgn0032582
EISH7	TC009471	FBgn0003277
EISHI	TC006253	FBgn0267002
EISHM	TC000935	FBgn0038641
EISHN	TC002540	FBgn0015805
EISHR	TC014142	FBgn0032256,FBgn0051719
EISHS	TC004630	FBgn0262869
EISI6	TC009997	FBgn0036271
EISI7	TC010234	FBgn0003002
EISI8	TC007749	FBgn0010379
EISI9	TC015956	FBgn0028436
EISID	TC034874	FBgn0036509
EISIE	TC010837	FBgn0034558
EISIF	TC011188	FBgn0004436
EISII	TC010378	FBgn0036039
EISIJ	TC010848	FBgn0288966
EISIK	TC002215	FBgn0029819
EISJ5	TC011827	FBgn0040279
EISJ8	TC000405	FBgn0004132
EISJ9	TC013704	FBgn0038912
EISJB	TC015211	FBgn0033653
EISK2	TC005428	FBgn0032336
EISM3	TC001207	FBgn0039920
EISM4	TC015300	FBgn0030858
EISMT	TC010199	FBgn0021814
EISMU	TC008135	FBgn0028699
EISMV	TC009675	FBgn0015282
EISMX	TC000750	FBgn0031038,FBgn0037512,FBgn0031039
EISMY	TC034534,TC013530	FBgn0001222
EISMZ	TC004717	FBgn0031319,FBgn0031318
EISN2	TC002463	FBgn0036702
EISN5	TC015986	FBgn0002121
EISPU	TC031509	FBgn0035086
EISPV	TC015472,TC015473	FBgn0036179
EISPW	TC005068	FBgn0037312
EISQ0	TC011967	FBgn0003256
EISQ2	TC001201	FBgn0038462,FBgn0038461
EISR9	TC006751	FBgn0015527
EISRB	TC006365	FBgn0260747,FBgn0051007,FBgn0051008
EISRD	TC014458,TC000686	FBgn0031335,FBgn0051924,FBgn0019982
EISRE	TC002976	FBgn0052296
EISRU	TC000408	FBgn0051005
EISRX	TC011457	FBgn0036614
EISS1	TC005424	FBgn0034442
EISS6	TC001322	FBgn0031164,FBgn0037310,FBgn0037307,FBgn0038018,FBgn0263977,FBgn0020371
EISSJ	TC016197	FBgn0030894
EIST9	TC000466	FBgn0021944
EISTJ	TC007589	FBgn0000352
EISTK	TC015915	FBgn0011606
EISTM	TC014127	FBgn0031998,FBgn0053124,FBgn0051668
EISTY	TC015779	FBgn0036015,FBgn0035886,FBgn0035887,FBgn0031653,FBgn0003358,FBgn0003356,FBgn0039778,FBgn0039777,FBgn0020906,FBgn0031654,FBgn0001285,FBgn0003357
EISUG	TC000355	FBgn0029868
EISUI	TC006224	FBgn0046258
EISUJ	TC034792	FBgn0050044
EISUY	TC004674	FBgn0036144
EISUZ	TC011549	FBgn0039385
EISV2	TC005618	FBgn0261524
EISV3	TC012071	FBgn0040334,FBgn0037848
EISV6	TC013007	FBgn0010786
EISVJ	TC008644	FBgn0035046
EISVK	TC006357	FBgn0021967
EISVN	TC000432	FBgn0039482,FBgn0039483,FBgn0037174,FBgn0039485
EISVS	TC002743	FBgn0037713
EISVV	TC002561	FBgn0034158
EISVY	TC033125	FBgn0002936
EISW2	TC000467	FBgn0034451
EISW3	TC015377	FBgn0016641
EISW4	TC013535	FBgn0034279
EISX3	TC015626	FBgn0040273
EISX8	TC007376	FBgn0052649
EISX9	TC005313	FBgn0028868,FBgn0005322
EISXB	TC002423	FBgn0028538
EISXD	TC008466	FBgn0000490
EISXE	TC006704	FBgn0029006
EISXF	TC004104	FBgn0031361
EISXG	TC005815	FBgn0086779
EISXH	TC030907	FBgn0039147,FBgn0026777
EISXJ	TC001149	FBgn0051118
EISXK	TC000021	FBgn0020412
EISXM	TC004831	FBgn0028476
EISXN	TC015649	FBgn0020392
EISY2	TC031822	FBgn0036781
EISY4	TC015689	FBgn0037906
EISYA	TC008166	FBgn0029158
EISYD	TC014208	FBgn0038325
EISYE	TC010651	FBgn0033539
EISYI	TC014339	FBgn0010660
EISYU	TC013413	FBgn0031987
EISYZ	TC008817	FBgn0030096
EISZ0	TC014470	FBgn0029161
EISZ3	TC003078	FBgn0036018
EISZ5	TC003711	FBgn0037526
EISZB	TC000335	FBgn0085423
EISZC	TC002335	FBgn0038385
EISZS	TC031029	FBgn0085409,FBgn0053531
EISZT	TC009047	FBgn0027864
EISZV	TC007936	FBgn0266570,FBgn0052243
EISZW	TC005165	FBgn0033943
EISZX	TC034549	FBgn0010750
EISZY	TC013995	FBgn0041100
EIT05	TC012082	FBgn0003301
EIT07	TC001239	FBgn0003366
EIT0B	TC014673	FBgn0032879
EIT0F	TC007873,TC007874,TC007875	FBgn0036492,FBgn0040238
EIT12	TC002914	FBgn0028369,FBgn0003285
EIT14	TC031122	FBgn0261243
EIT1C	TC008759	FBgn0035099
EIT1D	TC010807	FBgn0031759
EIT1F	TC003198	FBgn0031082,FBgn0035989,FBgn0035988
EIT1I	TC032517	FBgn0267796
EIT1Q	TC033630	FBgn0035644
EIT1R	TC015542,TC004422	FBgn0036770
EIT1S	TC034244,TC011960	FBgn0263116,FBgn0004168
EIT1T	TC011667	FBgn0004573
EIT2M	TC003148	FBgn0031875
EIT2P	TC001877	FBgn0024183,FBgn0046214,FBgn0265047
EIT2S	TC007346	FBgn0086355
EIT2T	TC033591	FBgn0050423
EIT2U	TC008202,TC008203	FBgn0031381
EIT2V	TC013495	FBgn0034588,FBgn0036836
EIT2W	TC034424	FBgn0266409
EIT3G	TC031236	FBgn0000568
EIT3S	TC009994	FBgn0034537
EIT6J	TC000561	FBgn0037140,FBgn0037144
EIT6N	TC031922,TC031827,TC009548	FBgn0261260,FBgn0053087
EIT6P	TC034132	FBgn0287873
EIT6Q	TC034002,TC034001	FBgn0264695
EIT6W	TC015255,TC011456	FBgn0029718
EIT7B	TC003395	FBgn0034578,FBgn0051913
EIT7I	TC012453	FBgn0020496
EIT8E	TC003270	FBgn0034057
EIT8F	TC005305	FBgn0035632
EIT8G	TC014612	FBgn0017572
EIT8J	TC004289	FBgn0014007
EIT8M	TC014065	FBgn0029123
EIT8N	TC033834	FBgn0027279
EIT8P	TC007626	FBgn0260972
EITC3	TC013982	FBgn0261929
EITC4	TC001635	FBgn0261458
EITC6	TC033107	FBgn0034692
EITC8	TC005224	FBgn0010109
EITCB	TC015830,TC015891	FBgn0037165,FBgn0037166,FBgn0037167,FBgn0041087,FBgn0016078,FBgn0037164
EITCF	TC032203,TC032202	FBgn0038837,FBgn0038840
EITCG	TC013057	FBgn0023535
EITD5	TC011738	FBgn0037093
EITDA	TC003708	FBgn0038017
EITDB	TC015690	FBgn0051374
EITDC	TC007481	FBgn0025625
EITDE	TC012624	FBgn0061492
EITDJ	TC000243	FBgn0021761
EITDK	TC008454	FBgn0032167
EITDQ	TC013385	FBgn0033901
EITDR	TC014085,TC014743	FBgn0010350
EITDW	TC005977	FBgn0034918
EITDY	TC011911	FBgn0031183
EITE0	TC005670	FBgn0035539
EITE2	TC007752	FBgn0016975
EITE9	TC004386	FBgn0037709
EITEA	TC013394	FBgn0034433
EITEB	TC015348	FBgn0000562
EITEC	TC013185	FBgn0030558
EITEG	TC003142	FBgn0034674
EITF2	TC000338	FBgn0085271
EITF4	TC034468	FBgn0037421
EITF7	TC031181	FBgn0013432
EITF8	TC006282	FBgn0033081
EITF9	TC005881	FBgn0040732
EITFG	TC004392	FBgn0036219
EITFJ	TC001041	FBgn0027784
EITFK	TC032893	FBgn0029939
EITFN	TC013202	FBgn0029891
EITFP	TC006476	FBgn0011640
EITFS	TC034016	FBgn0031972
EITG2	TC031071	FBgn0004895
EITG9	TC002625	FBgn0033547
EITGB	TC009890	FBgn0035430
EITGC	TC005502	FBgn0036360
EITGI	TC032464,TC032465	FBgn0035583
EITGN	TC004936	FBgn0038627
EITGS	TC007359	FBgn0043456
EITGW	TC004958	FBgn0039617
EITH2	TC031105	FBgn0036480
EITHG	TC005782	FBgn0010395
EITIE	TC003773	FBgn0030334
EITIU	TC000527	FBgn0034821
EITJ6	TC000221	FBgn0037963
EITKT	TC014882	FBgn0001105
EITKU	TC009259	FBgn0022382
EITKY	TC012015	FBgn0037665
EITKZ	TC033348	FBgn0033887
EITM6	TC014488	FBgn0265767,FBgn0040031
EITMK	TC010516	FBgn0027556
EITMM	TC009311	FBgn0022764
EITMN	TC000461	FBgn0033958
EITMP	TC014792	FBgn0034009
EITMQ	TC006652	FBgn0029949,FBgn0039694,FBgn0035228
EITMT	TC006726	FBgn0032362
EITMV	TC001434	FBgn0039184
EITNW	TC000100	FBgn0014163
EITNX	TC014736	FBgn0015905
EITPS	TC013635	FBgn0051999
EITQ0	TC002574	FBgn0010747
EITRT	TC009937	FBgn0033636
EITS6	TC011475	FBgn0039212
EITS7	TC007431	FBgn0020312
EITS8	TC004220	FBgn0003416
EITSC	TC030629	FBgn0061356
EITSX	TC002365	FBgn0029679,FBgn0032827,FBgn0030890
EITT0	TC010545,TC010543	FBgn0024806
EITUM	TC030137,TC009805,TC008757,TC008756,TC011411,TC030448	FBgn0034470
EITUW	TC003489	FBgn0034853
EITVG	TC010500	FBgn0052447
EITVH	TC031766	FBgn0030499
EITVJ	TC002587	FBgn0264607
EITVM	TC009846	FBgn0031868
EITVN	TC014489	FBgn0039270
EITVP	TC007700	FBgn0265512
EITW6	TC002071	FBgn0015546
EITW7	TC002472	FBgn0263352
EITW8	TC008339	FBgn0036848
EITWA	TC003825	FBgn0052845,FBgn0015379
EITWB	TC008874	FBgn0032813,FBgn0005655
EITWE	TC003716	FBgn0263832
EITWF	TC001276	FBgn0032871
EITWH	TC003238	FBgn0013751
EITWN	TC000688	FBgn0034825,FBgn0263048,FBgn0001128
EITXP	TC005473	FBgn0263994
EITXV	TC007968	FBgn0030991
EITXW	TC013595	FBgn0030847
EITY3	TC002269	FBgn0036032
EITY4	TC012019	FBgn0029148
EITY5	TC000082	FBgn0035805
EITY7	TC006205	FBgn0038342
EITYB	TC011652	FBgn0261988
EITYC	TC007213	FBgn0266449
EITYG	TC001324,TC011905	FBgn0039114,FBgn0039113
EITYH	TC009778	FBgn0262624
EITYI	TC013928	FBgn0036414
EITYJ	TC005579	FBgn0002931
EITYR	TC004716	FBgn0046687
EITYT	TC002618	FBgn0035755
EITYU	TC006270	FBgn0034191
EITYV	TC002406	FBgn0020655
EITYW	TC013150	FBgn0030035
EITYY	TC033500,TC033501,TC033502,TC033498,TC001774	FBgn0003410
EITZ0	TC008731	FBgn0030251
EITZD	TC034824,TC006284	FBgn0030932,FBgn0025837
EITZH	TC032181	FBgn0033773
EITZI	TC004578	FBgn0051460
EITZQ	TC032634	FBgn0042092
EITZS	TC006226	FBgn0041709
EIU0E	TC013404	FBgn0038394
EIU0K	TC000372	FBgn0051866,FBgn0051865
EIU0N	TC011609	FBgn0032042
EIU0U	TC004915	FBgn0035000
EIU11	TC003447	FBgn0034527
EIU12	TC006850	FBgn0035057
EIU1S	TC008896	FBgn0259174
EIU25	TC034464,TC005188	FBgn0053303
EIU27	TC011052	FBgn0035076,FBgn0012037,FBgn0032535,FBgn0033366,FBgn0016122
EIU34	TC008511	FBgn0250816
EIU36	TC030587	FBgn0031468,FBgn0031466,FBgn0032078,FBgn0054056,FBgn0054057,FBgn0031469,FBgn0033271,FBgn0031472,FBgn0030984,FBgn0085480,FBgn0085481
EIU38	TC030884	FBgn0020622
EIU39	TC004964	FBgn0037715
EIU3B	TC002555,TC002553	FBgn0034915
EIU3F	TC006147	FBgn0036514
EIU3J	TC007827,TC007828,TC007670	FBgn0013301,FBgn0013300,FBgn0039707,FBgn0267905,FBgn0267904,FBgn0267903
EIU4P	TC000328	FBgn0086370
EIU4Q	TC002505	FBgn0034420
EIU4R	TC013574	FBgn0032242,FBgn0032969
EIU4S	TC002394	FBgn0250911
EIU4U	TC031338	FBgn0263873
EIU4V	TC007848,TC005249,TC005250	FBgn0000052
EIU4X	TC031415	FBgn0004854,FBgn0011758
EIU4Z	TC012918,TC012917	FBgn0046704
EIU50	TC003642	FBgn0035449
EIU51	TC012749	FBgn0039668
EIU53	TC007295	FBgn0030400
EIU55	TC031981	FBgn0037703
EIU56	TC006385	FBgn0029512
EIU5A	TC000049	FBgn0036317
EIU5Z	TC010104	FBgn0030196
EIU6D	TC003902,TC013167	FBgn0015625
EIU6U	TC004993,TC003918	FBgn0265296
EIU7V	TC034532,TC010337	FBgn0030525,FBgn0035679,FBgn0052445,FBgn0032372
EIU7Z	TC005720	FBgn0037707
EIU80	TC015468,TC011028	FBgn0015615
EIU83	TC014082	FBgn0030510
EIU85	TC007572	FBgn0034665,FBgn0034427,FBgn0033431
EIU87	TC010447	FBgn0029929
EIU8R	TC002076	FBgn0262527
EIU8U	TC001374	FBgn0033635
EIU8V	TC011257	FBgn0015872
EIU8X	TC031243	FBgn0020503
EIU8Z	TC008663	FBgn0031459
EIU90	TC003417	FBgn0033543
EIU92	TC002881	FBgn0039302
EIU93	TC003416	FBgn0000996
EIU99	TC004408	FBgn0037540
EIU9G	TC004978	FBgn0019662
EIU9H	TC013181	FBgn0027080
EIU9I	TC004861	FBgn0035970,FBgn0038039
EIUAU	TC032771	FBgn0024986
EIUBM	TC010138	FBgn0014009
EIUBT	TC007205	FBgn0024182
EIUCQ	TC013895	FBgn0010622
EIUDS	TC032747	FBgn0267001
EIUFH	TC003911	FBgn0259166
EIUFJ	TC014149	FBgn0265487
EIUFN	TC014986	FBgn0261239
EIUFP	TC030639	FBgn0029935
EIUFR	TC014624	FBgn0082831
EIUFW	TC014760	FBgn0036286
EIUFX	TC002088	FBgn0284442
EIUFZ	TC033341,TC001613	FBgn0036756
EIUG0	TC009613	FBgn0036771
EIUG1	TC010856	FBgn0027609
EIUG3	TC008090	FBgn0003867
EIUG5	TC006621	FBgn0036570
EIUG7	TC031093	FBgn0003464
EIUG9	TC003202	FBgn0034265
EIUGB	TC003488	FBgn0013435
EIUGE	TC031253	FBgn0051472
EIUGF	TC005316	FBgn0030366
EIUGG	TC014240	FBgn0032200
EIUGH	TC014893	FBgn0052087,FBgn0052675
EIUGJ	TC034804	FBgn0034068
EIUGK	TC003476	FBgn0032882
EIUH0	TC000066	FBgn0036499,FBgn0037773
EIUH1	TC005717	FBgn0031397
EIUH2	TC013868	FBgn0032188,FBgn0030122
EIUH5	TC009506	FBgn0086408
EIUH8	TC001706	FBgn0040697
EIUH9	TC009435	FBgn0053129
EIUHE	TC002495	FBgn0025519
EIUHF	TC015062	FBgn0017551
EIUHH	TC030051	FBgn0025885
EIUHI	TC013784	FBgn0259734
EIUHJ	TC033641	FBgn0011276
EIUHK	TC031024	FBgn0263968
EIUHN	TC003529	FBgn0050393,FBgn0050391,FBgn0051910,FBgn0028327
EIUI6	TC001035	FBgn0003656
EIUI7	TC001667	FBgn0001250
EIUI8	TC007567	FBgn0021979
EIUIB	TC011770	FBgn0051028
EIUIC	TC032913,TC008471,TC010990	FBgn0005586,FBgn0028841
EIUIF	TC004474	FBgn0287775,FBgn0034476
EIUIG	TC012115	FBgn0023395,FBgn0262519
EIUII	TC004624	FBgn0036891
EIUIM	TC012356	FBgn0002783
EIUIV	TC006160	FBgn0033960
EIUJC	TC007809	FBgn0003502
EIUJS	TC012508	FBgn0260439
EIUJX	TC014435	FBgn0032881
EIUJZ	TC001392	FBgn0003330
EIUK0	TC005308	FBgn0027564
EIUK1	TC005574	FBgn0035762
EIUKG	TC011150	FBgn0038746
EIUKH	TC011125	FBgn0051211
EIUKI	TC015538	FBgn0011586
EIUMB	TC001393	FBgn0260817
EIUMF	TC006743	FBgn0002543
EIUMG	TC007846	FBgn0026378
EIUMJ	TC002405	FBgn0028552,FBgn0266721
EIUNM	TC004014	FBgn0035793
EIUNP	TC007906,TC002717	FBgn0086372
EIUNR	TC001251	FBgn0034774,FBgn0051960,FBgn0039373,FBgn0039374,FBgn0033238,FBgn0050378,FBgn0011273,FBgn0000253
EIUNZ	TC003161	FBgn0033480
EIUPH	TC002912	FBgn0036754
EIUPJ	TC031270	FBgn0265523
EIUPK	TC001620	FBgn0037884
EIUPS	TC000931	FBgn0001197
EIUQB	TC011451	FBgn0035936
EIUR1	TC034797	FBgn0039839
EIUR3	TC034103	FBgn0032022
EIUR4	TC005311	FBgn0032021
EIUR8	TC034317	FBgn0027497
EIUR9	TC001166,TC005986,TC005985	FBgn0030653
EIURA	TC001252	FBgn0261611
EIURB	TC000366	FBgn0034049
EIURC	TC004619	FBgn0053138
EIURD	TC004676	FBgn0010225
EIUS4	TC002462	FBgn0261862
EIUSD	TC013646	FBgn0039915
EIUSW	TC012080	FBgn0000114
EIUT3	TC002162	FBgn0035146
EIUUK	TC009330	FBgn0013995
EIUUM	TC011968	FBgn0032916
EIUUN	TC015415	FBgn0025549
EIUUT	TC015134	FBgn0002525,FBgn0010397
EIUUU	TC003852	FBgn0027364
EIUV5	TC031247	FBgn0052666
EIUW1	TC002122	FBgn0050094
EIUW2	TC006986	FBgn0039522
EIUW5	TC003214	FBgn0014391,FBgn0051477
EIUW8	TC007174	FBgn0032008
EIUWB	TC003998	FBgn0267977
EIUWC	TC008205	FBgn0039478
EIUWD	TC001197	FBgn0015838
EIUWE	TC008880	FBgn0039698
EIUWF	TC004316	FBgn0031036
EIUWK	TC009511	FBgn0015351
EIUWR	TC001174	FBgn0265192
EIUX8	TC016220	FBgn0039219
EIUX9	TC032968,TC005319	FBgn0052857,FBgn0053502,FBgn0285970
EIUXB	TC000706	FBgn0052406,FBgn0053993,FBgn0035656
EIUXC	TC008615	FBgn0035287
EIUXJ	TC011684	FBgn0032857
EIUXK	TC011845	FBgn0035922
EIUXP	TC011621	FBgn0030508
EIUXQ	TC010637	FBgn0030959,FBgn0030956
EIUXS	TC013993	FBgn0020251
EIUXZ	TC003770	FBgn0002577
EIUYH	TC000953	FBgn0033486
EIUYZ	TC012457	FBgn0036980
EIUZ1	TC015066	FBgn0004397
EIUZ4	TC001559	FBgn0020767
EIUZ6	TC001621,TC006331	FBgn0004227
EIUZ7	TC033621,TC033620	FBgn0261065
EIUZA	TC032353	FBgn0034931
EIUZB	TC004802	FBgn0039932
EIV00	TC000926	FBgn0002522
EIV01	TC008488	FBgn0031051
EIV02	TC016270	FBgn0038475
EIV03	TC030909	FBgn0035027
EIV07	TC033414	FBgn0004878
EIV08	TC002358	FBgn0034908
EIV0A	TC006460	FBgn0052103
EIV0B	TC006622	FBgn0028700
EIV0C	TC004062	FBgn0037435
EIV0D	TC002147,TC002148	FBgn0003401,FBgn0050075
EIV0E	TC011547	FBgn0036772
EIV0F	TC008821	FBgn0030011
EIV0G	TC011359	FBgn0031252
EIV0H	TC009647	FBgn0003612
EIV0Q	TC003920	FBgn0037061
EIV0T	TC034294	FBgn0031268
EIV0U	TC007889	FBgn0038307
EIV0V	TC009074	FBgn0283536
EIV20	TC031060	FBgn0002638
EIV21	TC034695,TC010471	FBgn0032940
EIV23	TC006332	FBgn0033983
EIV2H	TC006578	FBgn0026320
EIV3B	TC001263	FBgn0038432
EIV3C	TC001865	FBgn0036725
EIV3D	TC013314	FBgn0028399
EIV3F	TC034643	FBgn0024188
EIV3H	TC002398	FBgn0035761
EIV3I	TC015976	FBgn0031450
EIV3M	TC033864	FBgn0031327
EIV3N	TC004116	FBgn0039489
EIV3Q	TC014634	FBgn0001311
EIV3T	TC000276	FBgn0035164
EIV3W	TC013590	FBgn0053653
EIV4M	TC033550	FBgn0032247
EIV4Z	TC013652	FBgn0004832
EIV60	TC013742,TC013346,TC008923,TC006465	FBgn0263705,FBgn0000317,FBgn0267431
EIV61	TC034736,TC008265	FBgn0261041
EIV6D	TC001577	FBgn0261108
EIV6E	TC031457	FBgn0261802
EIV86	TC002987	FBgn0036008
EIV8E	TC005649	FBgn0033948
EIV8F	TC012861	FBgn0031189
EIV8I	TC033082	FBgn0250785
EIV8M	TC033354,TC015520	FBgn0051116
EIV8N	TC011892	FBgn0033088
EIV8P	TC013064	FBgn0032258
EIV8X	TC009572,TC009573	FBgn0038499
EIV8Y	TC003390	FBgn0036053
EIV90	TC003216	FBgn0038053
EIV9Z	TC004397	FBgn0004381
EIVA1	TC008383	FBgn0023536
EIVBJ	TC031746	FBgn0036031
EIVBK	TC009024	FBgn0020279
EIVBM	TC004789	FBgn0036784,FBgn0037607
EIVBN	TC000272	FBgn0051548
EIVBP	TC011344	FBgn0031752
EIVBR	TC004246	FBgn0005624
EIVC9	TC009262	FBgn0038251
EIVCD	TC007227	FBgn0004242
EIVCR	TC031096	FBgn0261873
EIVCS	TC012105	FBgn0038206
EIVCV	TC004977	FBgn0004841
EIVD6	TC010178	FBgn0284421
EIVD7	TC010520	FBgn0000083
EIVD8	TC001733,TC012475	FBgn0032290
EIVDA	TC016272	FBgn0035520
EIVDC	TC002951	FBgn0005593
EIVDD	TC002635	FBgn0024983
EIVDE	TC031564	FBgn0261046
EIVEQ	TC008390	FBgn0031476
EIVES	TC013975	FBgn0030943
EIVEX	TC032637	FBgn0037060
EIVEY	TC014393	FBgn0035763,FBgn0031636
EIVF1	TC012697	FBgn0031873
EIVF2	TC008962	FBgn0040212
EIVF4	TC014215	FBgn0263278
EIVF6	TC009023	FBgn0263863
EIVF8	TC013703	FBgn0032516
EIVFK	TC003504	FBgn0037483
EIVFU	TC006159	FBgn0030257
EIVFW	TC000770	FBgn0035110
EIVFY	TC034333,TC010813	FBgn0033799
EIVG3	TC008917	FBgn0039204
EIVG4	TC011794	FBgn0029997
EIVGG	TC032069,TC008569	FBgn0039235,FBgn0037788
EIVGK	TC009552	FBgn0016047
EIVJB	TC009192	FBgn0039280
EIVJE	TC007687	FBgn0025631
EIVJM	TC002075	FBgn0044826
EIVJN	TC032498	FBgn0030026
EIVJT	TC004378	FBgn0027841
EIVJU	TC010479	FBgn0012034
EIVJZ	TC008240	FBgn0283471
EIVK7	TC003243	FBgn0030603
EIVK8	TC009200	FBgn0037832
EIVKZ	TC001232	FBgn0021738,FBgn0264954
EIVM0	TC003144,TC010475,TC010474	FBgn0013303,FBgn0030897,FBgn0083228,FBgn0036926
EIVM1	TC008423	FBgn0038295
EIVM5	TC002345	FBgn0085478
EIVM6	TC004375	FBgn0000057
EIVM8	TC015150	FBgn0031374
EIVMD	TC034774	FBgn0038975
EIVMF	TC001464	FBgn0260799
EIVMG	TC004820	FBgn0004432,FBgn0036415
EIVMX	TC015834	FBgn0026566
EIVNF	TC010102	FBgn0037760
EIVNK	TC005228	FBgn0034829,FBgn0035205
EIVNM	TC000569,TC000568	FBgn0022942,FBgn0038887
EIVNP	TC011530	FBgn0026702
EIVNV	TC014714	FBgn0032077
EIVP7	TC033847,TC033846,TC009883	FBgn0037215
EIVP8	TC002652	FBgn0035518
EIVPA	TC009281,TC009279	FBgn0086656
EIVPI	TC007834	FBgn0030613
EIVQ6	TC001726,TC031568	FBgn0085396
EIVQX	TC004358	FBgn0035243
EIVQY	TC000275	FBgn0039209
EIVRF	TC002311	FBgn0286198
EIVRZ	TC011607	FBgn0037356
EIVS0	TC033608	FBgn0038524
EIVSG	TC030752	FBgn0032749
EIVT8	TC009105	FBgn0015799
EIVT9	TC007625	FBgn0031488
EIVTA	TC012096	FBgn0028397
EIVTB	TC009344	FBgn0032800
EIVTC	TC015376	FBgn0029752,FBgn0036442,FBgn0040070
EIVUW	TC031095,TC007789	FBgn0030347,FBgn0024995,FBgn0030348
EIVV0	TC031065	FBgn0052365
EIVW7	TC034634	FBgn0000017
EIVX9	TC005066	FBgn0038400
EIVXX	TC002813	FBgn0014143
EIVY0	TC006038	FBgn0037561
EIVY1	TC007925	FBgn0086785
EIVY3	TC012571	FBgn0259483
EIVY4	TC013519	FBgn0011638
EIVY7	TC009293	FBgn0261286
EIVY8	TC012388,TC012389	FBgn0000117
EIVYD	TC009382	FBgn0035088
EIVYJ	TC009718	FBgn0285913
EIVYK	TC000483	FBgn0038592
EIVYN	TC002070	FBgn0037716
EIVYQ	TC005620,TC005619	FBgn0038854
EIVYR	TC010168	FBgn0033005
EIVYS	TC009902	FBgn0033247
EIVYT	TC001765	FBgn0025741
EIVYU	TC005682	FBgn0262516,FBgn0261361
EIVYV	TC006211	FBgn0051453
EIVYX	TC030541	FBgn0034703
EIVZ4	TC007045	FBgn0032635
EIVZH	TC013743	FBgn0031047,FBgn0032089,FBgn0039887
EIW00	TC011405	FBgn0029648
EIW03	TC008718	FBgn0034786
EIW05	TC010458	FBgn0038739,FBgn0259741
EIW06	TC002842	FBgn0036484
EIW07	TC015403	FBgn0037263
EIW0Z	TC003241	FBgn0027660
EIW11	TC004828	FBgn0038989
EIW12	TC013807	FBgn0031603
EIW13	TC034170	FBgn0050259
EIW15	TC013450	FBgn0038540
EIW16	TC009020	FBgn0026737
EIW18	TC010476	FBgn0005633
EIW19	TC009356	FBgn0034978
EIW1D	TC015959	FBgn0037892
EIW1E	TC012511	FBgn0032634
EIW1H	TC015595	FBgn0051997
EIW1I	TC011842	FBgn0261532
EIW1J	TC031193	FBgn0025455
EIW1K	TC004388	FBgn0011455
EIW1P	TC014518	FBgn0262518
EIW1Q	TC013857	FBgn0039078
EIW1R	TC034344	FBgn0026319
EIW22	TC012364	FBgn0039273
EIW26	TC033173,TC033172,TC011866,TC012818	FBgn0031430,FBgn0031721,FBgn0004620,FBgn0031720,FBgn0038122,FBgn0020429,FBgn0026255,FBgn0046113
EIW2F	TC010546	FBgn0041164
EIW2K	TC011296	FBgn0030092
EIW2R	TC006277	FBgn0016926
EIW2X	TC000451	FBgn0263929
EIW2Y	TC016399	FBgn0039755
EIW31	TC014260	FBgn0033315
EIW33	TC009460	FBgn0027554
EIW34	TC015890	FBgn0036536
EIW3A	TC004683	FBgn0266670
EIW3C	TC014519	FBgn0031657
EIW3D	TC033023	FBgn0034989
EIW3E	TC008246	FBgn0004507
EIW3G	TC003562	FBgn0033062
EIW3J	TC034593	FBgn0041184
EIW3N	TC000571	FBgn0053080
EIW3P	TC007223	FBgn0031530
EIW3Q	TC010540	FBgn0267348
EIW3S	TC015385	FBgn0036403,FBgn0053092,FBgn0037138
EIW3U	TC034318	FBgn0000163
EIW3V	TC014225	FBgn0263112
EIW3W	TC013592,TC006544	FBgn0034824,FBgn0030268
EIW3X	TC007336	FBgn0261573
EIW4A	TC011177	FBgn0037473
EIW4C	TC004979	FBgn0004856
EIW4E	TC015132	FBgn0262719
EIW4F	TC014404	FBgn0263038
EIW4I	TC009753	FBgn0262476
EIW4S	TC001126	FBgn0030156
EIW4V	TC008370	FBgn0038931
EIW58	TC011656	FBgn0037409
EIW59	TC014254	FBgn0052982
EIW5P	TC015061	FBgn0010380
EIW6Q	TC032013,TC032014	FBgn0260397
EIW6R	TC005545	FBgn0003444
EIW6U	TC034877	FBgn0050100,FBgn0259718
EIW6W	TC004369	FBgn0261859
EIW6Z	TC032030	FBgn0038745
EIW72	TC008422	FBgn0260659
EIW75	TC031054	FBgn0022786
EIW77	TC030900	FBgn0262636
EIW78	TC004842	FBgn0037146
EIW7B	TC003521	FBgn0020887
EIW7N	TC007511	FBgn0030485
EIW89	TC002899,TC002898,TC016279	FBgn0037762
EIW8Y	TC010774	FBgn0035203
EIW91	TC012566	FBgn0037386
EIW94	TC030889,TC013653	FBgn0050035,FBgn0033644
EIW9H	TC007707	FBgn0035229
EIWA8	TC000613	FBgn0037482
EIWAG	TC009492	FBgn0020257
EIWB8	TC001697	FBgn0025186
EIWBE	TC008107	FBgn0033607
EIWBF	TC013060	FBgn0051739
EIWBU	TC009878	FBgn0036291
EIWBV	TC015429	FBgn0038984
EIWCU	TC015981	FBgn0034300
EIWDQ	TC004829	FBgn0038811
EIWDT	TC030656	FBgn0034626
EIWE8	TC012011	FBgn0031596
EIWE9	TC031721	FBgn0025726
EIWEM	TC032528	FBgn0033250
EIWEQ	TC008786,TC011193	FBgn0086443,FBgn0002909
EIWER	TC033386,TC034684,TC000216	FBgn0002932
EIWET	TC034572,TC003271,TC003181	FBgn0035941
EIWF3	TC004868	FBgn0086134
EIWFJ	TC006557	FBgn0034430
EIWFV	TC004987	FBgn0032048
EIWFW	TC007766	FBgn0036728
EIWG0	TC004218	FBgn0261373
EIWG1	TC010495	FBgn0017581
EIWG2	TC011383	FBgn0039773
EIWH2	TC015557,TC015558,TC015154,TC015559	FBgn0040363,FBgn0040397,FBgn0030443
EIWHE	TC003444	FBgn0015321
EIWI1	TC010482,TC007145	FBgn0010240,FBgn0004244
EIWI2	TC004641	FBgn0039064
EIWI6	TC000979	FBgn0039770
EIWIK	TC009938	FBgn0022724,FBgn0002842
EIWIP	TC004462	FBgn0033912
EIWIQ	TC033649	FBgn0034540
EIWIR	TC012540	FBgn0035830
EIWIS	TC033818	FBgn0031114
EIWIT	TC011759	FBgn0037734
EIWIU	TC002925	FBgn0035499
EIWIV	TC012522	FBgn0261477
EIWIY	TC005759	FBgn0031005
EIWIZ	TC000028	FBgn0033317
EIWJD	TC004419	FBgn0038938
EIWJH	TC007381,TC003800	FBgn0262619,FBgn0030941
EIWJI	TC013182	FBgn0030352
EIWJM	TC030749	FBgn0039039
EIWJP	TC000043,TC011373	FBgn0021906
EIWJR	TC032159	FBgn0026084
EIWJS	TC011535	FBgn0042138
EIWJV	TC034547,TC032032	FBgn0037298,FBgn0038038
EIWJZ	TC032238	FBgn0062449
EIWK2	TC003886	FBgn0285943,FBgn0016120
EIWKU	TC011944	FBgn0085193,FBgn0267449
EIWMC	TC034301	FBgn0038541,FBgn0038542
EIWMI	TC001086	FBgn0283468
EIWMM	TC008078	FBgn0038306
EIWMP	TC012326	FBgn0265351
EIWMT	TC003159	FBgn0261808
EIWMU	TC004376	FBgn0052707
EIWMV	TC015308	FBgn0024510
EIWND	TC003131,TC013700	FBgn0030759
EIWNE	TC010182	FBgn0037815
EIWNG	TC015068	FBgn0035285
EIWNJ	TC001544	FBgn0261067
EIWNM	TC004670	FBgn0025679
EIWNR	TC005129	FBgn0037087
EIWNX	TC002836	FBgn0033158
EIWNZ	TC033802	FBgn0050377
EIWP0	TC002085	FBgn0263109
EIWP4	TC008017	FBgn0086704
EIWQH	TC033984	FBgn0260938
EIWQZ	TC015471	FBgn0031059
EIWRM	TC000609	FBgn0030582
EIWRQ	TC011712	FBgn0035298
EIWRV	TC032639,TC003922	FBgn0035699,FBgn0261801,FBgn0033856,FBgn0001258
EIWRX	TC002539	FBgn0002924
EIWRY	TC015715	FBgn0030592
EIWS2	TC003034	FBgn0036258
EIWS5	TC000434	FBgn0036135
EIWS6	TC005538	FBgn0034939
EIWS7	TC000707	FBgn0036500
EIWS8	TC003525	FBgn0035995
EIWS9	TC007635	FBgn0052499
EIWSA	TC006025	FBgn0037556
EIWSE	TC004860	FBgn0025382
EIWSI	TC003068	FBgn0024698
EIWSJ	TC000986	FBgn0034274,FBgn0040066
EIWSM	TC034156	FBgn0053958
EIWSQ	TC009949	FBgn0031651
EIWTR	TC009044	FBgn0050147
EIWTS	TC014056	FBgn0037855
EIWTT	TC008515	FBgn0259481
EIWVD	TC000319,TC000318	FBgn0001186,FBgn0042711,FBgn0042710,FBgn0001187
EIWXR	TC033532	FBgn0034520
EIWXW	TC010608	FBgn0036846
EIWYY	TC012928	FBgn0033813
EIWYZ	TC000442	FBgn0039805
EIWZ2	TC007463	FBgn0032017
EIWZ3	TC004920	FBgn0027865
EIWZ4	TC015785	FBgn0027095
EIWZ5	TC030547	FBgn0037603
EIWZ6	TC008129	FBgn0024362,FBgn0052319
EIX0J	TC012308	FBgn0051694
EIX0K	TC034783	FBgn0003118
EIX0N	TC031408	FBgn0044328
EIX0R	TC033022	FBgn0032486
EIX0T	TC005587	FBgn0029763
EIX0W	TC006854	FBgn0263456
EIX0Y	TC001254	FBgn0038446
EIX10	TC033682	FBgn0040513
EIX15	TC032665	FBgn0035934
EIX17	TC005830	FBgn0264560
EIX19	TC033264	FBgn0051678
EIX1D	TC033396,TC033397	FBgn0002044
EIX1E	TC034900,TC014985	FBgn0035533
EIX1F	TC010174	FBgn0035028
EIX1H	TC012551	FBgn0029167
EIX1K	TC014790	FBgn0037116
EIX29	TC009494	FBgn0000615
EIX2I	TC005880	FBgn0050460
EIX2M	TC000537	FBgn0032643
EIX2N	TC005997	FBgn0028902
EIX2P	TC031235	FBgn0037241
EIX2Q	TC008478	FBgn0025336
EIX2R	TC007588	FBgn0031357
EIX2S	TC011963	FBgn0037248
EIX38	TC004793	FBgn0032123
EIX3B	TC032719	FBgn0003011
EIX3C	TC003240	FBgn0011300
EIX3J	TC000029	FBgn0035101
EIX3K	TC004872,TC009033	FBgn0038224
EIX3Q	TC011813	FBgn0035253
EIX3R	TC009430	FBgn0050069
EIX3W	TC003293	FBgn0263605
EIX3Y	TC008881	FBgn0011741
EIX3Z	TC011551	FBgn0023081
EIX40	TC009234	FBgn0033538
EIX41	TC013690	FBgn0036805
EIX44	TC032710,TC006033,TC034618,TC032249,TC007026,TC000829,TC000250,TC001300,TC001301,TC000247,TC004957,TC006034,TC011067	FBgn0035496,FBgn0031470,FBgn0032213,FBgn0032507,FBgn0028864,FBgn0028517,FBgn0051780,FBgn0051827,FBgn0032638,FBgn0033321,FBgn0031471,FBgn0028514,FBgn0032639,FBgn0031389,FBgn0033320
EIX4G	TC006382,TC005698	FBgn0034658,FBgn0036820
EIX4M	TC008261	FBgn0002622
EIX4N	TC012491	FBgn0039727
EIX4T	TC010181	FBgn0288631
EIX4V	TC012562	FBgn0029936
EIX4Y	TC030575	FBgn0034962
EIX4Z	TC034624	FBgn0032168
EIX50	TC000538	FBgn0025864
EIX51	TC008443	FBgn0000115
EIX58	TC009205	FBgn0039691
EIX5C	TC014040	FBgn0031893,FBgn0039029
EIX5J	TC015499	FBgn0015359
EIX5N	TC009513	FBgn0044823
EIX5R	TC034110	FBgn0052638
EIX5W	TC007034	FBgn0037101,FBgn0037502
EIX67	TC014563	FBgn0026738
EIX69	TC003851	FBgn0052225
EIX6A	TC004803	FBgn0010269
EIX6C	TC007473	FBgn0051119
EIX6T	TC015494	FBgn0023214
EIX6U	TC034611	FBgn0052736
EIX6W	TC003207,TC003206	FBgn0030600
EIX7A	TC034482	FBgn0265002
EIX82	TC015268	FBgn0003607,FBgn0037675
EIX8D	TC003322	FBgn0027057,FBgn0028838
EIX8E	TC000411	FBgn0038095
EIX8J	TC033895	FBgn0032922
EIX8N	TC004472	FBgn0045823
EIX8Q	TC012556	FBgn0037814
EIX9X	TC033585	FBgn0023545
EIX9Y	TC004824	FBgn0033686
EIX9Z	TC009145	FBgn0037555
EIXAN	TC002940	FBgn0011824
EIXAS	TC015193	FBgn0040075
EIXAT	TC030592	FBgn0034495
EIXAU	TC011772	FBgn0029879
EIXAV	TC000196	FBgn0035923
EIXAX	TC010464	FBgn0043010
EIXBA	TC014137	FBgn0026479
EIXBD	TC000675	FBgn0038803
EIXBE	TC005582	FBgn0039341
EIXBF	TC006725	FBgn0033717
EIXBH	TC011557	FBgn0039623
EIXBP	TC034448	FBgn0267795
EIXBY	TC031143	FBgn0039294
EIXBZ	TC014172	FBgn0053202
EIXCI	TC013594	FBgn0024846,FBgn0015765
EIXCQ	TC010863	FBgn0035103
EIXE7	TC001246	FBgn0037630
EIXEU	TC009889	FBgn0035429
EIXF8	TC003637	FBgn0263199
EIXFJ	TC034440,TC034439,TC011791	FBgn0030749
EIXFV	TC033123	FBgn0031707
EIXFX	TC000793	FBgn0036211
EIXFZ	TC009374	FBgn0042094
EIXGC	TC009560	FBgn0003053
EIXGD	TC007660	FBgn0036255
EIXGG	TC007903,TC007904	FBgn0022097,FBgn0033706,FBgn0040377
EIXGJ	TC001443	FBgn0029849,FBgn0039641
EIXH0	TC013566	FBgn0039411
EIXH4	TC001200	FBgn0037741
EIXH8	TC000784	FBgn0032251
EIXH9	TC007804	FBgn0015721
EIXHB	TC009252	FBgn0031730
EIXHC	TC008312	FBgn0040228
EIXHI	TC001975	FBgn0085397
EIXHK	TC014378	FBgn0030055
EIXHM	TC007123	FBgn0029755
EIXHP	TC012301	FBgn0085384
EIXHS	TC032124	FBgn0260793
EIXI5	TC000164	FBgn0284254
EIXI8	TC007076	FBgn0029915
EIXI9	TC032225	FBgn0040751
EIXIA	TC013840	FBgn0000644
EIXIG	TC002426	FBgn0036301
EIXIH	TC013295	FBgn0037690
EIXIK	TC009294	FBgn0039139
EIXIM	TC013542	FBgn0032880
EIXIN	TC030698	FBgn0032689
EIXIQ	TC006227	FBgn0041711
EIXIR	TC006736	FBgn0033440,FBgn0034876
EIXIU	TC014795	FBgn0029690
EIXIX	TC003531	FBgn0266666
EIXJ0	TC006985	FBgn0033866
EIXJ7	TC009385	FBgn0015544
EIXJA	TC011302	FBgn0027490
EIXJC	TC000258	FBgn0032492,FBgn0250843
EIXJD	TC009563	FBgn0038588
EIXJT	TC033918	FBgn0261675
EIXKS	TC011262	FBgn0004882
EIXKW	TC001032	FBgn0026371
EIXKX	TC006436	FBgn0266572
EIXKY	TC010322	FBgn0035162
EIXKZ	TC032473	FBgn0262656
EIXM0	TC014886	FBgn0037213
EIXM1	TC002087	FBgn0016672
EIXMM	TC010415	FBgn0037275
EIXMR	TC014300	FBgn0032728
EIXMU	TC032396	FBgn0033097
EIXN8	TC006808	FBgn0261560
EIXND	TC003967	FBgn0017579
EIXNE	TC033639	FBgn0039710
EIXNV	TC016287	FBgn0039045
EIXNX	TC005959	FBgn0025720
EIXNY	TC008201	FBgn0028550
EIXP1	TC031468,TC014048	FBgn0034572
EIXP3	TC005161	FBgn0051612
EIXQ2	TC033995,TC005949	FBgn0260970
EIXQ5	TC034615	FBgn0004885,FBgn0003719
EIXQE	TC009329	FBgn0039846
EIXQH	TC034423,TC011857	FBgn0014031
EIXQK	TC009378	FBgn0034012
EIXQW	TC014222	FBgn0033996
EIXQZ	TC003544	FBgn0028888
EIXRM	TC033069,TC033068,TC003527	FBgn0038209,FBgn0025692,FBgn0013305,FBgn0085459,FBgn0085460
EIXRS	TC032089,TC004659,TC000861,TC000863,TC000701	FBgn0051646,FBgn0051814,FBgn0031837,FBgn0085420
EIXRT	TC008964	FBgn0052251
EIXRX	TC014980	FBgn0058045
EIXRY	TC001982	FBgn0039858
EIXS1	TC007374,TC006271	FBgn0036222,FBgn0261439
EIXS4	TC012483	FBgn0259099
EIXS6	TC004633	FBgn0040355,FBgn0051642,FBgn0028531,FBgn0051835,FBgn0037655,FBgn0260953
EIXSC	TC014600	FBgn0261556
EIXSY	TC016112	FBgn0002736
EIXT4	TC002738	FBgn0025582
EIXT7	TC031835,TC034357	FBgn0287478
EIXTC	TC004931	FBgn0029925
EIXTD	TC011717	FBgn0262647
EIXTG	TC033717	FBgn0034902
EIXTI	TC000315,TC010662	FBgn0038488,FBgn0038286
EIXTN	TC004777	FBgn0035383
EIXTT	TC030640	FBgn0050022
EIXTU	TC032121	FBgn0034141
EIXUJ	TC033963	FBgn0085399
EIXV9	TC011513	FBgn0032929
EIXWG	TC009237	FBgn0037739
EIXWI	TC004934	FBgn0030323
EIXWQ	TC032092	FBgn0040907
EIXWU	TC002059	FBgn0031224
EIXYP	TC034848,TC005644	FBgn0037995,FBgn0036337
EIY19	TC003689	FBgn0015925
EIY1A	TC010381	FBgn0041775
EIY1B	TC005603	FBgn0266369
EIY1D	TC007564	FBgn0031659
EIY1E	TC009108	FBgn0266673
EIY1F	TC009927	FBgn0039875
EIY1G	TC004970	FBgn0030358
EIY29	TC016391	FBgn0035481
EIY2C	TC011725	FBgn0038925
EIY2E	TC004909	FBgn0030806
EIY2H	TC010883	FBgn0052112
EIY2K	TC000508	FBgn0020018
EIY2S	TC014288	FBgn0086757
EIY2X	TC015929	FBgn0033225
EIY2Y	TC034763	FBgn0034022
EIY2Z	TC012661	FBgn0031818
EIY35	TC003332	FBgn0035851
EIY3C	TC014329	FBgn0032783
EIY3F	TC009181	FBgn0023179
EIY3H	TC003495	FBgn0260771
EIY3I	TC014561	FBgn0030507
EIY3J	TC016011	FBgn0039900
EIY3K	TC002130	FBgn0036519
EIY3Q	TC007722	FBgn0023520
EIY3T	TC002945	FBgn0038676
EIY4E	TC012251	FBgn0037231
EIY4H	TC012727	FBgn0032388
EIY4I	TC033321	FBgn0034814
EIY4Z	TC001164	FBgn0054031
EIY53	TC000360	FBgn0035043
EIY5J	TC010522	FBgn0031238
EIY5Y	TC009930	FBgn0011592,FBgn0050056
EIY62	TC007349	FBgn0033763
EIY6G	TC001346	FBgn0002899
EIY6H	TC013372	FBgn0000018
EIY6K	TC009354	FBgn0022936
EIY6N	TC007430,TC007429	FBgn0024361
EIY7H	TC011122	FBgn0038246
EIY7K	TC001923	FBgn0037202
EIY7N	TC015096	FBgn0020236
EIY7P	TC032674	FBgn0024277,FBgn0052311
EIY7S	TC000058	FBgn0035334
EIY7U	TC034733	FBgn0261723
EIY7X	TC015023,TC015024	FBgn0025633
EIY7Z	TC030006	FBgn0000564
EIY82	TC006189	FBgn0031313
EIY89	TC015719,TC015700	FBgn0030589,FBgn0030588
EIY8T	TC013484	FBgn0051100
EIY9E	TC002414	FBgn0037313
EIYAP	TC012814	FBgn0031765
EIYAQ	TC015727	FBgn0003559
EIYAT	TC002936	FBgn0035121
EIYAU	TC013119	FBgn0030306
EIYAV	TC015022	FBgn0017567
EIYAW	TC013667	FBgn0027537,FBgn0038274
EIYB7	TC000456	FBgn0035294
EIYB8	TC009260	FBgn0286213
EIYBU	TC014762	FBgn0034642,FBgn0034641
EIYBY	TC004825	FBgn0032938
EIYBZ	TC015281,TC006899,TC001487	FBgn0038397
EIYCZ	TC006689	FBgn0031768
EIYD1	TC009561	FBgn0037998
EIYDE	TC010453	FBgn0038016
EIYE3	TC000608	FBgn0030056
EIYEK	TC000268	FBgn0010280,FBgn0041103
EIYEN	TC004628	FBgn0261625,FBgn0263233
EIYEP	TC008350,TC000208	FBgn0034187,FBgn0033889
EIYEQ	TC005854	FBgn0032480
EIYER	TC006063	FBgn0262614
EIYEU	TC013573	FBgn0027101
EIYEW	TC004357	FBgn0011785
EIYGU	TC004131,TC014362	FBgn0285950
EIYGW	TC013808	FBgn0035873
EIYH4	TC032074,TC032073	FBgn0026388
EIYH6	TC015124,TC004215	FBgn0001965
EIYH8	TC006809	FBgn0034705
EIYHA	TC005628	FBgn0035032
EIYHB	TC016366	FBgn0263852
EIYHP	TC004115	FBgn0039109
EIYHQ	TC013234	FBgn0026261
EIYHS	TC001478	FBgn0260860
EIYHT	TC030573	FBgn0031003
EIYHX	TC030598	FBgn0039955
EIYI8	TC009251	FBgn0262112
EIYI9	TC011658	FBgn0037411
EIYIA	TC001277	FBgn0033527
EIYIE	TC010371	FBgn0039224
EIYIF	TC013837	FBgn0042185
EIYIR	TC014293	FBgn0038771
EIYIS	TC032021	FBgn0026576
EIYIV	TC031022	FBgn0036576
EIYIY	TC008195	FBgn0030480
EIYJ1	TC013378	FBgn0036774
EIYK0	TC031159	FBgn0038257
EIYKQ	TC000739	FBgn0038065
EIYKR	TC011361	FBgn0026565
EIYKS	TC008670	FBgn0032698
EIYKW	TC002137	FBgn0036988
EIYKX	TC013395	FBgn0031710
EIYKY	TC006728	FBgn0028426
EIYKZ	TC031132	FBgn0033859
EIYM0	TC011644	FBgn0038652
EIYM1	TC006307	FBgn0032430
EIYM2	TC005930	FBgn0032050
EIYM6	TC033522	FBgn0026374
EIYMB	TC000574	FBgn0266137
EIYMF	TC006979	FBgn0052333
EIYMH	TC011045	FBgn0040339,FBgn0052971
EIYMI	TC012823	FBgn0037430
EIYMY	TC030910,TC031070,TC003971	FBgn0030993,FBgn0035928,FBgn0250821,FBgn0051358,FBgn0260230,FBgn0037986,FBgn0260657
EIYN2	TC013508	FBgn0031975
EIYN6	TC015510	FBgn0038686
EIYND	TC006323	FBgn0027052
EIYNE	TC013408	FBgn0040235
EIYNG	TC034762	FBgn0032329
EIYNM	TC008077	FBgn0039172
EIYNN	TC012802	FBgn0051156
EIYNP	TC009779	FBgn0045063
EIYNQ	TC001570	FBgn0040340,FBgn0052815
EIYP0	TC032880	FBgn0002901
EIYPJ	TC030596	FBgn0052409
EIYPM	TC003883	FBgn0036695
EIYPV	TC031422,TC016205	FBgn0004666
EIYQ8	TC031052	FBgn0040297
EIYQH	TC000960	FBgn0012036
EIYQQ	TC010876	FBgn0023023
EIYQZ	TC034671	FBgn0051704,FBgn0266363
EIYRH	TC002496	FBgn0005626
EIYRI	TC013791	FBgn0031479
EIYRJ	TC004948	FBgn0033518,FBgn0033520,FBgn0033521
EIYSI	TC016351	FBgn0036783,FBgn0053194,FBgn0038198,FBgn0261291,FBgn0262595,FBgn0261290,FBgn0262594
EIYSN	TC032844,TC032843,TC008209	FBgn0260004
EIYT3	TC003205	FBgn0016715
EIYTD	TC010012	FBgn0033408,FBgn0028858
EIYUF	TC032509,TC015320,TC000152,TC000153	FBgn0031182,FBgn0031126,FBgn0033697,FBgn0033696,FBgn0025454,FBgn0033065
EIYUZ	TC005395	FBgn0020910
EIYV1	TC005910	FBgn0015402
EIYV2	TC007785	FBgn0025802
EIYV5	TC002730	FBgn0033987
EIYV7	TC015951,TC012271	FBgn0052651,FBgn0052437
EIYVD	TC015466	FBgn0030576
EIYVT	TC001918	FBgn0030640
EIYVW	TC031216	FBgn0004649
EIYW9	TC006549	FBgn0004638
EIYWI	TC003154	FBgn0032446
EIYX1	TC007467	FBgn0031220
EIYXX	TC002628	FBgn0029693
EIYXZ	TC012328	FBgn0038519
EIYY0	TC002649	FBgn0033665
EIYYC	TC034798	FBgn0025381
EIYYD	TC011085	FBgn0004403,FBgn0004404
EIYYG	TC011080	FBgn0037962
EIYYI	TC010335	FBgn0283681
EIYYV	TC032187	FBgn0045980
EIYYW	TC012368	FBgn0086693
EIYYX	TC003172	FBgn0027085
EIYZ0	TC009562	FBgn0037536
EIYZ1	TC012815	FBgn0036150
EIYZ2	TC003004	FBgn0036973
EIYZ4	TC004746	FBgn0033482
EIYZA	TC013529	FBgn0003480
EIYZW	TC005814	FBgn0036273
EIYZY	TC007250	FBgn0031872,FBgn0040388
EIZ00	TC011228	FBgn0029667
EIZ04	TC014317	FBgn0002036
EIZ08	TC009637	FBgn0036254
EIZ1H	TC013107	FBgn0032646
EIZ21	TC033698	FBgn0034286
EIZ2D	TC004857	FBgn0053180
EIZ2E	TC004550	FBgn0038463,FBgn0031279
EIZ2F	TC013598,TC010894,TC011356	FBgn0033663
EIZ2M	TC001715	FBgn0034718
EIZ2P	TC001751,TC005593	FBgn0259749
EIZ2R	TC007055	FBgn0015399
EIZ2U	TC008865	FBgn0036916
EIZ2V	TC010107	FBgn0037661
EIZ38	TC014042	FBgn0038928
EIZ3A	TC007326	FBgn0036481
EIZ3Q	TC003528	FBgn0038552
EIZ3R	TC003185	FBgn0033402
EIZ3S	TC013608	FBgn0261799
EIZ3T	TC003810	FBgn0032032
EIZ3U	TC006236	FBgn0037024
EIZ3Y	TC034869,TC001704	FBgn0031227
EIZ40	TC006724	FBgn0038737
EIZ41	TC011290	FBgn0262517
EIZ42	TC031237	FBgn0027083
EIZ44	TC000317	FBgn0039130
EIZ48	TC015001	FBgn0025807
EIZ49	TC031499	FBgn0264307
EIZ4A	TC007641	FBgn0011305
EIZ4E	TC000972	FBgn0030101
EIZ4F	TC006924	FBgn0033265
EIZ4J	TC034169,TC005436	FBgn0050272,FBgn0050265,FBgn0034783,FBgn0039886,FBgn0034394,FBgn0010651,FBgn0034392,FBgn0034782,FBgn0034785,FBgn0034784,FBgn0033048
EIZ4R	TC000407	FBgn0086362
EIZ4V	TC008337	FBgn0025639
EIZ50	TC010103	FBgn0283442,FBgn0283440
EIZ5X	TC011079	FBgn0039159
EIZ5Y	TC034904,TC010306	FBgn0029882
EIZ7I	TC014888,TC015665	FBgn0029913
EIZ8V	TC032593	FBgn0264606
EIZ8X	TC032190,TC032189	FBgn0261574
EIZ8Y	TC014107	FBgn0030554
EIZ91	TC005902	FBgn0031681
EIZ92	TC008338	FBgn0035375,FBgn0036527,FBgn0036529,FBgn0036528,FBgn0051956
EIZ94	TC034559	FBgn0035286
EIZ96	TC003168	FBgn0054001
EIZA0	TC011638	FBgn0011596,FBgn0029870
EIZA2	TC032418	FBgn0027588
EIZA3	TC004145	FBgn0030577,FBgn0030578,FBgn0036809,FBgn0029152
EIZA4	TC011686	FBgn0036309
EIZA5	TC003697	FBgn0052484,FBgn0030300
EIZA6	TC007709	FBgn0042134
EIZA7	TC032664,TC032662	FBgn0267978
EIZA9	TC009599	FBgn0260012
EIZAP	TC008415	FBgn0032450
EIZBA	TC009713	FBgn0036710
EIZBC	TC012133	FBgn0005671
EIZEW	TC030464	FBgn0015808
EIZF2	TC014971	FBgn0264078
EIZF7	TC014606	FBgn0001233
EIZFD	TC011252	FBgn0013997,FBgn0052099
EIZFF	TC001467	FBgn0259214
EIZG1	TC013714	FBgn0026088
EIZGQ	TC013930	FBgn0039942
EIZGW	TC003419	FBgn0261112
EIZH1	TC004582	FBgn0035951
EIZH2	TC010209	FBgn0036462
EIZH3	TC030618	FBgn0030391
EIZH5	TC008972	FBgn0023510
EIZH6	TC013381	FBgn0030691,FBgn0034487
EIZH7	TC007397	FBgn0030377,FBgn0264077,FBgn0015622
EIZHN	TC009422	FBgn0038166
EIZHT	TC031275	FBgn0261610
EIZI4	TC010645	FBgn0015240
EIZIH	TC034679,TC034613	FBgn0039169
EIZIJ	TC014786	FBgn0014010
EIZIX	TC015524	FBgn0032956
EIZJ0	TC009545	FBgn0036332,FBgn0015509
EIZJ2	TC034322	FBgn0033021
EIZJ3	TC008019	FBgn0036214
EIZJ6	TC015650	FBgn0037917
EIZJ8	TC003242	FBgn0052594
EIZJ9	TC003783	FBgn0035574
EIZJA	TC007912	FBgn0014417
EIZJB	TC011033	FBgn0036814
EIZJD	TC009140	FBgn0035849
EIZJS	TC032824	FBgn0041111
EIZJU	TC004800	FBgn0032243
EIZJV	TC002816	FBgn0037105
EIZJX	TC000612	FBgn0038974
EIZJY	TC000992,TC000993	FBgn0037873
EIZK1	TC011763	FBgn0008646
EIZK3	TC009739	FBgn0034118
EIZK4	TC012523	FBgn0035890
EIZK5	TC015628	FBgn0039924
EIZK6	TC000677	FBgn0035689
EIZK8	TC004433	FBgn0037251
EIZK9	TC005103	FBgn0020908
EIZKB	TC009226	FBgn0260499
EIZKE	TC000468	FBgn0038043
EIZM7	TC010920	FBgn0053995
EIZN9	TC013218	FBgn0016917
EIZNP	TC012582,TC012583	FBgn0016696
EIZNQ	TC002314	FBgn0034726
EIZNR	TC012542	FBgn0040780
EIZQ3	TC005493	FBgn0032685
EIZQ5	TC000144	FBgn0011742
EIZQ6	TC013578	FBgn0015371
EIZQ8	TC003250	FBgn0042641
EIZQ9	TC033316	FBgn0034497,FBgn0026409
EIZQP	TC007649	FBgn0051849
EIZQR	TC006239	FBgn0029980
EIZQS	TC010456	FBgn0265265,FBgn0036173
EIZQT	TC013553	FBgn0001180
EIZQZ	TC010404	FBgn0003041
EIZR6	TC008635	FBgn0020647
EIZR8	TC014625	FBgn0035526
EIZTB	TC006378,TC006379	FBgn0029762,FBgn0035969,FBgn0028886,FBgn0033708,FBgn0033443
EIZTU	TC005166	FBgn0029118
EIZV9	TC012674	FBgn0000395
EIZVB	TC013310	FBgn0038299,FBgn0028984,FBgn0028983
EIZVG	TC014160	FBgn0046685
EIZVU	TC002980	FBgn0039544
EIZWI	TC034693,TC015900	FBgn0036804
EIZWN	TC014106,TC014586	FBgn0002021,FBgn0033093
EIZXD	TC012160	FBgn0030641
EIZXG	TC014466	FBgn0001612,FBgn0028901
EIZXV	TC013011	FBgn0002707
EIZXY	TC013390	FBgn0036147
EIZXZ	TC000313	FBgn0030000
EIZY2	TC004782	FBgn0031053
EIZY4	TC012416	FBgn0000709
EIZY8	TC034941,TC031899	FBgn0001079
EIZYJ	TC003257	FBgn0040080
EIZYN	TC013885	FBgn0038269
EIZYP	TC011182	FBgn0014026
EIZYR	TC012072	FBgn0052944
EIZYS	TC014413	FBgn0014189
EIZYT	TC015686	FBgn0031116,FBgn0052506
EIZYU	TC012376	FBgn0030699
EIZZ6	TC011710	FBgn0052263,FBgn0052262
EIZZ8	TC005722	FBgn0260049
EIZZA	TC004727	FBgn0019985
EIZZJ	TC015879	FBgn0034622
EIZZP	TC009394	FBgn0034368
EIZZQ	TC009894	FBgn0035844
EIZZR	TC000876	FBgn0000337
EIZZS	TC000118	FBgn0003250,FBgn0003249
EIZZT	TC000358	FBgn0039152
EIZZV	TC012729,TC012730	FBgn0036346,FBgn0038924
EIZZX	TC010030	FBgn0024956
EIZZZ	TC000040	FBgn0259243
EJ009	TC011756	FBgn0038966
EJ00B	TC016340	FBgn0039282
EJ00C	TC016314	FBgn0035102
EJ00F	TC007111	FBgn0052685
EJ00G	TC013872	FBgn0016038
EJ00J	TC006168	FBgn0038805
EJ00N	TC008858	FBgn0052354
EJ00U	TC004682	FBgn0288433
EJ017	TC011677	FBgn0033629
EJ01E	TC016317	FBgn0037199
EJ01H	TC015537	FBgn0040375
EJ01I	TC012365	FBgn0010340
EJ021	TC012682	FBgn0034351
EJ025	TC033870	FBgn0266377
EJ028	TC009744	FBgn0267972
EJ02S	TC004653	FBgn0032399
EJ02Y	TC030965	FBgn0039897
EJ032	TC001092	FBgn0015221
EJ033	TC014716	FBgn0028926
EJ03H	TC033188,TC009975,TC008712	FBgn0039213
EJ03M	TC015934	FBgn0037562
EJ03U	TC005970,TC005969,TC005968	FBgn0034183,FBgn0034182
EJ03X	TC003465	FBgn0085188
EJ05F	TC034352	FBgn0041605
EJ06F	TC008832	FBgn0027951
EJ06V	TC031088	FBgn0000633
EJ06Y	TC032264	FBgn0020269
EJ06Z	TC009455	FBgn0261269
EJ07D	TC005780	FBgn0010213
EJ07I	TC004290	FBgn0026869
EJ07N	TC006605	FBgn0032236
EJ07T	TC001334	FBgn0040929
EJ07Z	TC013676	FBgn0038804
EJ08C	TC031503,TC011562	FBgn0000455
EJ08G	TC001358,TC009648	FBgn0039156
EJ08P	TC007850	FBgn0028343
EIMNR	TC001676	FBgn0260003,FBgn0034644
EJ08S	TC034383	FBgn0039883
EJ08T	TC003000	FBgn0004859
EJ08U	TC034180	FBgn0266418
EJ08W	TC030995	FBgn0053481
EJ08X	TC007923,TC003809	FBgn0010288
EJ090	TC030613	FBgn0004106
EJ091	TC009324	FBgn0004516
EJ093	TC014177	FBgn0036975
EJ094	TC034596,TC010581	FBgn0000153
EJ097	TC004962	FBgn0035005,FBgn0027291
EJ09Y	TC001964	FBgn0031952
EJ09Z	TC034766,TC010829,TC009035,TC009589,TC011969	FBgn0288686,FBgn0003889,FBgn0284243
EJ0AQ	TC010917	FBgn0036813
EJ0AU	TC013143	FBgn0011569,FBgn0010356
EJ0AX	TC015676,TC010394	FBgn0053310
EJ0CC	TC007466	FBgn0288229
EJ0E3	TC001001	FBgn0259108
EJ0F5	TC008565	FBgn0035039
EJ0GB	TC000875	FBgn0010591
EJ0GM	TC006692	FBgn0260933
EJ0GN	TC011049	FBgn0025457
EJ0GR	TC011389	FBgn0085430
EJ0GS	TC000540	FBgn0030407,FBgn0051773
EJ0GT	TC012657	FBgn0031006
EJ0HI	TC009816	FBgn0264325
EJ0HK	TC003033	FBgn0032644
EJ0HM	TC032839	FBgn0040395
EJ0HQ	TC008456	FBgn0051803
EJ0HY	TC002265	FBgn0261928
EJ0I7	TC005845	FBgn0037011
EJ0IJ	TC014764	FBgn0051712
EJ0IK	TC002957	FBgn0261934
EJ0IR	TC010681	FBgn0011603
EJ0IW	TC004616	FBgn0013334
EJ0J0	TC006679	FBgn0051992
EJ0J8	TC008136	FBgn0000316
EJ0JV	TC033868	FBgn0004795
EJ0JW	TC013585	FBgn0037375,FBgn0040208
EJ0JZ	TC004689	FBgn0036236
EJ0K0	TC002339	FBgn0039210
EJ0K1	TC001026	FBgn0030286
EJ0K3	TC030568	FBgn0035827
EJ0KN	TC005408	FBgn0030529
EJ0KU	TC011918	FBgn0259178
EJ0KV	TC011548	FBgn0259712
EJ0KW	TC032797	FBgn0283680
EJ0KX	TC014689	FBgn0031500
EJ0KY	TC006210	FBgn0032919
EJ0KZ	TC001607	FBgn0034083
EJ0M3	TC032475,TC000045	FBgn0052479
EJ0ME	TC002622	FBgn0037184
EJ0MF	TC034826	FBgn0035109
EJ0MZ	TC007157	FBgn0266083
EJ0N2	TC033469,TC014907,TC000325	FBgn0033367,FBgn0261363
EJ0NA	TC007921,TC009926	FBgn0259876
EJ0NB	TC032748	FBgn0029504
EJ0NG	TC010593,TC010594	FBgn0020385
EJ0NI	TC000217	FBgn0037826,FBgn0051467,FBgn0051391
EJ0NK	TC014515	FBgn0261380,FBgn0261356
EJ0NQ	TC004458	FBgn0023527
EJ0NT	TC012842	FBgn0036790,FBgn0036789
EJ0NU	TC002132	FBgn0034816
EJ0NW	TC032943	FBgn0010520
EJ0NX	TC012665	FBgn0025629
EJ0NY	TC014730	FBgn0014179
EJ0P0	TC013351	FBgn0031265
EJ0P5	TC033780,TC033779	FBgn0033777
EJ0PA	TC001141	FBgn0039161
EJ0PT	TC010050	FBgn0035903
EJ0PU	TC003420	FBgn0046296
EJ0PX	TC002285	FBgn0015773
EJ0Q6	TC005394	FBgn0031403
EJ0Q8	TC007642	FBgn0038570
EJ0QA	TC031831	FBgn0051665
EJ0QC	TC008043	FBgn0026403
EJ0QH	TC005858	FBgn0034997
EJ0QI	TC015655	FBgn0022361
EJ0QJ	TC004724	FBgn0283494
EJ0QQ	TC016304	FBgn0045866
EJ0SU	TC004535,TC004523	FBgn0051217
EJ0T1	TC008204	FBgn0287831
EJ0T3	TC008451	FBgn0052829
EJ0T8	TC033165	FBgn0263601
EJ0T9	TC007476	FBgn0029662,FBgn0051559
EJ0TT	TC005546	FBgn0021796
EJ0TV	TC016227,TC016227	FBgn0031107
EJ0TW	TC006215	FBgn0050005,FBgn0031117
EJ0TX	TC010853	FBgn0264492
EJ0UI	TC015503	FBgn0003353
EJ0UY	TC030044	FBgn0011227
EJ0V1	TC013521	FBgn0265187,FBgn0267828
EJ0V8	TC014516	FBgn0003483
EJ0W4	TC011927	FBgn0036888
EJ0W6	TC003984	FBgn0043070
EJ0WZ	TC007173	FBgn0250788
EJ0X0	TC032400	FBgn0264574
EJ0XW	TC034042	FBgn0035111
EJ0Y4	TC007228	FBgn0010287
EJ0YD	TC014966	FBgn0031598
EJ0YE	TC015491	FBgn0036136
EJ0YF	TC008727	FBgn0261394,FBgn0261395
EJ0YG	TC006466	FBgn0038467
EJ0YI	TC006188	FBgn0261938
EJ0YN	TC032221	FBgn0053964
EJ0YR	TC003870	FBgn0036446
EJ0YU	TC011435	FBgn0033473
EJ0YV	TC034712	FBgn0260224
EJ0ZB	TC011565	FBgn0033351
EJ112	TC004497	FBgn0263391
EJ11W	TC014214	FBgn0040285
EJ11X	TC005341	FBgn0052423
EJ120	TC000830	FBgn0038839
EJ122	TC009940	FBgn0038603
EJ123	TC012691	FBgn0032147
EJ12G	TC007288	FBgn0052732
EJ12I	TC008018	FBgn0013972
EJ12J	TC016213	FBgn0053203
EJ12M	TC032412,TC013706,TC011707	FBgn0004657
EJ132	TC030739	FBgn0030839
EJ134	TC011517	FBgn0039739
EJ135	TC001356	FBgn0032391,FBgn0000588
EJ137	TC011509	FBgn0036342
EJ13D	TC032732	FBgn0033548
EJ13E	TC006803,TC006804	FBgn0037385,FBgn0027657,FBgn0250846
EJ13J	TC000976	FBgn0034560,FBgn0033542
EJ13S	TC034364	FBgn0029836
EJ145	TC004767	FBgn0024811
EJ14A	TC033855	FBgn0265011
EJ14C	TC006009	FBgn0034237
EJ14U	TC014075	FBgn0004463
EJ14Y	TC034619,TC000077,TC000076	FBgn0287844,FBgn0267432
EJ14Z	TC009719	FBgn0013813
EJ15S	TC031135,TC010921	FBgn0264742,FBgn0264743
EJ165	TC010858	FBgn0034063
EJ16D	TC013593	FBgn0264495
EJ16G	TC010875	FBgn0024963
EJ16I	TC007808	FBgn0037092
EJ16M	TC008519	FBgn0004406
EJ16N	TC008405	FBgn0029174
EJ16P	TC008243	FBgn0005659
EJ16R	TC004153	FBgn0015295
EJ16S	TC005170	FBgn0037525
EJ16U	TC013240	FBgn0260468
EJ16Z	TC014639	FBgn0039429
EJ170	TC011142	FBgn0022770
EJ171	TC009600	FBgn0264326
EJ172	TC014453	FBgn0036990
EJ17E	TC030554	FBgn0036531,FBgn0063670
EJ17N	TC014808	FBgn0035772
EJ17P	TC013985	FBgn0033645
EJ17Q	TC008695	FBgn0040071
EJ17R	TC002078	FBgn0038429
EJ187	TC003620	FBgn0000394,FBgn0003865,FBgn0261952
EJ18Y	TC010196	FBgn0030001
EJ190	TC006106	FBgn0002626
EJ19Y	TC011076	FBgn0051682,FBgn0051679,FBgn0037857,FBgn0033690
EJ1A0	TC011353	FBgn0031312
EJ1A2	TC006190	FBgn0032860
EJ1A7	TC015110	FBgn0023479
EJ1AB	TC003035	FBgn0263607
EJ1AU	TC006754	FBgn0004395
EJ1AX	TC006599	FBgn0032421
EJ1B6	TC016041	FBgn0261550
EJ1B8	TC004261	FBgn0040234
EJ1BB	TC034604	FBgn0054045
EJ1BD	TC005525	FBgn0051676
EJ1BE	TC032425	FBgn0040743
EJ1BM	TC001674	FBgn0033988
EJ1CH	TC006690	FBgn0028648
EJ1CS	TC007911,TC014152	FBgn0038074
EJ1CU	TC000627	FBgn0029503
EJ1CV	TC002389,TC002388	FBgn0036007
EJ1CW	TC031106,TC001622	FBgn0038110
EJ1CX	TC013042	FBgn0036287
EJ1CZ	TC009185	FBgn0033911
EJ1D0	TC000078	FBgn0052528
EJ1D1	TC012527	FBgn0037754
EJ1D2	TC030720	FBgn0002989
EJ1D3	TC032755	FBgn0005677
EJ1D4	TC013355	FBgn0041604
EJ1D5	TC031967	FBgn0028671,FBgn0028669
EJ1D9	TC016320	FBgn0036623,FBgn0036622
EJ1DA	TC032215	FBgn0036939
EJ1DB	TC014598	FBgn0003900
EJ1DI	TC011460	FBgn0001325
EJ1DJ	TC010587	FBgn0037891
EJ1EV	TC006451	FBgn0041171
EJ1EX	TC004839	FBgn0266917
EJ1EY	TC000482	FBgn0039407
EJ1EZ	TC032130,TC032131	FBgn0031799
EJ1F3	TC011711	FBgn0010504
EJ1F5	TC034249	FBgn0016920
EJ1FY	TC034265	FBgn0037203
EJ1GN	TC007920	FBgn0285948
EJ1GQ	TC014984	FBgn0011710
EJ1GR	TC006627	FBgn0259923
EJ1GT	TC031115,TC007743	FBgn0005614,FBgn0032593
EJ1GW	TC032714	FBgn0003861
EJ1GX	TC009593	FBgn0034999
EJ1GZ	TC005366	FBgn0004177
EJ1HC	TC011748	FBgn0011278,FBgn0008651
EJ1HD	TC006978	FBgn0035199,FBgn0040102,FBgn0040104,FBgn0016675,FBgn0040502,FBgn0053533,FBgn0053532,FBgn0259958,FBgn0262357,FBgn0030050,FBgn0264341,FBgn0031373,FBgn0040503
EJ1HE	TC007479	FBgn0036512
EJ1HJ	TC000365	FBgn0029969
EJ1HM	TC001907	FBgn0030685
EJ1HR	TC033206	FBgn0265991
EJ1HU	TC010114	FBgn0038532
EJ1HV	TC011978	FBgn0035524
EJ1I6	TC014819	FBgn0039756
EJ1JJ	TC034903	FBgn0035475
EJ1JS	TC006991	FBgn0264302
EJ1JU	TC013870	FBgn0015828
EJ1JX	TC014544	FBgn0000405
EJ1JZ	TC007427	FBgn0034974
EJ1K0	TC008602	FBgn0034708
EJ1K2	TC013256	FBgn0038617
EJ1KV	TC014198	FBgn0054039
EJ1KY	TC032572	FBgn0259143
EJ1M0	TC003864	FBgn0034059
EJ1M7	TC015701	FBgn0001341
EJ1M9	TC012902	FBgn0023515,FBgn0024991,FBgn0030030,FBgn0031856
EJ1MA	TC011641	FBgn0038653
EJ1MB	TC013504	FBgn0051660
EJ1MF	TC005903	FBgn0037816
EJ1N8	TC007204,TC007203	FBgn0033710,FBgn0050046
EJ1N9	TC014868	FBgn0041188
EJ1NA	TC007935	FBgn0029837
EJ1ND	TC012997	FBgn0003068
EJ1NX	TC013940	FBgn0011704
EJ1NZ	TC031215	FBgn0033187
EJ1P1	TC015668	FBgn0032618
EJ1PX	TC009673	FBgn0010398
EJ1PY	TC015021	FBgn0034854
EJ1Q1	TC003245	FBgn0010114
EJ1Q4	TC033775,TC031707,TC014813,TC001958	FBgn0038494,FBgn0038498
EJ1Q7	TC030608	FBgn0031959
EJ1QB	TC011893	FBgn0028408
EJ1QR	TC003811	FBgn0284220
EJ1QT	TC034641	FBgn0260750
EJ1QY	TC000771	FBgn0033891
EJ1RW	TC008479,TC007035	FBgn0044051,FBgn0044050
EJ1SG	TC030763	FBgn0029945
EJ1SV	TC010163,TC010164	FBgn0033308
EJ1TD	TC001866	FBgn0053181
EJ1TE	TC001711	FBgn0052677,FBgn0026313
EJ1TS	TC032179	FBgn0024289,FBgn0022359
EJ1TT	TC005832	FBgn0022787
EJ1TU	TC005371	FBgn0037370
EJ1TV	TC000094	FBgn0032292
EJ1TW	TC007768	FBgn0261986
EJ1U0	TC009503	FBgn0035488
EJ1U5	TC014238	FBgn0052076
EJ1U7	TC010108	FBgn0032052
EJ1UC	TC002610	FBgn0011286
EJ1UI	TC005003	FBgn0038903
EJ1W0	TC012753	FBgn0039056
EJ1W5	TC005600	FBgn0085369
EJ1W7	TC011073	FBgn0000212
EJ1WP	TC001753	FBgn0005616
EJ1WT	TC005372	FBgn0034050
EJ1WU	TC015092	FBgn0000166,FBgn0051294,FBgn0039228,FBgn0085303,FBgn0085326
EJ1YM	TC005006	FBgn0014877
EJ1YR	TC013503,TC013502	FBgn0051935
EJ1ZB	TC008190	FBgn0031020
EJ1ZD	TC007627,TC002924	FBgn0031717
EJ208	TC033978	FBgn0033339
EJ210	TC008984	FBgn0032750
EJ213	TC000614	FBgn0050382,FBgn0263121
EJ216	TC034701	FBgn0065108
EJ218	TC002074	FBgn0262117
EJ219	TC010332	FBgn0039252
EJ22W	TC015711	FBgn0039797,FBgn0262734
EJ236	TC030628	FBgn0266518
EJ237	TC003908	FBgn0261703,FBgn0002723
EJ23A	TC012466	FBgn0037664
EJ23C	TC012860	FBgn0039303
EJ23D	TC015632	FBgn0266438
EJ243	TC006794	FBgn0033883
EJ244	TC032332	FBgn0004839
EJ245	TC007793	FBgn0023529
EJ247	TC011458,TC001642	FBgn0038827
EJ249	TC013217	FBgn0067783
EJ24A	TC030607	FBgn0001978
EJ24B	TC033958	FBgn0024985
EJ24C	TC007892	FBgn0031061
EJ24E	TC002305	FBgn0025879
EJ24F	TC010772	FBgn0027086
EJ24M	TC003366	FBgn0027360,FBgn0260223
EJ24U	TC032256	FBgn0028664,FBgn0035521,FBgn0028663
EJ251	TC006524	FBgn0044511
EJ254	TC033243,TC033104	FBgn0031866
EJ256	TC031245	FBgn0265356
EJ258	TC011938	FBgn0051523
EJ25A	TC011231	FBgn0003388
EJ25B	TC014274	FBgn0003312
EJ25C	TC011477,TC033344	FBgn0053556
EJ25D	TC001074	FBgn0262866
EJ25E	TC011064	FBgn0004646
EJ25F	TC009851	FBgn0031816
EJ25G	TC014468	FBgn0004837
EJ25H	TC000667	FBgn0039271
EJ25I	TC014753	FBgn0032690
EJ25J	TC006173	FBgn0036104
EJ25K	TC008173	FBgn0026876
EJ25M	TC006782	FBgn0010408
EJ25S	TC000827	FBgn0264491
EJ25T	TC007759	FBgn0286511
EJ25U	TC005583	FBgn0019932
EJ25V	TC002825	FBgn0261850
EJ25Y	TC000380	FBgn0038869
EJ261	TC014814	FBgn0061476
EJ262	TC016196	FBgn0027602
EJ26C	TC011346	FBgn0029944
EJ26Y	TC033301	FBgn0037262
EJ270	TC013470	FBgn0031670
EJ271	TC013603	FBgn0030411
EJ27J	TC008001	FBgn0032120
EJ27Q	TC001165	FBgn0267429
EJ27R	TC033602	FBgn0025574
EJ27S	TC032726	FBgn0000108
EJ27X	TC013108	FBgn0003187
EJ27Y	TC034494,TC034951	FBgn0051611,FBgn0053871,FBgn0053873,FBgn0053875,FBgn0053877,FBgn0053879,FBgn0053883,FBgn0053885,FBgn0053887,FBgn0053889,FBgn0053891,FBgn0053893,FBgn0053895,FBgn0053897,FBgn0053899,FBgn0053901,FBgn0053903,FBgn0053905,FBgn0053907
EJ282	TC014627	FBgn0032615,FBgn0051810,FBgn0051809,FBgn0032614
EJ284	TC008708	FBgn0037121
EJ287	TC014121	FBgn0004811
EJ288	TC007300	FBgn0030798
EJ28B	TC004455	FBgn0260398
EJ297	TC014440	FBgn0263120
EJ298	TC010650	FBgn0033375
EJ299	TC006336	FBgn0053120
EJ29B	TC003389	FBgn0035591
EJ29D	TC002446	FBgn0035854
EJ29E	TC004370	FBgn0000536
EJ29F	TC002926	FBgn0036206
EJ29G	TC012859	FBgn0001989
EJ29H	TC008741	FBgn0002872
EJ2AP	TC010420	FBgn0261276
EJ2AQ	TC030766	FBgn0034611
EJ2AR	TC012055	FBgn0284257
EJ2AT	TC011390	FBgn0036381
EJ2AV	TC033825	FBgn0005636
EJ2AW	TC011081	FBgn0025571
EJ2B0	TC005675	FBgn0036801
EJ2B4	TC011697	FBgn0020378
EJ2BH	TC005447	FBgn0035420
EJ2BK	TC013241	FBgn0266411
EJ2BM	TC006821	FBgn0287182
EJ2BQ	TC015391	FBgn0036235
EJ2BT	TC009028	FBgn0031296,FBgn0086904
EJ2CV	TC008100	FBgn0030301,FBgn0265726
EJ2D4	TC005178	FBgn0261794
EJ2DF	TC011311	FBgn0000611
EJ2DG	TC000103	FBgn0267912,FBgn0011826,FBgn0010015
EJ2DI	TC033184,TC014151	FBgn0031314,FBgn0038324
EJ2DK	TC008648	FBgn0004864
EJ2DM	TC000308	FBgn0001247
EJ2DN	TC000443	FBgn0011217
EJ2DP	TC012117	FBgn0030089
EJ2DQ	TC011608	FBgn0039246,FBgn0001308
EJ2E1	TC033800	FBgn0034543
EJ2E6	TC012820	FBgn0037428
EJ2E8	TC000424	FBgn0030408
EJ2EF	TC011381	FBgn0062442
EJ2EG	TC010143,TC014179	FBgn0016059,FBgn0011259
EJ2EI	TC033109,TC014266	FBgn0035049
EJ2F6	TC034046	FBgn0263846
EJ2FC	TC032340	FBgn0037084
EJ2FD	TC033696	FBgn0085377
EJ2FG	TC001338	FBgn0002917
EJ2FH	TC008298	FBgn0032010
EJ2FI	TC009512	FBgn0033020,FBgn0032833
EJ2FJ	TC003733,TC011623,TC012854,TC032499	FBgn0033903,FBgn0033904,FBgn0033905
EJ2HE	TC014979	FBgn0260971
EJ2HF	TC006055	FBgn0025790,FBgn0036496
EJ2HT	TC013206	FBgn0035640
EJ2NY	TC013405	FBgn0031298
EJ2P0	TC011619	FBgn0030791
EJ2P2	TC007421	FBgn0260456
EJ2PC	TC000179	FBgn0262801
EJ2PH	TC014055	FBgn0001085
EJ2PJ	TC011980	FBgn0285954,FBgn0037939
EJ2PK	TC033085,TC004018	FBgn0035802
EJ2PM	TC005895	FBgn0086347
EJ2PR	TC007613	FBgn0052109
EJ2PT	TC034645	FBgn0035335
EJ2PU	TC013506	FBgn0031708
EJ2PZ	TC000889	FBgn0000015
EJ2Q4	TC011998	FBgn0003515
EJ2Q9	TC009712	FBgn0036207
EJ2QA	TC006505	FBgn0033108
EJ2QW	TC008668	FBgn0010434
EJ2QZ	TC014633	FBgn0032339
EJ2R0	TC015858	FBgn0026143
EJ2R2	TC003292	FBgn0037031
EJ2R3	TC004605	FBgn0052512
EJ2R4	TC003526	FBgn0014395
EJ2R5	TC014273	FBgn0032586
EJ2R7	TC004005	FBgn0031661
EJ2R9	TC015205	FBgn0026380
EJ2RH	TC032583	FBgn0023513
EJ2RX	TC013021	FBgn0031232
EJ2RY	TC007248	FBgn0027503
EJ2S0	TC013668	FBgn0032848
EJ2S1	TC030743	FBgn0032988
EJ2S3	TC003938	FBgn0011291
EJ2S5	TC016223	FBgn0035529
EJ2S8	TC002297	FBgn0261049
EJ2S9	TC030737	FBgn0025781
EJ2SS	TC001775	FBgn0042696
EJ2ST	TC015607	FBgn0037108
EJ2SW	TC000797	FBgn0261549
EJ2T2	TC010675	FBgn0262717
EJ2T3	TC012121	FBgn0030884
EJ2TH	TC011114	FBgn0004606
EJ2UN	TC011086	FBgn0028434
EJ2UQ	TC015077	FBgn0029999
EJ2UU	TC000069	FBgn0002284
EJ2UV	TC014574	FBgn0004066,FBgn0265606,FBgn0017556
EJ2UY	TC032174	FBgn0020912
EJ2UZ	TC031812	FBgn0036667
EJ2V2	TC033195,TC013214	FBgn0261955,FBgn0037988
EJ2V4	TC009127	FBgn0016650
EJ2W6	TC005633	FBgn0032023
EJ2WC	TC008406,TC015321	FBgn0000711,FBgn0025573,FBgn0005778,FBgn0003132,FBgn0005779,FBgn0004103,FBgn0003140,FBgn0003134,FBgn0046698,FBgn0261399
EJ2WE	TC004365	FBgn0031077
EJ2WX	TC005306	FBgn0031643
EJ2WY	TC032487	FBgn0035703
EJ2X2	TC011241	FBgn0064225
EJ2X8	TC013648	FBgn0004057,FBgn0037147
EJ2XJ	TC003007	FBgn0030697,FBgn0286813
EJ2XK	TC031486	FBgn0262975
EJ2Y8	TC002177	FBgn0032506
EJ2YW	TC006240	FBgn0086691
EJ2Z1	TC014162	FBgn0051708,FBgn0259714
EJ2ZE	TC008518	FBgn0286809
EJ2ZJ	TC013085	FBgn0037363
EJ2ZP	TC000949	FBgn0030330
EJ30H	TC004594	FBgn0031985
EJ31W	TC001365	FBgn0037878
EJ324	TC000962	FBgn0039265
EJ327	TC014213,TC016222	FBgn0031988
EJ336	TC004581	FBgn0037770
EJ338	TC011455	FBgn0039830
EJ339	TC006051	FBgn0032821
EJ33A	TC000430	FBgn0014006
EJ33B	TC012547	FBgn0040038
EJ33K	TC004437	FBgn0039241
EJ35H	TC032143	FBgn0040532
EJ35M	TC009835	FBgn0025820
EJ35N	TC014197	FBgn0052647
EJ35Z	TC007685	FBgn0039343,FBgn0031161
EJ364	TC033331	FBgn0053554
EJ368	TC011397	FBgn0263289
EJ36E	TC002550	FBgn0001078
EJ36J	TC006587	FBgn0052206
EJ36M	TC011649	FBgn0029580
EJ36Z	TC009517	FBgn0036819
EJ37A	TC003589	FBgn0029105
EJ37C	TC000528	FBgn0029874
EJ37D	TC005779	FBgn0013269
EJ37F	TC007753	FBgn0031611
EJ37J	TC011101	FBgn0037487
EJ389	TC010761	FBgn0038260,FBgn0038261,FBgn0038262,FBgn0038718,FBgn0038719,FBgn0038720,FBgn0038715,FBgn0038717,FBgn0038716
EJ38Y	TC007114	FBgn0029937
EJ38Z	TC012302	FBgn0036908
EJ390	TC011162	FBgn0050197
EJ394	TC011916	FBgn0037676
EJ398	TC009442	FBgn0034563
EJ39J	TC004144	FBgn0025740
EJ39K	TC032813	FBgn0023096
EJ39M	TC034427	FBgn0262579
EJ39Q	TC008417	FBgn0085407
EJ39V	TC003876	FBgn0263132
EJ39Z	TC009743	FBgn0267821
EJ3A1	TC015384	FBgn0259482
EJ3A2	TC014407	FBgn0031844,FBgn0039854,FBgn0039856,FBgn0039855
EJ3AT	TC031800,TC004720	FBgn0032640
EJ3AV	TC006245	FBgn0028683
EJ3AW	TC002343	FBgn0035258
EJ3B2	TC010099	FBgn0002306
EJ3B7	TC012247,TC001850	FBgn0034240
EJ3BA	TC003222	FBgn0038747
EJ3BF	TC003690	FBgn0030853,FBgn0036706
EJ3BG	TC030738	FBgn0002914
EJ3BH	TC003450	FBgn0035726
EJ3BI	TC033645	FBgn0039117
EJ3BK	TC002917	FBgn0029768
EJ3BP	TC001098	FBgn0264694,FBgn0034651
EJ3BQ	TC033605,TC033606	FBgn0261561
EJ3BR	TC033265	FBgn0031529
EJ3BX	TC009507	FBgn0036557
EJ3C9	TC000791	FBgn0040827
EJ3D0	TC008801	FBgn0261797
EJ3DD	TC008032	FBgn0263079
EJ3DI	TC000357	FBgn0039151
EJ3F2	TC002742	FBgn0032409
EJ3F3	TC012481	FBgn0259704,FBgn0259705
EJ3F4	TC015839	FBgn0040394
EJ3F9	TC034407	FBgn0028689
EJ3FN	TC002507	FBgn0010355
EJ3FP	TC004596,TC002351	FBgn0036082,FBgn0017418
EJ3FR	TC012345	FBgn0000541
EJ3FS	TC014024	FBgn0032901
EJ3G3	TC007514	FBgn0030873
EJ3HD	TC030601	FBgn0038951
EJ3IA	TC008058	FBgn0030304
EJ3J3	TC006261	FBgn0260388
EJ3J6	TC012275	FBgn0026149
EJ3JK	TC008513	FBgn0031941,FBgn0010612
EJ3JQ	TC011336	FBgn0010433
EJ3JS	TC002171	FBgn0013433
EJ3JZ	TC012371	FBgn0038168
EJ3K2	TC013937	FBgn0266284
EJ3K6	TC001129	FBgn0038247
EJ3K8	TC003838	FBgn0026250
EJ3M0	TC005307	FBgn0037009
EJ3M3	TC003651	FBgn0051465
EJ3M4	TC034644	FBgn0025613
EJ3NF	TC005658	FBgn0034942
EJ3NG	TC014315	FBgn0032590
EJ3NI	TC001348	FBgn0030063
EJ3NJ	TC001039	FBgn0039734
EJ3NN	TC013916	FBgn0036510
EJ3NP	TC030666	FBgn0039857
EJ3NS	TC006272	FBgn0039461
EJ3NV	TC031480	FBgn0027358
EJ3P1	TC009538	FBgn0289323
EJ3P9	TC003442	FBgn0035141
EJ3PB	TC006360	FBgn0011584
EJ3PC	TC009381	FBgn0020270
EJ3PD	TC000685	FBgn0011225
EJ3PE	TC008956	FBgn0000581
EJ3Q3	TC002095	FBgn0034730,FBgn0030795
EJ3Q5	TC034155	FBgn0283480,FBgn0034710,FBgn0030661,FBgn0035619,FBgn0043791,FBgn0038845,FBgn0033423,FBgn0283479,FBgn0034712,FBgn0035620
EJ3Q6	TC032576	FBgn0260934
EJ3Q8	TC033097,TC000961,TC002141,TC013187	FBgn0039532,FBgn0010341,FBgn0010333,FBgn0014011
EJ3Q9	TC012576	FBgn0030384,FBgn0015024,FBgn0037325,FBgn0032650
EJ3QA	TC001192	FBgn0260635
EJ3QC	TC010824	FBgn0001987
EJ3QD	TC033444	FBgn0004510
EJ3QE	TC003158	FBgn0036566
EJ3QG	TC006375	FBgn0028688
EJ3QK	TC031157	FBgn0014859
EJ3R7	TC000615	FBgn0029736
EJ3RC	TC011462	FBgn0028400
EJ3RD	TC010160	FBgn0031950
EJ3RG	TC030643	FBgn0038332
EJ3RU	TC005167	FBgn0026179
EJ3RW	TC031972	FBgn0263599
EJ3RX	TC034734	FBgn0038344
EJ3S0	TC030784	FBgn0023507
EJ3S2	TC014995	FBgn0027575
EJ3SD	TC011165	FBgn0027654
EJ3SG	TC000509	FBgn0261792
EJ3SH	TC031229	FBgn0031702
EJ3SI	TC002308	FBgn0000206
EJ3SM	TC014251	FBgn0266346
EJ3T4	TC033876	FBgn0083984
EJ3T8	TC004886	FBgn0021895
EJ3TC	TC006258,TC006259	FBgn0033677
EJ3TX	TC031676,TC031677,TC031801,TC034365,TC033516,TC031048,TC013409,TC016281,TC002278	FBgn0031171,FBgn0031170,FBgn0261998,FBgn0031169,FBgn0051213,FBgn0034493
EJ3TZ	TC033599,TC014664,TC009375	FBgn0041181,FBgn0267488
EJ3U1	TC012253	FBgn0032456
EJ3UR	TC002356	FBgn0032231
EJ3UT	TC033106	FBgn0038894
EJ3V1	TC001740	FBgn0032435
EJ3WB	TC030569	FBgn0031378
EJ3WC	TC004401	FBgn0052683
EJ3WD	TC011399	FBgn0031023
EJ3XB	TC011683,TC010636	FBgn0032775,FBgn0031813
EJ3XC	TC014806	FBgn0262160
EJ3XE	TC005099	FBgn0003204
EJ3YM	TC001043	FBgn0037756
EJ3YT	TC007870	FBgn0031885
EJ3YU	TC009544	FBgn0037622
EJ3YV	TC005909	FBgn0036838
EJ3YY	TC011637	FBgn0262937
EJ3ZD	TC003016	FBgn0003449
EJ3ZF	TC003446	FBgn0287767
EJ3ZG	TC011119	FBgn0037955
EJ3ZH	TC010830,TC001281	FBgn0261592
EJ3ZI	TC012367	FBgn0262617
EJ41W	TC032822	FBgn0028410,FBgn0003371
EJ42J	TC032195	FBgn0011725
EJ42K	TC001741	FBgn0020307
EJ42M	TC004768	FBgn0003862
EJ42N	TC009284	FBgn0262728
EJ42R	TC009275	FBgn0265416
EJ443	TC014181	FBgn0020391
EJ445	TC002136	FBgn0036579
EJ449	TC016315	FBgn0287585
EJ44B	TC033971	FBgn0038769,FBgn0259742
EJ44C	TC012909	FBgn0283682
EJ44E	TC013915	FBgn0085413
EJ44F	TC002791	FBgn0036004
EJ44M	TC030760	FBgn0027329
EJ44R	TC015948	FBgn0003317
EJ44T	TC015778,TC009312,TC005107	FBgn0030241,FBgn0030242
EJ44U	TC014227	FBgn0034951
EJ44W	TC032806	FBgn0262685
EJ44Y	TC009809	FBgn0010223
EJ450	TC015634	FBgn0011715
EJ452	TC013546	FBgn0003545
EJ45N	TC005215	FBgn0035020
EJ45Q	TC015585	FBgn0024912
EJ45T	TC015947	FBgn0034032
EJ45X	TC032492	FBgn0039664
EJ45Y	TC009325	FBgn0016013
EJ460	TC007113	FBgn0021875
EJ461	TC004122	FBgn0039589
EJ462	TC010866	FBgn0037391
EJ46P	TC014962	FBgn0260475,FBgn0033836,FBgn0033834
EJ46V	TC006470	FBgn0037382
EJ46W	TC003204	FBgn0036691
EJ46X	TC004293	FBgn0025700
EJ46Y	TC015064	FBgn0030364,FBgn0036057
EJ46Z	TC006185	FBgn0039669,FBgn0030718
EJ470	TC030591	FBgn0031060
EJ471	TC005833	FBgn0034299
EJ474	TC004385	FBgn0039726
EJ47B	TC011620	FBgn0020369,FBgn0039788
EJ47E	TC013117	FBgn0034614
EJ47R	TC033716,TC033716	FBgn0034903
EJ47W	TC011128	FBgn0032457,FBgn0031738
EJ48C	TC033955	FBgn0036210
EJ48E	TC034898	FBgn0263602
EJ48F	TC008472	FBgn0029137
EJ48K	TC004730,TC010157	FBgn0004888,FBgn0038708
EJ48M	TC001814	FBgn0033289
EJ490	TC032268	FBgn0260755
EJ491	TC002930	FBgn0037359
EJ493	TC010519	FBgn0086706
EJ496	TC004373	FBgn0032514
EJ498	TC031538	FBgn0029995
EJ499	TC031208	FBgn0033050
EJ49Y	TC005471	FBgn0027872
EJ4A5	TC012681	FBgn0038321
EJ4AH	TC003899	FBgn0038704
EJ4AI	TC008477	FBgn0085437
EJ4AX	TC015310	FBgn0000071,FBgn0010238
EJ4CA	TC031335	FBgn0038511
EJ4CB	TC003478	FBgn0034053
EJ4CE	TC007124	FBgn0039402
EJ4CS	TC032302,TC003280,TC002547	FBgn0035811
EJ4D0	TC010177	FBgn0266720,FBgn0011288
EJ4D3	TC010518	FBgn0030687
EJ4DV	TC010418	FBgn0031321
EJ4FC	TC014708	FBgn0030505
EJ4H0	TC001266	FBgn0052816
EJ4H1	TC032169,TC032170,TC032168	FBgn0030412
EJ4H2	TC013312,TC013311	FBgn0035231,FBgn0041342
EJ4H4	TC008118	FBgn0045073
EJ4H9	TC009582	FBgn0004875
EJ4HN	TC033787	FBgn0043012
EJ4IM	TC006663	FBgn0036984
EJ4J5	TC006532	FBgn0051674
EJ4K9	TC010847,TC001380	FBgn0011270,FBgn0014869
EJ4KA	TC005819	FBgn0032907
EJ4KB	TC004244	FBgn0039581
EJ4KC	TC008154	FBgn0001404
EJ4KD	TC004384	FBgn0261285
EJ4KE	TC013780	FBgn0030447
EJ4KP	TC001941	FBgn0036493
EJ4KX	TC011749	FBgn0004863
EJ4KY	TC015452	FBgn0037660
EJ4KZ	TC010770	FBgn0010620
EJ4M1	TC001631	FBgn0033984
EJ4M5	TC014053	FBgn0035031
EJ4M6	TC012880	FBgn0035260
EJ4M7	TC009748	FBgn0260480
EJ4M8	TC006987	FBgn0039625
EJ4MC	TC010506	FBgn0033778
EJ4MD	TC007628	FBgn0030607,FBgn0036449
EJ4MF	TC004574	FBgn0011768
EJ4MP	TC015609,TC015610	FBgn0287725
EJ4N3	TC005174	FBgn0031217
EJ4N4	TC009818	FBgn0020278
EJ4N9	TC001643	FBgn0029948,FBgn0030734,FBgn0037498
EJ4ND	TC011537	FBgn0032447
EJ4NE	TC008623	FBgn0039557
EJ4NH	TC009966	FBgn0030733,FBgn0039576
EJ4NN	TC001099	FBgn0038388
EJ4NP	TC032546	FBgn0039218
EJ4NW	TC011223	FBgn0039068
EJ4NZ	TC016111	FBgn0035194
EJ4P0	TC014054	FBgn0031663
EJ4P3	TC003497,TC002904	FBgn0030465
EJ4P4	TC032722,TC007845	FBgn0036575
EJ4P5	TC000956	FBgn0023216
EJ4P6	TC005610	FBgn0031815
EJ4P8	TC033237	FBgn0261647
EJ4P9	TC012805	FBgn0036036
EJ4PA	TC011234	FBgn0038976
EJ4PD	TC012190	FBgn0038678
EJ4R4	TC012175	FBgn0025716
EJ4R7	TC007751	FBgn0016976
EJ4R9	TC001742	FBgn0034717
EJ4RB	TC011920	FBgn0036298
EJ4RC	TC005794	FBgn0036828
EJ4S6	TC008567	FBgn0039536
EJ4S7	TC016299	FBgn0041713
EJ4SB	TC009602	FBgn0035669
EJ4SN	TC033640	FBgn0034070
EJ4TQ	TC032551	FBgn0051922
EJ4TX	TC001724	FBgn0010309
EJ4UQ	TC004432	FBgn0050181
EJ4V2	TC032686	FBgn0053208
EJ4V4	TC008958	FBgn0033906,FBgn0039371
EJ4VE	TC014100	FBgn0260653
EJ4VV	TC013056	FBgn0286222,FBgn0029890,FBgn0036162
EJ4VY	TC033633	FBgn0031148
EJ4VZ	TC008457	FBgn0041707
EJ4W1	TC005987	FBgn0036734
EJ4W4	TC011159	FBgn0039635
EJ4W7	TC009817	FBgn0039214
EJ4W8	TC034455,TC008473,TC015480	FBgn0031250
EJ4WA	TC015726	FBgn0036212,FBgn0023177
EJ4WB	TC032346	FBgn0036043
EJ4WR	TC009680	FBgn0286852
EJ4WV	TC009427	FBgn0036893
EJ4WW	TC002603,TC002602	FBgn0262740
EJ4WX	TC003133	FBgn0029663
EJ4X0	TC002347	FBgn0010414
EJ4X1	TC015822	FBgn0001257
EJ4X2	TC013683	FBgn0015245,FBgn0011244,FBgn0031728,FBgn0032525
EJ4X4	TC001152	FBgn0031037
EJ4XA	TC001270	FBgn0001319
EJ4XQ	TC007382	FBgn0033252
EJ4XT	TC002894	FBgn0037071
EJ4XX	TC000130	FBgn0029993,FBgn0032520,FBgn0036195
EJ4Y1	TC006536	FBgn0259162
EJ4Y3	TC032606	FBgn0263239
EJ4Y7	TC007602	FBgn0065035
EJ4YK	TC000195	FBgn0034422
EJ4YN	TC034844,TC005664	FBgn0033785
EJ4ZF	TC000067,TC003231,TC003232,TC003233,TC003496,TC013948	FBgn0010226
EJ4ZG	TC002601	FBgn0001145
EJ4ZH	TC014076	FBgn0011723
EJ4ZI	TC000458	FBgn0032005
EJ4ZJ	TC003192	FBgn0029117
EJ4ZQ	TC008128	FBgn0051950
EJ4ZR	TC033943	FBgn0085450
EJ4ZS	TC010126	FBgn0025630
EJ4ZV	TC034379,TC012529	FBgn0037818,FBgn0039049
EJ504	TC030725	FBgn0000239
EJ508	TC015663	FBgn0053182
EJ50B	TC009911,TC005661	FBgn0026058,FBgn0024184,FBgn0020617
EJ516	TC015114	FBgn0260744
EJ51K	TC015071	FBgn0038763
EJ51M	TC000821	FBgn0032116
EJ52N	TC013614	FBgn0024321
EJ52V	TC004585	FBgn0027596
EJ554	TC006688	FBgn0040268
EJ556	TC030768	FBgn0039153
EJ55A	TC016323	FBgn0040319
EJ55B	TC013123	FBgn0037008
EJ55E	TC015675	FBgn0011297
EJ561	TC007197,TC008308	FBgn0052698,FBgn0029962
EJ56K	TC034722	FBgn0027529
EJ56M	TC008028	FBgn0003965
EJ56N	TC008343	FBgn0025682
EJ56Q	TC003259	FBgn0085484,FBgn0085485
EJ56R	TC013609	FBgn0003210
EJ56X	TC034606	FBgn0033092
EJ56Y	TC032387	FBgn0053276
EJ56Z	TC002433	FBgn0010808
EJ571	TC014777	FBgn0266668
EJ572	TC008734	FBgn0039527
EJ573	TC014517	FBgn0037838
EJ574	TC011785	FBgn0011591
EJ576	TC030996	FBgn0038055
EJ577	TC016033	FBgn0025725
EJ578	TC006665	FBgn0034585
EJ57F	TC010448	FBgn0004654
EJ57G	TC008369	FBgn0037992
EJ57I	TC033497,TC005102	FBgn0034570
EJ57T	TC007698	FBgn0031979
EJ57W	TC003766	FBgn0039149
EJ580	TC033801	FBgn0034506
EJ58K	TC033525	FBgn0036289
EJ58P	TC014963	FBgn0022069
EJ58T	TC009164	FBgn0034859
EJ58V	TC000219	FBgn0034938
EJ59A	TC000871	FBgn0031879
EJ59C	TC034925	FBgn0015278
EJ59D	TC014773	FBgn0261563
EJ59G	TC004764	FBgn0032683
EJ59H	TC007721	FBgn0265597
EJ59M	TC004865	FBgn0038046
EJ5A0	TC031283	FBgn0262111
EJ5A3	TC013082	FBgn0032350
EJ5A4	TC013927	FBgn0004913
EJ5A9	TC007718	FBgn0023097
EJ5AA	TC007651	FBgn0032475
EJ5AC	TC030733	FBgn0030114
EJ5AE	TC000584	FBgn0038590
EJ5AF	TC010120	FBgn0042083
EJ5AH	TC000746	FBgn0032321
EJ5AJ	TC032222	FBgn0005386
EJ5AK	TC012724	FBgn0039828
EJ5AM	TC013075	FBgn0035983
EJ5AN	TC007706	FBgn0265464
EJ5AP	TC012378	FBgn0034109
EJ5AR	TC003392	FBgn0019949
EJ5BH	TC016322	FBgn0035624
EJ5BS	TC009180,TC009624	FBgn0034580,FBgn0034582,FBgn0022700
EJ5BT	TC009872	FBgn0022702
EJ5BU	TC030877	FBgn0052183
EJ5CK	TC031314	FBgn0010317
EJ5CQ	TC033493,TC010172,TC009706	FBgn0013276,FBgn0013275,FBgn0051354,FBgn0013278,FBgn0013279,FBgn0013277,FBgn0001230
EJ5CR	TC031639	FBgn0001216,FBgn0266599
EJ5CS	TC000188	FBgn0001217
EJ5CU	TC030085	FBgn0000500
EJ5CV	TC013686	FBgn0261983
EJ5CX	TC030048	FBgn0263911
EJ5D4	TC011533	FBgn0035797
EJ5D5	TC011468	FBgn0027378
EJ5D6	TC002647	FBgn0033564
EJ5D9	TC034199	FBgn0050104,FBgn0034225
EJ5DA	TC012663	FBgn0037550
EJ5DB	TC006775	FBgn0263979
EJ5DC	TC015176	FBgn0030670
EJ5DD	TC031285	FBgn0261787
EJ5DE	TC008664	FBgn0027607
EJ5EI	TC009896	FBgn0001269
EJ5F0	TC034112	FBgn0264087
EJ5G6	TC003817	FBgn0024909
EJ5GX	TC002264	FBgn0004575
EJ5HP	TC013803	FBgn0010583
EJ5HQ	TC000050	FBgn0001961
EJ5I5	TC009939	FBgn0037297
EJ5IB	TC009571	FBgn0015929
EJ5IE	TC034105	FBgn0038638
EJ5IH	TC011230	FBgn0261053
EJ5K2	TC003194	FBgn0003326
EJ5K5	TC001600	FBgn0015797
EJ5KP	TC009322	FBgn0024360
EJ5KR	TC000368	FBgn0259210
EJ5KT	TC016037	FBgn0031194
EJ5KV	TC007441	FBgn0259818
EJ5MA	TC015960	FBgn0037743
EJ5MC	TC032790	FBgn0042085
EJ5N4	TC007684	FBgn0261383
EJ5N9	TC006640	FBgn0035921
EJ5NF	TC008645	FBgn0053527
EJ5NK	TC015652	FBgn0038073
EJ5NM	TC008372	FBgn0284253
EJ5NN	TC002437	FBgn0035410
EJ5NP	TC010526	FBgn0263113
EJ5NR	TC015329	FBgn0025709,FBgn0033371
EJ5NY	TC014955	FBgn0050268,FBgn0050275
EJ5PA	TC009536	FBgn0033341
EJ5PD	TC031364	FBgn0031606
EJ5PG	TC002371	FBgn0015360
EJ5PJ	TC014680	FBgn0028479
EJ5PM	TC011312	FBgn0035879
EJ5PN	TC004130	FBgn0005564
EJ5PP	TC008970	FBgn0022343
EJ5PQ	TC010409	FBgn0038401
EJ5PR	TC033413	FBgn0051716
EJ5PS	TC006298	FBgn0038358
EJ5PU	TC032218,TC000585	FBgn0063649
EJ5PW	TC005007	FBgn0040347
EJ5PY	TC031381,TC008066	FBgn0028497
EJ5QB	TC014859	FBgn0051223
EJ5QD	TC007984	FBgn0029885
EJ5S9	TC006481	FBgn0266129
EJ5SA	TC015763	FBgn0283712
EJ5SB	TC034622	FBgn0265182
EJ5SD	TC006624	FBgn0032157
EJ5SE	TC012731	FBgn0019960
EJ5SF	TC011979	FBgn0036761
EJ5SJ	TC012655	FBgn0038244
EJ5SK	TC007221	FBgn0032250
EJ5SP	TC010559	FBgn0001986
EJ5SQ	TC015129	FBgn0037326
EJ5T3	TC033691	FBgn0034168
EJ5TA	TC011555	FBgn0039816
EJ5TE	TC006555	FBgn0038660
EJ5TP	TC032393,TC004513	FBgn0031545,FBgn0035097
EJ5UP	TC034674,TC031360	FBgn0032629,FBgn0053179,FBgn0265607,FBgn0051806
EJ5UT	TC013349	FBgn0039408
EJ5UX	TC008291	FBgn0010473
EJ5UY	TC010113	FBgn0004197
EJ5UZ	TC012736	FBgn0037242
EJ5V4	TC015532	FBgn0004648
EJ5VA	TC032561,TC002621,TC002620	FBgn0027339
EJ5VZ	TC005976	FBgn0030926,FBgn0030925
EJ5W0	TC032630	FBgn0032911
EJ5XC	TC031642	FBgn0032536
EJ5XE	TC015428	FBgn0037999,FBgn0038742
EJ5Y2	TC011648	FBgn0028980
EJ5Y5	TC001615	FBgn0000927
EJ5Y7	TC008650	FBgn0085512
EJ5YU	TC011975	FBgn0030863
EJ5YW	TC001073	FBgn0284436
EJ5ZM	TC009067	FBgn0038950
EJ5ZU	TC006112	FBgn0250819
EJ5ZX	TC008409	FBgn0029833
EJ5ZY	TC006485	FBgn0036839
EJ5ZZ	TC014809	FBgn0035244
EJ600	TC007575	FBgn0051390
EJ601	TC016274	FBgn0029676,FBgn0260484
EJ602	TC002857	FBgn0002069
EJ603	TC003196	FBgn0000028
EJ604	TC000138	FBgn0035166
EJ60A	TC011844,TC004405	FBgn0010173
EJ60B	TC011849,TC011982	FBgn0037612
EJ60F	TC008324	FBgn0027087
EJ60G	TC000101	FBgn0030467
EJ620	TC000232	FBgn0259167
EJ636	TC008273	FBgn0033844
EJ637	TC001885	FBgn0002673,FBgn0003525
EJ639	TC008438	FBgn0030954
EJ63D	TC013096	FBgn0031865
EJ63F	TC015856	FBgn0001941
EJ65H	TC033705,TC033704,TC033822,TC014909,TC009018,TC009017,TC009015,TC016296,TC011196	FBgn0036659
EJ65P	TC032684	FBgn0033429
EJ65Z	TC014173	FBgn0038948
EJ661	TC005123,TC005122	FBgn0036824
EJ663	TC032628	FBgn0026713
EJ664	TC014454	FBgn0283659
EJ666	TC007167,TC009877	FBgn0033524
EJ668	TC009819	FBgn0035978
EJ669	TC013912	FBgn0261823
EJ66B	TC009165	FBgn0034002
EJ66C	TC014742	FBgn0035626
EJ66E	TC030680	FBgn0262467
EJ66F	TC030543	FBgn0040337
EJ66G	TC012179	FBgn0264691
EJ66H	TC032946	FBgn0259216
EJ66J	TC012579,TC012580	FBgn0026404
EJ66K	TC031573	FBgn0030739
EJ67A	TC010266	FBgn0016684
EJ67B	TC013785	FBgn0038402
EJ67E	TC015852	FBgn0050053
EJ67Q	TC003648	FBgn0035540
EJ67X	TC003008	FBgn0267398
EJ684	TC005638,TC005637	FBgn0033061
EJ691	TC000666,TC000665,TC000664,TC000887	FBgn0035154
EJ69Q	TC012437	FBgn0015623
EJ69V	TC010781	FBgn0033192
EJ6AH	TC003060,TC003374,TC008552	FBgn0036601,FBgn0036602,FBgn0036600,FBgn0036599
EJ6AJ	TC002258	FBgn0037252
EJ6AM	TC003141	FBgn0036451
EJ6B9	TC016058	FBgn0030569
EJ6BP	TC035050,TC035051,TC010035,TC008781,TC008780	FBgn0051148,FBgn0051414
EJ6BU	TC001887	FBgn0028863
EJ6BW	TC032737	FBgn0083960,FBgn0083961
EJ6C0	TC003426	FBgn0033074,FBgn0016041
EJ6C1	TC001759	FBgn0262562
EJ6CV	TC006029	FBgn0011202
EJ6D9	TC009390	FBgn0021995
EJ6DC	TC030748	FBgn0265003
EJ6E0	TC007583	FBgn0261090
EJ6ED	TC000182	FBgn0028341
EJ6EF	TC031561	FBgn0015269
EJ6EG	TC005572	FBgn0026323,FBgn0039015
EJ6EI	TC012563	FBgn0000566
EJ6EJ	TC009380	FBgn0033117
EJ6EP	TC015353	FBgn0030891
EJ6ET	TC012037	FBgn0037383
EJ6EV	TC014017	FBgn0024234
EJ6H4	TC004834	FBgn0023212
EJ6H5	TC010496	FBgn0037801
EJ6H7	TC006355	FBgn0028572
EJ6H9	TC014638	FBgn0083978
EJ6HI	TC033046	FBgn0259212
EJ6HR	TC031449,TC009364,TC011003,TC001950,TC011000,TC010999	FBgn0034229,FBgn0013770,FBgn0033874,FBgn0033873
EJ6IR	TC013062	FBgn0032850
EJ6J4	TC030688	FBgn0052672
EJ6J9	TC005314	FBgn0026379
EJ6MD	TC002784	FBgn0016983
EJ6N2	TC011550	FBgn0034650
EJ6N3	TC009858	FBgn0022027
EJ6N6	TC034363,TC033335,TC002721,TC003368,TC014125,TC013680,TC013679,TC010423,TC014641,TC009412,TC015992,TC012662,TC012495,TC012498,TC012499,TC012500,TC012501,TC012503,TC012504,TC012502	FBgn0015036,FBgn0035344,FBgn0030367,FBgn0030615,FBgn0031693,FBgn0031695,FBgn0015032,FBgn0015034,FBgn0031694,FBgn0023541,FBgn0035790,FBgn0014469,FBgn0011576
EJ6NM	TC013907	FBgn0035945
EJ6NT	TC014936	FBgn0031947
EJ6NV	TC012074	FBgn0002973
EJ6NW	TC000766	FBgn0052441
EJ6NX	TC010664	FBgn0035483
EJ6NZ	TC016256	FBgn0039026
EJ6PU	TC015802	FBgn0037902
EJ6PX	TC015204	FBgn0002566
EJ6PZ	TC032289,TC032288	FBgn0261445
EJ6Q0	TC012164	FBgn0037689
EJ6Q1	TC004701	FBgn0038181
EJ6Q2	TC003400	FBgn0040370
EJ6Q9	TC003532	FBgn0033872
EJ6QG	TC016369	FBgn0040534
EJ6R5	TC002447	FBgn0043458
EJ6R9	TC011099	FBgn0034253
EJ6RA	TC008156	FBgn0259146
EJ6RF	TC004960	FBgn0015000
EJ6RM	TC014904,TC000399	FBgn0011672
EJ6RP	TC014184	FBgn0283508
EJ6RS	TC000165	FBgn0058470
EJ6RU	TC012908	FBgn0032358
EJ6RV	TC002460,TC002459	FBgn0031484
EJ6RX	TC009113	FBgn0015793
EJ6RY	TC002887	FBgn0002791
EJ6S0	TC034053	FBgn0039972
EJ6S2	TC005073	FBgn0003165
EJ6S3	TC000885	FBgn0039647
EJ6S4	TC030751	FBgn0037293
EJ6S7	TC012213	FBgn0032455
EJ6S8	TC001292	FBgn0041147
EJ6SI	TC014640	FBgn0023540
EJ6SJ	TC007934	FBgn0024814
EJ6SK	TC008587	FBgn0039115
EJ6SM	TC014752	FBgn0020304
EJ6SN	TC014200	FBgn0040318
EJ6SR	TC004744	FBgn0013750
EJ6SS	TC001186	FBgn0044028
EJ6SV	TC005723	FBgn0027054
EJ6SW	TC008961	FBgn0037554
EJ6SX	TC001417	FBgn0032289
EJ6SZ	TC007682	FBgn0052238,FBgn0030823
EJ6T1	TC030948	FBgn0030466
EJ6TK	TC011639	FBgn0024944
EJ6TP	TC005423	FBgn0033716,FBgn0031157
EJ6TT	TC008297	FBgn0032172
EJ6TU	TC001758	FBgn0003710
EJ6TV	TC008014	FBgn0035872
EJ6TZ	TC007254	FBgn0030167
EJ6U1	TC033299	FBgn0023215
EJ6U8	TC032716	FBgn0036450
EJ6U9	TC009661	FBgn0031607
EJ6UB	TC011611	FBgn0262872
EJ6UD	TC006152	FBgn0041781
EJ6UM	TC006163	FBgn0032261
EJ6UN	TC013304	FBgn0035379
EJ6UQ	TC014167	FBgn0035140
EJ6UT	TC012810	FBgn0037418
EJ6VA	TC007009	FBgn0259824
EJ6VB	TC007992	FBgn0010235
EJ6VC	TC004785,TC014333	FBgn0032229
EJ6VD	TC007046	FBgn0032208
EJ6VF	TC031473	FBgn0023143
EJ6VT	TC001017	FBgn0039196,FBgn0039195
EJ6VV	TC002315	FBgn0001138
EJ6W5	TC001090	FBgn0038343
EJ6W7	TC013315	FBgn0034647
EJ6WP	TC004697	FBgn0262582
EJ6WQ	TC001101	FBgn0030855
EJ6WT	TC031511	FBgn0260386
EJ6WU	TC005702	FBgn0027558
EJ6X8	TC000522	FBgn0250732
EJ6XZ	TC000167	FBgn0036534
EJ6ZB	TC011808	FBgn0261931
EJ6ZC	TC010477	FBgn0027587
EJ6ZD	TC011848	FBgn0010399
EJ6ZF	TC000593	FBgn0038118
EJ6ZM	TC010407	FBgn0003117
EJ6ZQ	TC011082	FBgn0005278
EJ709	TC011254	FBgn0039349
EJ716	TC015681,TC015682	FBgn0027376
EJ71A	TC033242,TC014722	FBgn0287724
EJ71D	TC016367	FBgn0028916
EJ71E	TC014113	FBgn0001942
EJ72C	TC004026,TC004027,TC005905,TC005904,TC006463	FBgn0029807,FBgn0029804,FBgn0030815,FBgn0035779,FBgn0035780,FBgn0035781,FBgn0052379,FBgn0259149,FBgn0035791,FBgn0035777,FBgn0035776
EJ72D	TC004877,TC004510,TC004878,TC004879,TC004881,TC004882,TC005687,TC005686	FBgn0027552,FBgn0035476,FBgn0036183,FBgn0086254,FBgn0058064,FBgn0036290
EJ72F	TC034263,TC001106	FBgn0050361
EJ72N	TC006219,TC006918	FBgn0039008
EJ72S	TC005733	FBgn0038205
EJ72X	TC030690	FBgn0027785
EJ738	TC014134	FBgn0031945
EJ73E	TC016310	FBgn0036681
EJ73P	TC007423	FBgn0031871
EJ742	TC008294	FBgn0037094
EJ74H	TC031226,TC012250	FBgn0031399
EIQVC	TC001602	FBgn0259176
EJ74N	TC000543	FBgn0264562
EJ74Q	TC034076	FBgn0045852
EJ751	TC014717	FBgn0260965
EJ754	TC001564	FBgn0039420,FBgn0266100
EJ75R	TC002609	FBgn0263395
EJ75S	TC011976	FBgn0000527
EJ75U	TC032041,TC034550,TC014422,TC010604	FBgn0260006
EJ75V	TC005584	FBgn0028982
EJ75W	TC008474	FBgn0030053
EJ75X	TC014994	FBgn0026207
EJ75Z	TC030775	FBgn0039925
EJ770	TC005359	FBgn0031347
EJ775	TC013137	FBgn0033730
EJ77B	TC032957	FBgn0023170
EJ77W	TC011809	FBgn0030743
EJ77X	TC007080,TC000089	FBgn0024366
EJ78D	TC009614	FBgn0025642,FBgn0038186,FBgn0037358
EJ78R	TC000542	FBgn0014427
EJ794	TC014310	FBgn0030486
EJ7A4	TC007101	FBgn0004919
EJ7A7	TC000384	FBgn0044020
EJ7A9	TC007855	FBgn0032478
EJ7AF	TC011138	FBgn0267033
EJ7AM	TC034185,TC034188,TC034829,TC034830,TC001546,TC005385,TC005384,TC005352,TC005351,TC006441,TC006442,TC006444,TC006445,TC015218	FBgn0015040,FBgn0038037,FBgn0033775,FBgn0015039,FBgn0015038,FBgn0038034
EJ7AS	TC005912	FBgn0029642,FBgn0032805
EJ7AX	TC015974	FBgn0038420
EJ7AY	TC003223	FBgn0030360
EJ7B0	TC032034	FBgn0030660
EJ7BC	TC016309	FBgn0001099
EJ7BI	TC001555	FBgn0035235
EJ7BK	TC001510	FBgn0034249
EJ7BT	TC009191	FBgn0262125
EJ7BW	TC034764	FBgn0033373
EJ7BX	TC003119	FBgn0038313
EJ7C1	TC012687	FBgn0027889
EJ7C3	TC003645	FBgn0036896
EJ7CF	TC007822,TC004640	FBgn0033494
EJ7CH	TC005714	FBgn0034488
EJ7CJ	TC003251	FBgn0052174
EJ7CM	TC015584	FBgn0028744
EJ7CT	TC003653	FBgn0050394
EJ7D6	TC014579	FBgn0032248,FBgn0032291
EJ7D7	TC007758	FBgn0085443
EJ7DC	TC008728	FBgn0011211
EJ7DD	TC007661	FBgn0036713
EJ7E7	TC010850	FBgn0011656
EJ7E8	TC015781	FBgn0037926
EJ7E9	TC034193	FBgn0036463
EJ7EA	TC014244,TC004751,TC004752	FBgn0004378,FBgn0052318
EJ7EB	TC013536	FBgn0029897
EJ7EC	TC016216	FBgn0038056
EJ7ED	TC010444	FBgn0039558
EJ7EF	TC001760	FBgn0014135
EJ7EK	TC007854	FBgn0032477
EJ7EP	TC030687	FBgn0051908
EJ7EQ	TC001524	FBgn0086710
EJ7ET	TC006116	FBgn0004003
EJ7EU	TC012785	FBgn0004910
EJ7EZ	TC000316	FBgn0038422
EJ7F3	TC031207	FBgn0003175
EJ7F4	TC033827	FBgn0034446
EJ7F5	TC013451	FBgn0032298
EJ7F7	TC008754	FBgn0038471,FBgn0038861
EJ7F8	TC002968	FBgn0026196
EJ7F9	TC031939	FBgn0030054
EJ7FA	TC009914	FBgn0034936
EJ7FC	TC030785	FBgn0064126
EJ7FD	TC031558,TC031559	FBgn0259986
EJ7FN	TC005233	FBgn0002719,FBgn0034127
EJ7FP	TC032584	FBgn0263776
EJ7FV	TC006372	FBgn0003482
EJ7GJ	TC033352	FBgn0051229
EJ7GK	TC005370	FBgn0010222
EJ7GP	TC009535	FBgn0022238
EJ7GV	TC004722	FBgn0033529
EJ7HB	TC000117	FBgn0027597
EJ7HC	TC008189	FBgn0038057
EJ7HG	TC008292	FBgn0028482
EJ7HH	TC010977	FBgn0051522
EJ7HM	TC009258	FBgn0017550,FBgn0028852
EJ7HQ	TC000126	FBgn0039859
EJ7IE	TC032376	FBgn0030350,FBgn0030351
EJ7J7	TC004317	FBgn0031473
EJ7J8	TC009441	FBgn0027569
EJ7JA	TC015093	FBgn0034728
EJ7JB	TC010944	FBgn0030037
EJ7JC	TC033257,TC033256	FBgn0031854,FBgn0031853
EJ7JF	TC015923	FBgn0037537
EJ7JI	TC008448,TC007053	FBgn0015400
EJ7JM	TC009935	FBgn0261397
EJ7JP	TC001714	FBgn0050372
EJ7JQ	TC035023,TC034295	FBgn0037074
EJ7JR	TC015052	FBgn0034145
EJ7NI	TC000807	FBgn0086346
EJ7NJ	TC008820	FBgn0004698
EJ7NK	TC008263	FBgn0264962
EJ7NN	TC012712	FBgn0039260
EJ7P2	TC000046	FBgn0083968
EJ7P5	TC015316	FBgn0034513,FBgn0030038
EJ7Q0	TC002445,TC002444	FBgn0003149
EJ7Q3	TC006231,TC006232	FBgn0032603
EJ7QJ	TC031844,TC034224,TC034225	FBgn0262730
EJ7RK	TC008439	FBgn0036768
EJ7RN	TC009757	FBgn0038170
EJ7RP	TC000323	FBgn0036198
EJ7RT	TC014237	FBgn0036969,FBgn0036970,FBgn0262057
EJ7RV	TC010194	FBgn0038319
EJ7RY	TC015857	FBgn0037513
EJ7SC	TC006276	FBgn0261984
EJ7SH	TC003351	FBgn0021765
EJ7SK	TC004381	FBgn0032923,FBgn0263050
EJ7SP	TC033225	FBgn0032129
EJ7TN	TC034195	FBgn0024232
EJ7TQ	TC014334	FBgn0032891
EJ7TR	TC008355	FBgn0039215
EJ7TU	TC013166	FBgn0036411
EJ7TY	TC009187	FBgn0263024,FBgn0263025
EJ7V4	TC008709	FBgn0015829
EJ7VU	TC031630	FBgn0039264
EJ7W3	TC031187	FBgn0035965
EJ7W5	TC033064,TC001376,TC000764,TC016199	FBgn0039821,FBgn0039818,FBgn0264699
EJ7WB	TC007037	FBgn0030786
EJ7WC	TC003978	FBgn0260959
EJ7WS	TC004400	FBgn0011230
EJ7X0	TC006566	FBgn0032003,FBgn0032001,FBgn0032002
EJ7Y2	TC010059	FBgn0033169
EJ7Y3	TC014373	FBgn0035687
EJ7YA	TC031688	FBgn0037796
EJ7YB	TC001707	FBgn0035505
EJ7YC	TC004765	FBgn0037766
EJ7YJ	TC009783,TC008639	FBgn0051729,FBgn0033623
EJ7Z3	TC012056	FBgn0288833
EJ7ZJ	TC010814	FBgn0015380,FBgn0024245
EJ801	TC010331	FBgn0035600,FBgn0039651
EJ822	TC009198	FBgn0029689,FBgn0037759
EJ82D	TC000511	FBgn0038842
EJ82F	TC002648	FBgn0034741
EJ82Z	TC004296	FBgn0052850
EJ83S	TC032916	FBgn0011818
EJ84D	TC007444	FBgn0026259
EJ84E	TC010321	FBgn0028685,FBgn0036224
EJ84G	TC011945	FBgn0028387
EJ84H	TC012306	FBgn0038964
EJ84K	TC003027	FBgn0286051
EJ84N	TC005373	FBgn0030631
EJ84R	TC008487,TC011295,TC011126	FBgn0026086
EJ84S	TC001750	FBgn0039016
EJ84V	TC030699	FBgn0033916
EJ84W	TC031506	FBgn0033260
EJ84X	TC007422	FBgn0033460
EJ84Y	TC032663,TC002568	FBgn0266452
EJ85E	TC011971	FBgn0032376
EJ86W	TC034955,TC011261	FBgn0038961
EJ872	TC003290	FBgn0030969
EJ873	TC013252	FBgn0033639
EJ88E	TC007199	FBgn0011604
EJ89J	TC010355,TC010354,TC010362	FBgn0035438,FBgn0034415
EJ89K	TC006643	FBgn0003386
EJ89N	TC033957	FBgn0025936
EJ89P	TC034186	FBgn0264386
EJ8AA	TC000324	FBgn0030838
EJ8AJ	TC006471	FBgn0036821
EJ8AK	TC032611,TC032612,TC032610,TC014879,TC030730	FBgn0260450,FBgn0025866,FBgn0012051
EJ8AQ	TC010649	FBgn0037238
EJ8AX	TC015667	FBgn0010407
EJ8B6	TC013862	FBgn0035047
EJ8BC	TC031179	FBgn0038437
EJ8BF	TC015220	FBgn0035571,FBgn0024807
EJ8BG	TC005391	FBgn0260407
EJ8BK	TC008365	FBgn0030396
EJ8BS	TC005088	FBgn0024320
EJ8BT	TC008403	FBgn0003687
EJ8BZ	TC011467	FBgn0027296
EJ8C0	TC033029	FBgn0003870
EJ8C1	TC015547	FBgn0034061
EJ8C2	TC011540	FBgn0041629
EJ8C3	TC003706	FBgn0263933
EJ8CV	TC014338	FBgn0031458
EJ8DB	TC013425	FBgn0030240
EJ8E8	TC003565	FBgn0037880
EJ8EB	TC009049	FBgn0031442,FBgn0031443,FBgn0032596
EJ8EE	TC013078	FBgn0036336
EJ8F0	TC032148	FBgn0266579
EJ8F1	TC031476	FBgn0010246
EJ8F4	TC003286	FBgn0027844,FBgn0037439
EJ8F6	TC030054	FBgn0034081
EJ8FA	TC009893	FBgn0035845
EJ8FB	TC005434	FBgn0034766
EJ8FC	TC002762	FBgn0261111
EJ8FE	TC033777	FBgn0038474
EJ8FF	TC012448	FBgn0034307
EJ8FM	TC015477	FBgn0027512
EJ8FQ	TC012054	FBgn0261789
EJ8FR	TC008667	FBgn0019936
EJ8FS	TC014691	FBgn0000449
EJ8GK	TC000108	FBgn0016081
EJ8HH	TC014954	FBgn0010435
EJ8HK	TC015164	FBgn0039590
EJ8HS	TC013701	FBgn0261238
EJ8HT	TC000274	FBgn0031632
EJ8HV	TC006024	FBgn0003423
EJ8I7	TC031099	FBgn0010038,FBgn0010040,FBgn0010041,FBgn0010042,FBgn0038020
EJ8IM	TC005588	FBgn0050389
EJ8IP	TC011751	FBgn0039492
EJ8IQ	TC007419	FBgn0039938
EJ8IR	TC002864	FBgn0028379,FBgn0029687
EJ8J4	TC000087	FBgn0001208
EJ8J8	TC033529	FBgn0260442
EJ8JA	TC001064	FBgn0051191
EJ8JC	TC011992	FBgn0037368,FBgn0263144
EJ8JE	TC033699	FBgn0024236
EJ8JF	TC002077	FBgn0037376
EJ8JG	TC010429	FBgn0003292
EJ8JH	TC009720	FBgn0035392
EJ8JI	TC003848	FBgn0050291
EJ8KI	TC014897	FBgn0033468
EJ8KM	TC030625	FBgn0034842,FBgn0029134,FBgn0051742
EJ8N5	TC003767	FBgn0035295
EJ8PX	TC015215	FBgn0014411
EJ8PY	TC030588	FBgn0032955
EJ8Q3	TC011255	FBgn0266719
EJ8Q4	TC007410	FBgn0039075
EJ8Q6	TC030714	FBgn0027866
EJ8Q7	TC008818,TC031185	FBgn0042693,FBgn0027492,FBgn0052568
EJ8SH	TC007081	FBgn0004650
EJ8U4	TC014250	FBgn0004390
EJ8U5	TC005451	FBgn0035589
EJ8U8	TC011896	FBgn0033741
EJ8UA	TC001594	FBgn0034075
EJ8UD	TC009038	FBgn0086784
EJ8UG	TC006653	FBgn0038438
EJ8UI	TC007964	FBgn0036239
EJ8UJ	TC008835	FBgn0039466
EJ8V2	TC000127	FBgn0036188
EJ8VQ	TC007435	FBgn0027330
EJ8VR	TC006494	FBgn0022153
EJ8VS	TC033180,TC033180	FBgn0033739
EJ8VU	TC034311	FBgn0034484
EJ8VV	TC004608	FBgn0037950
EJ8W0	TC007644	FBgn0031766
EJ8W3	TC002476	FBgn0028427
EJ8W4	TC014478	FBgn0051683,FBgn0042175
EJ8W7	TC012014	FBgn0034735
EJ8WC	TC014905	FBgn0031282
EJ8WG	TC002080	FBgn0038000
EJ8WT	TC012162	FBgn0020497
EJ8X2	TC009189	FBgn0039730
EJ8X5	TC032642	FBgn0085408
EJ8X7	TC006498	FBgn0032395
EJ8X8	TC004833	FBgn0033558
EJ8X9	TC031392	FBgn0051202,FBgn0259170
EJ8XB	TC032313	FBgn0033212
EJ8XF	TC006662	FBgn0036662
EJ8XK	TC000832	FBgn0035719
EJ8XQ	TC006222	FBgn0023091
EJ8Y9	TC033411	FBgn0260758,FBgn0261671
EJ8Z7	TC032817	FBgn0029914
EJ8ZB	TC012676	FBgn0036844
EJ8ZP	TC011352	FBgn0039627
EJ90I	TC015841	FBgn0051207,FBgn0051189,FBgn0038849,FBgn0038850
EJ910	TC009542	FBgn0003396
EJ911	TC012098	FBgn0086694
EJ925	TC005988	FBgn0030654
EJ92R	TC004511	FBgn0250830
EJ92S	TC004434	FBgn0036740
EJ92W	TC003474	FBgn0010416
EJ92X	TC033094,TC014202	FBgn0039232,FBgn0266268
EJ92Y	TC012032	FBgn0030720
EJ92Z	TC013034,TC011954	FBgn0038744,FBgn0039009
EJ930	TC011200	FBgn0025815
EJ931	TC007708	FBgn0036958
EJ94B	TC015333	FBgn0039890
EJ94D	TC004371	FBgn0266099
EJ94W	TC031030	FBgn0036612
EJ950	TC014960	FBgn0259242
EJ953	TC002260	FBgn0085398
EJ963	TC033437	FBgn0026141,FBgn0011760
EJ964	TC007299,TC007298	FBgn0030018,FBgn0030017
EJ966	TC000868	FBgn0004858
EJ974	TC015640	FBgn0020376,FBgn0031547
EJ978	TC014093,TC014094,TC014095,TC014096	FBgn0032785,FBgn0051826
EJ979	TC002499	FBgn0086711
EJ97B	TC031227	FBgn0017457
EJ97C	TC013556	FBgn0032394
EJ97D	TC000081	FBgn0052369
EJ97G	TC011433	FBgn0283724
EJ97H	TC000894	FBgn0000014
EJ97I	TC013890	FBgn0032378
EJ97J	TC004512	FBgn0031132,FBgn0034971
EJ97N	TC013586	FBgn0261885
EJ97P	TC006415	FBgn0031359
EJ97U	TC010490,TC010489	FBgn0286203
EJ97X	TC000693	FBgn0005771
EJ982	TC006514	FBgn0266671
EJ983	TC011050	FBgn0020249
EJ985	TC000676	FBgn0037547,FBgn0037548
EJ988	TC032050,TC000625	FBgn0259677
EJ99A	TC014008	FBgn0038318
EJ99N	TC000060	FBgn0043799
EJ9A0	TC013886	FBgn0036905,FBgn0260434
EJ9AA	TC015082	FBgn0019938
EJ9AF	TC003415	FBgn0033550
EJ9AH	TC034655	FBgn0261277
EJ9AI	TC014556	FBgn0010313
EJ9AK	TC008153	FBgn0031977
EJ9AM	TC010852	FBgn0260655
EJ9AP	TC004463	FBgn0037777
EJ9AR	TC007973	FBgn0266724
EJ9AS	TC014858	FBgn0030883
EJ9AT	TC005009	FBgn0037344
EJ9C1	TC001960	FBgn0037688
EJ9C6	TC002557	FBgn0035649
EJ9C7	TC009976	FBgn0017578
EJ9C8	TC030755	FBgn0003074
EJ9CG	TC003630	FBgn0051638
EJ9D1	TC005463	FBgn0032431
EJ9D4	TC033317	FBgn0015801
EJ9DI	TC005345	FBgn0036141
EJ9DJ	TC033755	FBgn0026192
EJ9DM	TC008507	FBgn0087008
EJ9DN	TC013432	FBgn0040305
EJ9DP	TC031288	FBgn0032600
EJ9DR	TC012307	FBgn0039254
EJ9DS	TC009109	FBgn0038221
EJ9DT	TC007851	FBgn0040389
EJ9DV	TC003915	FBgn0035187
EJ9E0	TC000641	FBgn0008635
EJ9E1	TC030636	FBgn0031904
EJ9E2	TC006213	FBgn0037109
EJ9E5	TC014098	FBgn0023416
EJ9E7	TC014794	FBgn0031995
EJ9E8	TC012073	FBgn0011232
EJ9E9	TC007561,TC013247	FBgn0060296
EJ9EA	TC033399	FBgn0261994,FBgn0261993
EJ9EB	TC001666	FBgn0260857
EJ9EH	TC010480	FBgn0035711
EJ9EI	TC012407	FBgn0263594
EJ9EJ	TC032111	FBgn0029906
EJ9EK	TC005120	FBgn0036825
EJ9EN	TC032825	FBgn0050015
EJ9FQ	TC031592,TC013689	FBgn0003963
EJ9FR	TC002803	FBgn0035144
EJ9G0	TC008186	FBgn0040383,FBgn0032090
EJ9GP	TC012016	FBgn0038917
EJ9GR	TC016231	FBgn0030406
EJ9H3	TC000811,TC000812	FBgn0028507
EJ9H6	TC031771,TC010452	FBgn0000557,FBgn0284245
EJ9H8	TC009586	FBgn0029905
EJ9H9	TC014271	FBgn0263198
EJ9HB	TC013555	FBgn0010421
EJ9HC	TC002669	FBgn0004511
EJ9HW	TC012756,TC012757,TC012758	FBgn0031969,FBgn0025697
EJ9HZ	TC031556	FBgn0031209
EJ9I0	TC014802	FBgn0288469
EJ9I2	TC009549	FBgn0266709
EJ9I5	TC000616	FBgn0023477
EJ9I6	TC008220	FBgn0037270,FBgn0033069
EJ9I8	TC004142	FBgn0016126
EJ9JK	TC015621	FBgn0033357
EJ9JN	TC014219	FBgn0037374
EJ9KC	TC016108	FBgn0038679
EJ9KF	TC014256	FBgn0041092
EJ9KG	TC003523,TC000074	FBgn0286818
EJ9KI	TC003900	FBgn0025836
EJ9KS	TC003079	FBgn0034180
EJ9KU	TC011826	FBgn0039844
EJ9KV	TC033019	FBgn0039863
EJ9M4	TC001349,TC006095	FBgn0053508
EJ9M7	TC001311	FBgn0036859
EJ9MH	TC012185	FBgn0039562
EJ9MK	TC006753	FBgn0037336
EJ9NH	TC007465,TC013376	FBgn0032726,FBgn0032727
EJ9PT	TC033768	FBgn0051619
EJ9PU	TC013806	FBgn0037943
EJ9PW	TC004794	FBgn0024734
EJ9PX	TC011120	FBgn0004574
EJ9Q5	TC000150	FBgn0259171
EJ9Q7	TC013074	FBgn0028494
EJ9QD	TC033690,TC033689,TC009052	FBgn0042131,FBgn0037057,FBgn0038775
EJ9QE	TC031146	FBgn0053489,FBgn0053490
EJ9RP	TC000104	FBgn0262732
EJ9RR	TC014943,TC014942	FBgn0000636
EJ9RU	TC030562	FBgn0022224
EJ9T3	TC008696	FBgn0034933
EJ9T7	TC008534	FBgn0265784
EJ9T9	TC008465	FBgn0030930
EJ9TR	TC002866	FBgn0052537
EJ9TV	TC001351	FBgn0266615
EJ9UY	TC008671	FBgn0016697
EJ9V0	TC014505	FBgn0034753
EJ9V2	TC009964	FBgn0032166
EJ9V3	TC007470	FBgn0264494
EJ9V4	TC006313	FBgn0036686
EJ9V5	TC015511	FBgn0032170
EJ9VW	TC007409	FBgn0019650
EJ9WA	TC000321	FBgn0051064
EJ9WE	TC008985	FBgn0000320
EJ9WF	TC002114	FBgn0040505
EJ9WG	TC034685	FBgn0032633
EJ9WJ	TC014039	FBgn0040271
EJ9WP	TC001256	FBgn0039943
EJ9WQ	TC000267	FBgn0262560
EJ9WT	TC003942	FBgn0265778
EJ9WU	TC003707	FBgn0286204
EJ9WX	TC003001	FBgn0038597
EJ9WY	TC001965	FBgn0034498
EJ9XA	TC009618	FBgn0039112
EJ9XC	TC012882	FBgn0032202
EJ9XH	TC011921	FBgn0050467
EJ9XI	TC033740	FBgn0035427
EJ9XQ	TC000711	FBgn0039993
EJ9XS	TC030778	FBgn0036282
EJ9Y1	TC007648	FBgn0037342
EJ9Y2	TC002238	FBgn0043806
EJ9Y7	TC006169	FBgn0033453
EJ9YD	TC008705	FBgn0031040
EJ9YH	TC004675,TC006330	FBgn0028695
EJ9Z2	TC031717	FBgn0264707
EJ9Z3	TC014755	FBgn0031431,FBgn0032030
EJ9ZT	TC033128	FBgn0032744
EJ9ZX	TC001323	FBgn0039637
EJA00	TC013313	FBgn0036199
EJA01	TC009027	FBgn0040512
EJA02	TC001630	FBgn0029975
EJA03	TC004778	FBgn0263993
EJA0E	TC001573	FBgn0040356,FBgn0051702,FBgn0051703,FBgn0034722
EJA0I	TC008698	FBgn0037753
EJA0M	TC010345	FBgn0001276
EJA16	TC015952	FBgn0034314
EJA19	TC034118	FBgn0032859
EJA1M	TC009841	FBgn0039290
EJA1Q	TC031508	FBgn0028743
EJA1V	TC013944	FBgn0262714
EIKYI	TC033077	FBgn0284408
EJA2X	TC009450	FBgn0014870
EJA3H	TC013491	FBgn0031256
EJA3N	TC003032	FBgn0029907
EJA3P	TC003327	FBgn0052699
EJA3Q	TC003325	FBgn0035236
EJA3R	TC007560	FBgn0034713,FBgn0052487,FBgn0036760,FBgn0052488,FBgn0036759
EJA3T	TC015332	FBgn0039861
EJA3U	TC004859	FBgn0027508
EJA59	TC008729	FBgn0040064
EJA5B	TC004876	FBgn0034573
EJA6M	TC006217	FBgn0035850
EJA6R	TC033300	FBgn0001112
EJA7G	TC008315	FBgn0002524
EJA83	TC031998,TC012913,TC010895	FBgn0038799
EJA93	TC034215,TC004981,TC012647	FBgn0010348,FBgn0013749
EJA9A	TC001743	FBgn0013272
EJA9K	TC011005	FBgn0002775
EJAA2	TC006345	FBgn0030004
EJAAK	TC008796	FBgn0033751
EJAAN	TC002510	FBgn0040153
EJAAP	TC000131	FBgn0035444
EJAAW	TC034560	FBgn0038858
EJAB1	TC010027	FBgn0010531
EJAB2	TC003566	FBgn0036237
EJAB7	TC006352	FBgn0040087
EJAB9	TC014911	FBgn0037329
EJABP	TC031479,TC031478	FBgn0264075
EJABS	TC008486	FBgn0024191
EJABT	TC015733	FBgn0037680
EJABU	TC011056	FBgn0027509
EJABX	TC003553	FBgn0034897
EJACH	TC009559	FBgn0004643
EJACK	TC008925	FBgn0033178
EJACN	TC015535	FBgn0026083
EJACY	TC009087	FBgn0260487
EJAD6	TC005312	FBgn0262598
EJADQ	TC030991	FBgn0286778
EJADR	TC004745	FBgn0003892
EJAE4	TC011563	FBgn0052281
EJAE5	TC002731,TC004314	FBgn0029672,FBgn0038809
EJAED	TC014950	FBgn0035150
EJAEE	TC010706,TC011174,TC011173,TC011134	FBgn0035355,FBgn0035356
EJAEH	TC013924	FBgn0024689
EJAEK	TC015754	FBgn0053557
EJAEN	TC015142	FBgn0039234
EJAEW	TC033408	FBgn0026741
EJAEZ	TC004395	FBgn0000377
EJAF2	TC003149	FBgn0036372
EJAF3	TC005928	FBgn0033879
EJAF7	TC015192	FBgn0038376
EJAF8	TC006499	FBgn0020407
EJAFJ	TC030695	FBgn0261068
EJAFK	TC002607	FBgn0036822
EJAFP	TC001744	FBgn0017482
EJAGQ	TC013325	FBgn0037700
EJAGW	TC001451	FBgn0039505
EJAGY	TC009022	FBgn0014930
EJAH0	TC013006	FBgn0013531
EJAHS	TC009267	FBgn0032691
EJAHT	TC009342	FBgn0015019,FBgn0030729
EJAHU	TC005421	FBgn0032925
EJAHV	TC013369	FBgn0027581
EJAHW	TC034713,TC008245,TC001566	FBgn0030456,FBgn0031590
EJAHX	TC032789	FBgn0011708
EJAHY	TC009837	FBgn0051159
EJAHZ	TC004626,TC006568	FBgn0261274
EJAI0	TC002590	FBgn0028467
EJAI2	TC014209	FBgn0030612
EJAI6	TC002736	FBgn0036052
EJAID	TC013860	FBgn0036448
EJAIS	TC006047	FBgn0267975
EJAIX	TC003996	FBgn0038195
EJAJ1	TC009532	FBgn0034733
EJAK0	TC009504	FBgn0063485
EJAK3	TC032392	FBgn0265045
EJAK4	TC032336	FBgn0024189,FBgn0287864
EJAK7	TC034109	FBgn0000721
EJAK8	TC006940,TC006941	FBgn0000442
EJAK9	TC007351	FBgn0026721
EJAKP	TC012422	FBgn0000228
EJAKV	TC031838	FBgn0024222
EJAKW	TC007198	FBgn0050410
EJAMC	TC009766	FBgn0016061
EJAMX	TC032228,TC004557,TC001259,TC001260,TC001261,TC001262,TC004952	FBgn0030223,FBgn0030222,FBgn0036186,FBgn0051198,FBgn0039640,FBgn0263236,FBgn0046253,FBgn0051445,FBgn0259237,FBgn0039656,FBgn0028935
EJANR	TC004590	FBgn0004907
EJANS	TC005951,TC005774	FBgn0263027
EJANT	TC004639,TC001040	FBgn0033391
EJANV	TC030631	FBgn0262601
EJANW	TC014705	FBgn0026181
EJANX	TC001916	FBgn0004959
EJANZ	TC011204	FBgn0028697
EJAP4	TC012910	FBgn0000382
EJAP8	TC013171	FBgn0033196
EJAPK	TC014592	FBgn0032819
EJAQ3	TC030700	FBgn0034519
EJAQT	TC007876	FBgn0038651
EJASB	TC031075	FBgn0010772
EJASK	TC001379	FBgn0032986
EJASM	TC003403	FBgn0031026,FBgn0033551
EJASN	TC001754	FBgn0037315
EJASP	TC000880	FBgn0026160
EJAST	TC012168	FBgn0261279
EJASU	TC012616	FBgn0031294
EJASW	TC009906	FBgn0003733
EJASX	TC031695	FBgn0051632
EJASY	TC004583	FBgn0026375
EJASZ	TC005477	FBgn0260945
EJAU6	TC000802	FBgn0004034
EJAU7	TC032705,TC002494	FBgn0023094
EJAU8	TC004599,TC000524	FBgn0028662,FBgn0262514
EJAUA	TC005982	FBgn0031307
EJAUC	TC013613	FBgn0038727
EJAUD	TC001681,TC002330	FBgn0032138
EJAUE	TC006166	FBgn0283525
EJAUI	TC000588	FBgn0038629
EJAUK	TC002096	FBgn0035848
EJAUM	TC034768	FBgn0038576
EJAUN	TC003574	FBgn0052190
EJAUP	TC014791	FBgn0033475
EJAV1	TC016271	FBgn0030186,FBgn0036102
EJAVB	TC012755	FBgn0029930
EJAVE	TC034463	FBgn0029594
EJAVJ	TC031491	FBgn0052017
EJAVP	TC004235	FBgn0035630
EJAVQ	TC003757	FBgn0031997
EJAVR	TC009389	FBgn0026326
EJAVT	TC002979	FBgn0283649,FBgn0028847
EJAVV	TC007172	FBgn0031602
EJAVW	TC004291	FBgn0067622
EJAVY	TC006326	FBgn0026060
EJAW0	TC016210	FBgn0051278
EJAW5	TC001068	FBgn0032847
EJAWG	TC003905	FBgn0034197
EJAWH	TC009721	FBgn0052371,FBgn0031585,FBgn0034403,FBgn0027066,FBgn0030191,FBgn0051907
EJAWI	TC006374	FBgn0030799
EJAWJ	TC013151	FBgn0031452
EJAYK	TC012396	FBgn0039565
EJAYN	TC034087,TC003228,TC012020	FBgn0036316,FBgn0015230,FBgn0034247,FBgn0028560
EJAZ6	TC013474	FBgn0002573
EJAZN	TC033453	FBgn0263005
EJAZP	TC004673	FBgn0031375
EJAZS	TC007954	FBgn0260855
EJAZT	TC003540,TC004080	FBgn0036862
EJB00	TC011734	FBgn0020379
EJB01	TC001048	FBgn0002772
EJB02	TC013081	FBgn0036334,FBgn0038200
EJB06	TC032795	FBgn0053517
EJB0K	TC013579	FBgn0033483
EJB0N	TC000973	FBgn0036038
EJB0Q	TC033631	FBgn0264785
EJB19	TC032291	FBgn0265102
EJB1C	TC012534	FBgn0031495
EJB1K	TC034098,TC033612,TC033390,TC014091,TC015346,TC014776,TC013752,TC013751,TC013750,TC013749,TC014089,TC014090,TC014092,TC010434,TC014589,TC010962,TC008570	FBgn0034612,FBgn0051793,FBgn0039644,FBgn0039645,FBgn0263316,FBgn0010549,FBgn0032908,FBgn0032026,FBgn0051792,FBgn0038740
EJB1S	TC007539	FBgn0016123
EJB1V	TC015545	FBgn0030735
EJB21	TC005889	FBgn0030800
EJB22	TC015854	FBgn0035290
EJB23	TC014568	FBgn0010909
EJB24	TC030708,TC030673	FBgn0050417,FBgn0034423,FBgn0004656,FBgn0039124
EJB26	TC030986	FBgn0011739
EJB28	TC005857	FBgn0262739
EJB29	TC004566	FBgn0016687
EJB2A	TC005075	FBgn0259145
EJB2C	TC033953	FBgn0037098
EJB2D	TC032729	FBgn0004611
EJB2M	TC007075	FBgn0030433
EJB36	TC034906	FBgn0287695
EJB3C	TC006049	FBgn0030678
EJB3P	TC008382	FBgn0030208
EJB3R	TC011744	FBgn0000492
EJB3S	TC003310	FBgn0034087
EJB3X	TC011937	FBgn0037534
EJB46	TC009847	FBgn0287187
EJB48	TC007141	FBgn0265598
EJB4B	TC008416,TC001249	FBgn0031315,FBgn0031968
EJB4F	TC015912	FBgn0013307,FBgn0013308
EJB4H	TC012423,TC001889	FBgn0264975
EJB4I	TC032095,TC000682,TC000681,TC000680,TC000679,TC000678	FBgn0033215,FBgn0033216,FBgn0033214
EJB71	TC014987	FBgn0015582
EJB72	TC004742	FBgn0033766
EJB78	TC014434	FBgn0032393,FBgn0051864
EJB7A	TC012990	FBgn0266450
EJB7X	TC001512	FBgn0259984
EJB7Y	TC002100	FBgn0037442
EJB7Z	TC034176	FBgn0036999,FBgn0036154
EJB81	TC012490	FBgn0035523
EJBB7	TC031742	FBgn0031905
EJBB8	TC001617,TC016172	FBgn0037894
EJBBA	TC011991	FBgn0000307
EJBBC	TC005991	FBgn0050476
EJBBE	TC016321	FBgn0035440
EJBBU	TC031492	FBgn0032191
EJBBW	TC005900	FBgn0028737
EJBBX	TC009072	FBgn0034356,FBgn0003067
EJBBY	TC009916	FBgn0259152
EJBC0	TC032568	FBgn0029958
EJBC1	TC010900	FBgn0004915
EJBC2	TC011520	FBgn0036319
EJBC3	TC011519	FBgn0027055
EJBCC	TC010122	FBgn0038424
EJBCH	TC002805	FBgn0030805
EJBCI	TC000474	FBgn0033679
EJBCJ	TC009617	FBgn0039020
EJBCN	TC015505	FBgn0039381
EJBCP	TC007666	FBgn0029798
EJBCQ	TC034861	FBgn0031069
EJBCV	TC014326	FBgn0016075
EJBDM	TC033340,TC033339,TC005190	FBgn0000594,FBgn0000592
EJBDQ	TC033429,TC015712,TC015717,TC015718	FBgn0030598,FBgn0030597,FBgn0030596,FBgn0030594,FBgn0030593,FBgn0030590,FBgn0266435,FBgn0266434
EJBDU	TC011889	FBgn0035484
EJBDV	TC010660	FBgn0039601
EJBE3	TC032522	FBgn0262029
EJBE7	TC006110	FBgn0023489
EJBEB	TC004461	FBgn0259228
EJBEC	TC007439	FBgn0000376
EJBED	TC005210	FBgn0061209,FBgn0053868,FBgn0053870,FBgn0053872,FBgn0053874,FBgn0053876,FBgn0053878,FBgn0053880,FBgn0053882,FBgn0053884,FBgn0053886,FBgn0053888,FBgn0053890,FBgn0053892,FBgn0053894,FBgn0053896,FBgn0053898,FBgn0053900,FBgn0053902,FBgn0053904,FBgn0053906,FBgn0053908,FBgn0053910
EJBEF	TC030670	FBgn0038806
EJBEV	TC032474	FBgn0036121
EJBEY	TC033187,TC007664,TC007663,TC010295	FBgn0031235
EJBF0	TC012538	FBgn0035692
EJBF1	TC012548	FBgn0063368
EJBF3	TC014257	FBgn0038586
EJBF5	TC001118	FBgn0039481
EJBF7	TC009083	FBgn0031455
EJBFC	TC014203	FBgn0086359
EJBFD	TC011205	FBgn0027539
EJBFF	TC015812	FBgn0033166
EJBFN	TC002732	FBgn0036257
EJBFY	TC034858	FBgn0010383
EJBG5	TC034197	FBgn0036565
EJBGA	TC008302	FBgn0033753
EJBGB	TC000163	FBgn0284435
EJBGD	TC013979	FBgn0087012
EJBGF	TC012134	FBgn0027579
EJBGG	TC000059	FBgn0036386
EJBGH	TC030644	FBgn0038853
EJBGI	TC011816	FBgn0027053
EJBGK	TC001069	FBgn0015381
EJBGY	TC013835	FBgn0030944,FBgn0034218
EJBH3	TC033956	FBgn0083983
EJBH7	TC030001,TC030463	FBgn0004552
EJBHB	TC010896	FBgn0037384,FBgn0032660
EJBHP	TC013702	FBgn0030753
EJBHQ	TC000970	FBgn0262124
EJBHU	TC014754	FBgn0032031
EJBHZ	TC000394,TC004383	FBgn0266347,FBgn0015519
EJBI2	TC005565	FBgn0038105,FBgn0041710
EJBI5	TC033178,TC001612,TC014543	FBgn0001104,FBgn0001122
EJBIA	TC032312	FBgn0024887
EJBIB	TC002617,TC002616	FBgn0036116
EJBID	TC015853	FBgn0035332,FBgn0036329,FBgn0031649,FBgn0051693,FBgn0041150
EJBIG	TC033009	FBgn0034704
EJBII	TC014185	FBgn0004898,FBgn0004897
EJBIJ	TC015354	FBgn0034985
EJBIP	TC009150	FBgn0034058
EJBIQ	TC033636,TC033635	FBgn0005674
EJBIS	TC015135	FBgn0023514
EJBIW	TC009264	FBgn0283500
EJBIX	TC008167,TC000874	FBgn0037402,FBgn0262512
EJBIY	TC012123	FBgn0032013
EJBJ6	TC015975	FBgn0031229
EJBJ8	TC012565	FBgn0004618
EJBJB	TC012652	FBgn0263706
EJBJQ	TC009075	FBgn0266708
EJBJR	TC000402	FBgn0033273
EJBJU	TC006252	FBgn0017566
EJBKK	TC011515	FBgn0037141
EJBKR	TC010045	FBgn0037637
EJBMB	TC032133	FBgn0052600
EJBMK	TC032379,TC032380,TC003456,TC003457	FBgn0028491,FBgn0265575
EJBMM	TC008009	FBgn0017561
EJBMP	TC001709	FBgn0033259
EJBMQ	TC034040	FBgn0004367
EJBMR	TC008566	FBgn0045035
EJBN6	TC034108	FBgn0000451
EJBPB	TC009978	FBgn0003943,FBgn0086558
EJBPM	TC003460	FBgn0002526
EJBPQ	TC034472,TC032874,TC034670,TC032876,TC007185,TC007182,TC007981,TC012838,TC012839,TC012841	FBgn0031533,FBgn0036996,FBgn0032265,FBgn0032266,FBgn0051871,FBgn0042207,FBgn0023495,FBgn0034990,FBgn0038067,FBgn0032981,FBgn0265264,FBgn0038070,FBgn0038068,FBgn0038069,FBgn0032264,FBgn0043825,FBgn0033999,FBgn0051091,FBgn0051872
EJBPR	TC011051	FBgn0034878
EJBQ1	TC032178	FBgn0039225
EJBQC	TC016219	FBgn0034940
EJBQR	TC003212	FBgn0026252
EJBQS	TC030741	FBgn0051550
EJBRQ	TC014758	FBgn0034243
EJBRW	TC013033	FBgn0010417,FBgn0014342
EJBRX	TC007937	FBgn0029711
EJBRY	TC014294	FBgn0002183
EJBSK	TC015835	FBgn0023090
EJBSM	TC030542	FBgn0036292
EJBVK	TC000981	FBgn0000024
EJBVV	TC013391,TC013392	FBgn0264953,FBgn0267430
EJBVZ	TC033053	FBgn0259111
EJBW1	TC013008	FBgn0027583
EJBW2	TC001377	FBgn0034879
EJBW7	TC013254	FBgn0030792,FBgn0031460
EJBWB	TC009578	FBgn0031228
EJBWC	TC007464	FBgn0086673
EJBWD	TC032171	FBgn0037378
EJBWF	TC030904	FBgn0085257
EJBY8	TC008412,TC008413,TC008414,TC006413	FBgn0031645
EJBYW	TC005585	FBgn0005696
EJBZ0	TC031145	FBgn0085447
EJBZ9	TC011374	FBgn0039709
EJBZF	TC014666	FBgn0031444,FBgn0261793,FBgn0031446
EJBZG	TC014820,TC014821	FBgn0038130
EJBZK	TC010804	FBgn0015296
EJBZM	TC001762	FBgn0267378
EJBZN	TC013911	FBgn0287234
EJBZP	TC007976	FBgn0033929
EJBZQ	TC011066	FBgn0085387
EJBZS	TC006109	FBgn0020238
EJBZT	TC012824	FBgn0000454
EJC07	TC014910	FBgn0037142
EJC09	TC007208	FBgn0023129
EJC0A	TC014291	FBgn0035021
EJC0B	TC014400	FBgn0002023
EJC0D	TC013340	FBgn0020764
EJC0J	TC008433	FBgn0000022,FBgn0004170,FBgn0002561
EJC0K	TC010773	FBgn0039907
EJC0M	TC013228	FBgn0034110
EJC0N	TC010100	FBgn0028684
EJC0P	TC007847	FBgn0031535
EJC0Q	TC003500	FBgn0085436
EJC1Y	TC009996	FBgn0029714
EJC22	TC033048,TC033049,TC014021	FBgn0263197
EJC23	TC032553	FBgn0053513
EJC26	TC013000	FBgn0036663
EJC27	TC007420	FBgn0032192
EJC28	TC016337,TC006642	FBgn0085395,FBgn0262593
EJC2A	TC004969	FBgn0033935
EJC2D	TC013259	FBgn0037051
EJC2G	TC015892	FBgn0261109
EJC2H	TC000374	FBgn0259215
EJC2I	TC002986	FBgn0000928,FBgn0037205,FBgn0051755
EJC3Q	TC031411	FBgn0267652,FBgn0267651
EJC3T	TC006138	FBgn0052521
EJC4T	TC013407,TC013942	FBgn0031216,FBgn0260486
EJC4W	TC015475,TC001199,TC006706,TC006707	FBgn0265042,FBgn0039081
EJC58	TC003167	FBgn0001179
EJC59	TC003279,TC003178	FBgn0036752,FBgn0036751,FBgn0033952
EJC5A	TC006218	FBgn0039347
EJC5Q	TC015328	FBgn0035584,FBgn0017456,FBgn0026316
EJC5T	TC009615	FBgn0030694
EJC69	TC032555	FBgn0259204
EJC6A	TC032636,TC004033,TC010478	FBgn0035360
EJC6V	TC003546	FBgn0037156
EJC70	TC001367,TC000170,TC001368,TC014348	FBgn0001089,FBgn0260746
EJC78	TC005673	FBgn0003978
EJC7H	TC010507	FBgn0040342
EJC81	TC005500	FBgn0030778
EJC8D	TC034855,TC012219	FBgn0030506
EJC8E	TC001328	FBgn0027082
EJC8X	TC034465	FBgn0085425
EJC94	TC004496	FBgn0033354
EJC9W	TC007163	FBgn0261283
EJC9X	TC010442	FBgn0029812,FBgn0023174,FBgn0037296
EJCB1	TC012154	FBgn0031703
EJCBG	TC013165	FBgn0042630
EJCBK	TC001004	FBgn0034138
EJCBM	TC010784	FBgn0283499
EJCBP	TC013115	FBgn0036366
EJCBQ	TC000933	FBgn0004169
EJCBT	TC000835	FBgn0267790
EJCBU	TC003912	FBgn0030344,FBgn0037037
EJCBV	TC013716	FBgn0265082
EJCBW	TC013328	FBgn0263231
EJCBY	TC011939	FBgn0052113
EJCCB	TC014562	FBgn0027084
EJCCC	TC032667,TC032669	FBgn0266084
EJCCR	TC034751	FBgn0046692
EJCDQ	TC011518	FBgn0001995
EJCE0	TC015910	FBgn0005533
EJCE3	TC008974	FBgn0264848
EJCE5	TC031757	FBgn0036139
EJCE6	TC005331	FBgn0039977
EJCE9	TC003429	FBgn0001137
EJCEG	TC032094,TC032093	FBgn0010482
EJCEH	TC010462	FBgn0040754
EJCEQ	TC008212	FBgn0052694
EJCES	TC030565	FBgn0030676,FBgn0030679
EJCEV	TC033813	FBgn0037447
EJCFM	TC001257	FBgn0035754
EJCFP	TC002984	FBgn0030617
EJCFQ	TC004850	FBgn0031634
EJCFU	TC013712	FBgn0259113
EJCFX	TC008130	FBgn0038683
EJCFY	TC013738	FBgn0250820
EJCFZ	TC004143	FBgn0032225
EJCG1	TC008216	FBgn0034491
EJCGH	TC004262,TC012980	FBgn0030478
EJCGN	TC010914	FBgn0267698
EJCGZ	TC009490	FBgn0029778
EJCH0	TC033588	FBgn0035267
EJCH4	TC009230	FBgn0026582
EJCH5	TC010336	FBgn0029941,FBgn0051601
EJCH8	TC002804	FBgn0028573
EJCHA	TC013001	FBgn0026324
EJCHC	TC001752	FBgn0024365
EJCHD	TC003138	FBgn0033209
EJCI8	TC001623	FBgn0030701
EJCIA	TC034331	FBgn0263988,FBgn0035256
EJCID	TC006384	FBgn0030041,FBgn0014032,FBgn0260759
EJCIH	TC006171	FBgn0034994
EJCIP	TC014953	FBgn0037623
EJCJ6	TC002920	FBgn0032163,FBgn0046697
EJCJ7	TC001458	FBgn0040348
EJCJ8	TC004631	FBgn0037541
EJCJ9	TC001110	FBgn0041195
EJCJB	TC034300,TC034299	FBgn0036927
EJCJD	TC003334	FBgn0034795
EJCJF	TC014731	FBgn0085410
EJCJG	TC014541	FBgn0266918
EJCJH	TC000870	FBgn0002926
EJCJI	TC013456	FBgn0033052
EJCK7	TC032438	FBgn0263108
EJCKC	TC003654	FBgn0034137
EJCKR	TC034901	FBgn0031753
EJCKU	TC008197	FBgn0029922
EJCKX	TC005668	FBgn0259982
EJCM9	TC033401,TC006897,TC005115	FBgn0261244
EJCMA	TC032502,TC013321	FBgn0030437,FBgn0052843
EJCMC	TC001770	FBgn0038180
EJCMI	TC011013	FBgn0033019
EJCMJ	TC031384	FBgn0030289
EJCMK	TC000640	FBgn0031906
EJCMQ	TC033726	FBgn0032663,FBgn0033826,FBgn0033827
EJCMR	TC009664	FBgn0032171
EJCP3	TC003018	FBgn0031961
EJCPE	TC000957	FBgn0043362
EJCPU	TC002889	FBgn0030012
EJCQY	TC011514	FBgn0002552
EJCR2	TC034711	FBgn0029977
EJCRA	TC012821,TC012822	FBgn0037429
EJCRB	TC030757	FBgn0000543
EJCRE	TC003331	FBgn0029909
EJCRF	TC009196	FBgn0051108
EJCRG	TC006625	FBgn0030452
EJCRI	TC013705	FBgn0036851
EJCS0	TC006677	FBgn0040777
EJCS1	TC031519	FBgn0033426
EJCS2	TC007193,TC005609	FBgn0000404
EJCS3	TC030747	FBgn0030634
EJCS4	TC000403	FBgn0030482
EJCS5	TC005557	FBgn0036300
EJCS9	TC033318,TC034585,TC002938	FBgn0039165
EJCTE	TC007332	FBgn0030292
EJCTI	TC004703	FBgn0010516
EJCTP	TC001450	FBgn0046247
EJCTS	TC008838	FBgn0003129
EJCVJ	TC014047	FBgn0024804
EJCVX	TC006450	FBgn0039183
EJCVY	TC034453	FBgn0264324
EJCW3	TC001109	FBgn0004167
EJCW4	TC007705	FBgn0266019
EJCW5	TC002501	FBgn0033029
EJCW9	TC009745	FBgn0024432
EJCWE	TC010119	FBgn0039137
EJCX4	TC003010	FBgn0038233
EJCX5	TC031968,TC004812	FBgn0000567
EJCX8	TC014715	FBgn0031745
EJCXA	TC013947	FBgn0035251
EJCXC	TC001757	FBgn0037609
EJCXD	TC033657	FBgn0085428
EJCXG	TC002333	FBgn0266723
EJCXP	TC002107	FBgn0040056
EJCXQ	TC006559	FBgn0030802
EJCXT	TC010923	FBgn0267376
EJCY4	TC011651	FBgn0039749
EJCY6	TC000027	FBgn0042146,FBgn0040365,FBgn0024542
EJCY7	TC008653	FBgn0033365
EJCYB	TC006489	FBgn0038426
EJCYG	TC013353	FBgn0040705
EJCYI	TC006425	FBgn0032363
EJCYM	TC005893	FBgn0031490
EJCYP	TC015506	FBgn0065032,FBgn0038369
EJCYQ	TC007562	FBgn0031284
EJCYR	TC010343	FBgn0035237
EJCYS	TC008834	FBgn0260990
EJCYZ	TC033884	FBgn0003382
EJCZ1	TC002991	FBgn0039634
EJCZ2	TC013516	FBgn0033672
EJCZ3	TC012120	FBgn0033698
EJCZ4	TC010870	FBgn0027568
EJCZ7	TC009122	FBgn0031640
EJCZ8	TC007655	FBgn0261954
EJCZA	TC015410	FBgn0052133
EJCZB	TC005182	FBgn0037702
EJCZD	TC012521	FBgn0024836
EJCZE	TC007565	FBgn0044323
EJCZG	TC007521	FBgn0027093
EJCZH	TC004734	FBgn0037280
EJCZI	TC009830	FBgn0003090,FBgn0263934
EJCZK	TC009787	FBgn0031115
EJCZM	TC006729	FBgn0020443
EJCZP	TC001439	FBgn0033692
EJD1G	TC009879	FBgn0023181
EJD1J	TC003024	FBgn0030174
EJD1N	TC012578	FBgn0039160
EJD1Q	TC005817	FBgn0266667
EJD21	TC033199	FBgn0028541
EJD28	TC002697	FBgn0023001
EJD29	TC007304	FBgn0086378
EJD2B	TC014009	FBgn0260859
EJD2X	TC014174	FBgn0053505
EJD2Y	TC014311	FBgn0030686
EJD30	TC006318	FBgn0025394
EJD31	TC002734	FBgn0037050
EJD4H	TC030697	FBgn0040507,FBgn0040508,FBgn0040509,FBgn0040510,FBgn0052301,FBgn0052305,FBgn0040506
EJD4I	TC015490	FBgn0260997,FBgn0085599
EJD4M	TC034726	FBgn0028887,FBgn0265630
EJD4T	TC008551	FBgn0033845
EJD4Z	TC006519	FBgn0034877
EJD54	TC034107,TC005624,TC005623,TC015980,TC015979,TC015978	FBgn0010548
EJD55	TC008188	FBgn0014029,FBgn0026361
EJD56	TC006353	FBgn0032910
EJD57	TC005793	FBgn0031630
EJD5B	TC030468	FBgn0003460
EJD5S	TC001268	FBgn0039593,FBgn0039592,FBgn0033490,FBgn0053346
EJD5T	TC009255,TC001862	FBgn0019624
EJD5W	TC005347	FBgn0033924
EJD5Z	TC010974	FBgn0034366
EJD6J	TC000255	FBgn0036277
EJD6Q	TC012600	FBgn0038980
EJD74	TC005495	FBgn0034086
EJD75	TC004791	FBgn0003748,FBgn0034121
EJD76	TC005181	FBgn0032230
EJD7C	TC015070	FBgn0037912
EJD8G	TC012406	FBgn0037244
EJD8H	TC009502	FBgn0033309
EJD8I	TC000882	FBgn0030545
EJD8M	TC010414	FBgn0037371
EJD8T	TC032960	FBgn0053172
EJD8U	TC001317	FBgn0034743
EJD8Z	TC033259	FBgn0259699,FBgn0023531,FBgn0259700
EJD9C	TC007702	FBgn0031304
EJD9E	TC007176	FBgn0030878
EJD9R	TC014774	FBgn0020388
EJDAD	TC015608	FBgn0000392
EJDAG	TC010320	FBgn0032649,FBgn0032647,FBgn0032648
EJDAH	TC007454	FBgn0085220
EJDAU	TC007999	FBgn0037742,FBgn0028686
EJDAV	TC030983,TC004521	FBgn0286075
EJDBG	TC004961	FBgn0034894
EJDD6	TC007510	FBgn0030719
EJDDB	TC012214	FBgn0287183
EJDFT	TC034140	FBgn0032244
EJDFU	TC001355	FBgn0051195
EJDFV	TC012172	FBgn0038810
EJDFY	TC015243	FBgn0051251
EJDFZ	TC001942	FBgn0021825
EJDG8	TC012312	FBgn0033969,FBgn0033377
EJDGD	TC034400,TC034399	FBgn0259110
EJDGE	TC034528	FBgn0038818
EJDGG	TC030736	FBgn0034568
EJDGH	TC011226,TC011227,TC004715,TC015674	FBgn0263111
EJDGK	TC007814	FBgn0022710
EJDGN	TC033996	FBgn0034186
EJDGR	TC031357	FBgn0039831
EJDGW	TC007683	FBgn0036853
EJDGX	TC033113	FBgn0283652
EJDGY	TC009261	FBgn0025832
EJDH0	TC005496	FBgn0015754
EJDH1	TC013337	FBgn0032428
EJDH3	TC004239	FBgn0035799
EJDH7	TC012706	FBgn0015271
EJDHR	TC034431	FBgn0032222
EJDHY	TC013479	FBgn0002022
EJDI2	TC013493	FBgn0004374
EJDI3	TC002896	FBgn0038577
EJDI9	TC033041	FBgn0263392
EJDIA	TC011380	FBgn0002905
EJDIB	TC010693	FBgn0034598
EJDIC	TC008151	FBgn0000119
EJDIM	TC014780	FBgn0031048
EJDIT	TC007396	FBgn0035421
EJDIV	TC001418	FBgn0028970
EJDIX	TC003669	FBgn0035374
EJDIY	TC002133	FBgn0034817
EJDIZ	TC010438	FBgn0026373
EJDJ0	TC004946	FBgn0028546
EJDJ1	TC000395	FBgn0041706
EJDJ4	TC009250	FBgn0023180
EJDJJ	TC008317	FBgn0031635
EJDJK	TC012554	FBgn0033210
EJDJM	TC005179	FBgn0028540
EJDJN	TC003672	FBgn0035753
EJDJQ	TC012919,TC012925	FBgn0052068
EJDJR	TC009967	FBgn0034646,FBgn0034838
EJDJT	TC030605	FBgn0037372
EJDK6	TC005562	FBgn0038337,FBgn0038354
EJDKF	TC004425	FBgn0001218
EJDKI	TC011170,TC011169,TC011168	FBgn0039774
EJDKJ	TC008271	FBgn0031660
EJDKK	TC011815	FBgn0038607
EJDKS	TC014690	FBgn0265174
EJDKU	TC006393,TC006392,TC006391	FBgn0029733,FBgn0036727,FBgn0039840
EJDMM	TC007015	FBgn0038294
EJDMN	TC011263	FBgn0033865,FBgn0037657
EJDMU	TC011183	FBgn0033485
EJDMY	TC030997	FBgn0264598
EJDNU	TC035021	FBgn0036333
EJDNZ	TC009432	FBgn0036516
EJDP0	TC013722,TC013721	FBgn0024150
EJDP1	TC031158	FBgn0031981
EJDP2	TC003479	FBgn0031078
EJDP4	TC030776	FBgn0023528
EJDP6	TC034247,TC012310	FBgn0034618
EJDPA	TC015971	FBgn0040959,FBgn0040958,FBgn0036741
EJDPX	TC034835	FBgn0283741
EJDRH	TC000110	FBgn0002542,FBgn0037531
EJDRI	TC034990,TC006823,TC006822	FBgn0289579
EJDRJ	TC002932	FBgn0011660
EJDRK	TC000375	FBgn0039626
EJDRM	TC007711	FBgn0032397
EJDRN	TC002959	FBgn0026317
EJDRP	TC034727	FBgn0022768
EJDRQ	TC003587	FBgn0029079
EJDRR	TC011382	FBgn0265574
EJDRS	TC010565	FBgn0033688
EJDS6	TC013080	FBgn0032741
EJDS9	TC006008	FBgn0040551
EJDSR	TC003873	FBgn0035906
EJDUT	TC008860	FBgn0020440
EJDUU	TC010400	FBgn0011763
EJDUV	TC032012	FBgn0011205
EJDUW	TC001100	FBgn0030365
EJDUY	TC014165	FBgn0002567
EJDUZ	TC014283	FBgn0026616
EJDV0	TC011156	FBgn0038880
EJDWM	TC005550	FBgn0250862
EJDX4	TC010591	FBgn0029508,FBgn0050159
EJDXG	TC014112	FBgn0032079
EJDXM	TC002357	FBgn0032642
EJDXP	TC004066	FBgn0032033
EJDXU	TC004117,TC001042	FBgn0021795
EJDXW	TC005836	FBgn0036093
EJDY7	TC006312	FBgn0015299
EJDY8	TC012743	FBgn0004862
EJDYD	TC034052	FBgn0002413
EJDYU	TC003405	FBgn0029727,FBgn0024315
EJDYV	TC013515	FBgn0031457
EJDZ4	TC005342,TC006788	FBgn0001148,FBgn0001147
EJDZ9	TC032112	FBgn0044046
EJDZD	TC008797,TC006752	FBgn0034700,FBgn0262116
EJDZF	TC001352	FBgn0038674
EJDZY	TC004888	FBgn0053969
EJE06	TC031239	FBgn0027621
EJE0B	TC014857	FBgn0037543
EJE0E	TC009781	FBgn0035959
EJE0N	TC007971	FBgn0026418
EJE0P	TC014196	FBgn0029761
EJE0R	TC034449	FBgn0011224
EJE0S	TC002960	FBgn0052407,FBgn0053523
EJE1J	TC009597	FBgn0000109
EJE1K	TC003306	FBgn0051648
EJE1M	TC002529	FBgn0020909
EJE1N	TC003208	FBgn0034181
EJE1Q	TC010571	FBgn0050290
EJE1V	TC033042	FBgn0086758
EJE25	TC005515	FBgn0024326
EJE26	TC001366	FBgn0030692
EJE27	TC010402	FBgn0031413
EJE29	TC014163	FBgn0039379
EJE2D	TC000903	FBgn0003944
EJE2F	TC007497	FBgn0004868
EJE2J	TC004570	FBgn0033450
EJE2K	TC009789	FBgn0032719
EJE2R	TC033771,TC001241	FBgn0000077
EJE2S	TC031044	FBgn0260464
EJE2T	TC013348	FBgn0022943
EJE2W	TC008926	FBgn0008636
EJE2Y	TC015464	FBgn0052645
EJE2Z	TC011151	FBgn0025835
EJE33	TC004564,TC009452	FBgn0036749,FBgn0036750,FBgn0035943
EJE4R	TC007931	FBgn0030788
EJE4U	TC012415	FBgn0033389
EJE51	TC010569	FBgn0259937
EJE52	TC000954	FBgn0039509
EJE53	TC015120	FBgn0039419
EJE6Q	TC030257,TC030240,TC030243,TC030248	FBgn0041247,FBgn0045495
EJE71	TC001194	FBgn0032054
EJE75	TC015766	FBgn0011474
EJE79	TC000111	FBgn0032771,FBgn0034454
EJE7N	TC001671	FBgn0039359
EJE7P	TC033673	FBgn0083946
EJE7Z	TC002294	FBgn0029113
EJE8S	TC006019	FBgn0039566
EJE9J	TC009420	FBgn0032796
EJE9N	TC013190	FBgn0263220
EJEA2	TC000963,TC014465	FBgn0024889,FBgn0035657,FBgn0027338
EJEA3	TC000505	FBgn0287720
EJEA7	TC011986,TC033882,TC033883,TC009813,TC034748	FBgn0031089,FBgn0031850,FBgn0053300,FBgn0053196
EJEB6	TC033015,TC033012,TC033011,TC033010,TC013421,TC014375,TC010927,TC010929,TC010930,TC010932,TC010933,TC010934,TC010910,TC010935,TC010908,TC010936,TC010939,TC010904,TC010959,TC012574,TC012575	FBgn0036264,FBgn0036022,FBgn0036023,FBgn0036024,FBgn0250815,FBgn0035665,FBgn0035678,FBgn0035661,FBgn0052383,FBgn0052382
EJEBC	TC002973	FBgn0020386
EJEBH	TC002569	FBgn0003062,FBgn0038090
EJEBI	TC034049	FBgn0030555
EJEBK	TC032248	FBgn0261698,FBgn0261686
EJEBM	TC033858	FBgn0259246
EJEBQ	TC009611	FBgn0039525
EJEBR	TC001087	FBgn0038816
EJEBS	TC000269	FBgn0034636
EJEBZ	TC032265	FBgn0032343
EJECA	TC004160	FBgn0003450
EJECC	TC034834	FBgn0000053
EJECJ	TC016414	FBgn0039754
EJECP	TC003878,TC001523	FBgn0031092
EJECS	TC010878	FBgn0029088
EJECT	TC003307	FBgn0032597
EJECY	TC008819	FBgn0039004
EJECZ	TC007893	FBgn0263510
EJED0	TC008489	FBgn0030871
EJED2	TC010029	FBgn0263593
EJED7	TC013466	FBgn0050051
EJED9	TC014961	FBgn0263606
EJEDB	TC011532	FBgn0035171
EJEDF	TC000790	FBgn0032259
EJEDM	TC010766	FBgn0243512
EJEDP	TC015126	FBgn0030710
EJEDU	TC030624,TC012622	FBgn0035240,FBgn0010352
EJEDV	TC010557	FBgn0086357
EJEE1	TC013163	FBgn0000411
EJEE7	TC031284	FBgn0260798
EJEFN	TC000985	FBgn0030291
EJEFS	TC008790	FBgn0036993
EJEFW	TC010432	FBgn0030794
EJEFX	TC033629	FBgn0039128
EJEG1	TC008669	FBgn0033179,FBgn0259729
EJEG6	TC015432	FBgn0033368
EJEGX	TC001151	FBgn0033274,FBgn0033523
EJEGY	TC010846,TC008640	FBgn0013812,FBgn0267433
EJEGZ	TC003407	FBgn0016797
EJEH0	TC009831,TC014536	FBgn0034437,FBgn0034441,FBgn0034438,FBgn0050047,FBgn0050049,FBgn0050043,FBgn0034436,FBgn0034440,FBgn0053012,FBgn0033720,FBgn0034439
EJEH3	TC009186	FBgn0011740
EJEH4	TC002710	FBgn0034065
EJEH5	TC007369	FBgn0261446
EJEH6	TC013118	FBgn0011573
EJEI2	TC013869	FBgn0031395
EJEIN	TC034732	FBgn0037659
EJEIP	TC031361	FBgn0082582
EJEIS	TC002504	FBgn0000578
EJEIU	TC034036	FBgn0264895
EJEJV	TC015771	FBgn0283450
EJEK2	TC032507	FBgn0033570
EJEKQ	TC002523	FBgn0005640
EJEKR	TC006858	FBgn0034729,FBgn0036670,FBgn0039370,FBgn0033815,FBgn0039366
EJEKT	TC000689	FBgn0027594
EJEKU	TC032216	FBgn0025366
EJEKW	TC033756	FBgn0050011
EJEKX	TC011404	FBgn0003079
EJEKY	TC004662,TC004854	FBgn0013746
EJEKZ	TC013624	FBgn0261618
EJEM0	TC002375	FBgn0036305
EJEM1	TC007586	FBgn0037608
EJEM3	TC012666	FBgn0011817
EJEM5	TC006550	FBgn0003517
EJEM6	TC005067	FBgn0031044
EJEMU	TC034812,TC003570	FBgn0005561,FBgn0003130
EJENW	TC001287	FBgn0035980
EJEQ0	TC033960	FBgn0261705
EJEQ2	TC005763	FBgn0040877,FBgn0040571
EJEQ6	TC008997	FBgn0032470
EJEQ8	TC032629,TC011237	FBgn0035949,FBgn0032914
EJEQ9	TC009579	FBgn0039467
EJEQD	TC032359	FBgn0036583
EJEQI	TC012999	FBgn0037899
EJERE	TC010318	FBgn0020389
EJERN	TC014236	FBgn0026428
EJERQ	TC013255	FBgn0034956
EJESN	TC033047,TC032654,TC032655,TC032657,TC032652,TC032650,TC007815,TC015048,TC003956,TC012996,TC013189,TC009235,TC006339,TC006693,TC006039,TC011008,TC002340	FBgn0030003,FBgn0035213,FBgn0015025,FBgn0031610,FBgn0031573,FBgn0037085,FBgn0028895,FBgn0032817,FBgn0014931,FBgn0037717,FBgn0037722,FBgn0037751,FBgn0260741,FBgn0038301,FBgn0038787,FBgn0034379,FBgn0033491,FBgn0033392,FBgn0032979,FBgn0030455,FBgn0263490,FBgn0020309,FBgn0038550,FBgn0264744,FBgn0031894,FBgn0040366,FBgn0038547
EJEV1	TC014927	FBgn0014464
EJEX1	TC031214	FBgn0263397
EJEX4	TC013053	FBgn0037255
EJEX5	TC007723	FBgn0010220
EJEX6	TC004396	FBgn0015589,FBgn0026598
EJEX9	TC006992	FBgn0033884
EJEXB	TC014756	FBgn0030663,FBgn0010422
EJEXD	TC008164	FBgn0035143,FBgn0035425
EJEYG	TC006817	FBgn0026090
EJEYR	TC006610	FBgn0032400
EJEYX	TC000967	FBgn0030052
EJEYY	TC007856	FBgn0015338
EJEZ0	TC014046	FBgn0033060
EJEZ1	TC015698	FBgn0032782
EJEZ2	TC015191	FBgn0037491
EJEZ3	TC034524	FBgn0086675
EJEZ7	TC031756	FBgn0037014
EJEZG	TC003326,TC006296	FBgn0000044,FBgn0000047,FBgn0000045,FBgn0011743,FBgn0000042,FBgn0000046
EJEZH	TC011913,TC011912,TC016126	FBgn0036843,FBgn0037239
EJEZI	TC007938	FBgn0004419
EJF06	TC033976	FBgn0035734,FBgn0025827,FBgn0046999,FBgn0034165
EJF0D	TC008876	FBgn0259745
EJF0G	TC003668	FBgn0050158
EJF0V	TC015081	FBgn0034377,FBgn0262103
EJF10	TC012702	FBgn0036992
EJF11	TC011124	FBgn0004373
EJF13	TC004374	FBgn0037911
EJF15	TC009172	FBgn0010611
EJF1K	TC006814	FBgn0001291
EJF1N	TC006517	FBgn0029878
EJF1P	TC012664	FBgn0039110
EJF1Q	TC014693	FBgn0036489
EJF1R	TC005937	FBgn0039348
EJF1S	TC010450	FBgn0037276
EJF1T	TC011645	FBgn0027868
EJF1V	TC014789	FBgn0032873
EJF2P	TC013211	FBgn0030311
EJF2Q	TC030007	FBgn0035023
EJF2R	TC014312	FBgn0039740
EJF2S	TC002140	FBgn0032153
EJF2V	TC014104	FBgn0037972
EJF2W	TC002281	FBgn0035534
EJF2X	TC005834	FBgn0036730,FBgn0259195,FBgn0259196,FBgn0030657
EJF2Z	TC005356	FBgn0037900
EJF3J	TC005411	FBgn0270927,FBgn0034417
EJF3X	TC009670	FBgn0038300
EJF42	TC004379	FBgn0037956
EJF43	TC011315	FBgn0038504
EJF45	TC031992	FBgn0263995
EJF47	TC009151	FBgn0034071
EJF58	TC009746	FBgn0037022
EJF5N	TC011840	FBgn0035953
EJF5Y	TC005820	FBgn0031544
EJF7U	TC033934	FBgn0004359
EJF83	TC033615	FBgn0038535
EJF8Z	TC034086,TC033627,TC033626,TC032046,TC015230,TC015229,TC009690,TC009691,TC009692,TC009693,TC009697,TC009698,TC005499	FBgn0015572,FBgn0015574,FBgn0010052,FBgn0039084
EJF95	TC010779	FBgn0031877
EJF9K	TC033332,TC014862	FBgn0052000
EJF9N	TC012299	FBgn0030141
EJF9S	TC001529	FBgn0265998
EJFA4	TC013571,TC004109	FBgn0250791
EJFAP	TC013457	FBgn0020261
EJFAQ	TC015037	FBgn0034396
EJFBP	TC012128	FBgn0010198,FBgn0033555
EJFBQ	TC011350	FBgn0031826,FBgn0051637
EJFBS	TC015539	FBgn0017545
EJFD6	TC006564	FBgn0264272
EJFD8	TC013309	FBgn0011701
EJFDA	TC004110	FBgn0037021
EJFDC	TC011438	FBgn0050499
EJFDE	TC012300	FBgn0039296
EJFDZ	TC000823	FBgn0033900
EJFE0	TC034462,TC007104	FBgn0033932,FBgn0033744
EJFE3	TC002490	FBgn0030370,FBgn0011327
EJFE6	TC033993	FBgn0015558,FBgn0261444
EJFE8	TC005191	FBgn0036857
EJFEA	TC003404	FBgn0001189
EJFEC	TC013505	FBgn0032856
EJFED	TC004625	FBgn0027348,FBgn0286723
EJFEF	TC012381	FBgn0036827
EJFEK	TC007530	FBgn0264978
EJFEM	TC033415	FBgn0038271
EJFEQ	TC002312	FBgn0052676
EJFF5	TC009265	FBgn0039251,FBgn0030049
EJFF7	TC031391	FBgn0030662
EJFF9	TC002139	FBgn0036124
EJFFA	TC008934	FBgn0015477
EJFFB	TC002712	FBgn0030342
EJFFD	TC011225	FBgn0010282
EJFFE	TC007894	FBgn0000667
EJFFJ	TC013727	FBgn0002031
EJFFK	TC012991	FBgn0039293
EJFFM	TC008987	FBgn0015075
EJFFQ	TC012374	FBgn0030514
EJFFR	TC001593	FBgn0027788
EJFFS	TC013253	FBgn0051249
EJFGA	TC002528	FBgn0034592,FBgn0034481
EJFGE	TC010049	FBgn0031021
EJFGI	TC015691	FBgn0031436
EJFGX	TC012623	FBgn0050077
EJFH0	TC012671	FBgn0263006
EJFH3	TC010433	FBgn0031149
EJFH5	TC030950,TC034451	FBgn0038136,FBgn0052473,FBgn0038135
EJFH8	TC032905,TC032904,TC032906,TC007032,TC007030,TC007029,TC011039	FBgn0039768,FBgn0039769
EJFHB	TC033901,TC031397	FBgn0033504
EJFHK	TC031309,TC006582,TC012898	FBgn0033661
EJFHN	TC007303	FBgn0261995
EJFHP	TC010841	FBgn0054038
EJFHQ	TC001119	FBgn0039480
EJFHR	TC013754	FBgn0037671
EJFHS	TC014712	FBgn0032651
EJFIA	TC006283	FBgn0262820
EJFII	TC009701	FBgn0038292
EJFJW	TC007437	FBgn0035491,FBgn0032293
EJFKS	TC000184	FBgn0038662
EJFM1	TC013883,TC006676	FBgn0040230,FBgn0037978
EJFM7	TC010780	FBgn0034135
EJFM9	TC011105	FBgn0003513
EJFMA	TC004691,TC012518	FBgn0024941,FBgn0259927
EJFMC	TC002131	FBgn0013756
EJFMD	TC011379	FBgn0039728
EJFMI	TC003752	FBgn0004861,FBgn0004860
EJFN5	TC010840	FBgn0029681
EJFN6	TC015221	FBgn0051988
EJFNA	TC009203	FBgn0031478
EJFNB	TC031885	FBgn0035638
EJFND	TC003160	FBgn0052819,FBgn0052820,FBgn0040028
EJFNR	TC006414	FBgn0035568,FBgn0035567,FBgn0039674
EJFNT	TC005185	FBgn0265297
EJFNV	TC015811	FBgn0000032
EJFP0	TC015566	FBgn0036876,FBgn0036875
EJFPE	TC032201	FBgn0035010
EJFPK	TC001713	FBgn0283666
EJFPR	TC006028	FBgn0032149
EJFQ8	TC006614	FBgn0053156,FBgn0033853
EJFQD	TC014437	FBgn0026150
EJFQG	TC002392	FBgn0035688
EJFQM	TC034044,TC033970,TC011604	FBgn0003295,FBgn0020248,FBgn0032416,FBgn0032415,FBgn0004635
EJFQQ	TC031477	FBgn0035415
EJFQR	TC015144	FBgn0035090
EJFQU	TC007194	FBgn0036285,FBgn0000625
EJFRX	TC011160	FBgn0000447
EJFS0	TC031936,TC015753,TC005141	FBgn0038751
EJFS5	TC033796	FBgn0039689
EJFSJ	TC002098	FBgn0037328
EJFU1	TC012058	FBgn0020306
EJFUX	TC003258	FBgn0050169
EJFVU	TC034720	FBgn0027563,FBgn0051326,FBgn0038211,FBgn0053329
EJFWI	TC014322	FBgn0267861
EJFWV	TC000873	FBgn0039836
EJFWW	TC002393	FBgn0035676
EJFY2	TC000626	FBgn0002641
EJFY5	TC013692	FBgn0051852
EJFY7	TC014699	FBgn0029502
EJFY8	TC009797,TC009798	FBgn0086657
EJFY9	TC032390	FBgn0030869
EJFYA	TC002298	FBgn0039631
EJFYB	TC008331	FBgn0031498
EJFYD	TC010437	FBgn0038584
EJFYF	TC031894,TC031803,TC031805,TC006206,TC006207,TC006209	FBgn0027280,FBgn0051664
EJFYG	TC005086	FBgn0033378
EJFYH	TC016092	FBgn0002937
EJFYI	TC008142	FBgn0026080
EJFYJ	TC011713	FBgn0051121
EJFYM	TC000271	FBgn0036733
EJFYN	TC008971	FBgn0035085
EJFYV	TC009351	FBgn0000157
EJFYY	TC013633	FBgn0032151
EJFYZ	TC001431	FBgn0086778,FBgn0028875
EJFZ1	TC004114	FBgn0000463
EJFZ2	TC004393	FBgn0004647
EJFZ9	TC010648	FBgn0261791
EJFZA	TC010137	FBgn0040623
EJFZB	TC033598	FBgn0061198
EJFZG	TC011972	FBgn0029843
EJFZK	TC001172	FBgn0039639
EJFZT	TC012149	FBgn0038183
EJFZW	TC010207	FBgn0025634
EJFZY	TC004632,TC004760	FBgn0085213
EJG04	TC003211	FBgn0033401
EJG05	TC003713	FBgn0033769
EJG0A	TC034803,TC008841	FBgn0261401,FBgn0037501
EJG0D	TC033566	FBgn0033615
EJG0F	TC011801	FBgn0035252
EJG0I	TC013805	FBgn0031285
EJG0M	TC000296	FBgn0265595
EJG0Q	TC034362	FBgn0038874
EJG0R	TC031610,TC005896,TC001395	FBgn0036354
EJG0S	TC011192	FBgn0051075
EJG0U	TC000481	FBgn0033160
EJG0X	TC006611	FBgn0030796,FBgn0030361
EJG1I	TC005826	FBgn0034350
EJG1K	TC013647	FBgn0038828
EJG1N	TC007746	FBgn0029864
EJG1P	TC001020	FBgn0028579
EJG1R	TC000231	FBgn0035998
EJG1Y	TC001408,TC001851	FBgn0028484
EJG24	TC007178	FBgn0034654
EJG27	TC004963	FBgn0029955
EJG2E	TC009547	FBgn0032822
EJG2G	TC013920	FBgn0260482,FBgn0031188
EJG2N	TC013563	FBgn0051800
EJG2U	TC007724,TC000721	FBgn0029811
EJG37	TC009871	FBgn0038772
EJG3R	TC010333	FBgn0036897
EJG4G	TC034471	FBgn0037406
EJG4H	TC009888	FBgn0035428
EJG4N	TC007740	FBgn0036711,FBgn0032040
EJG4T	TC004606	FBgn0261456
EJG4U	TC012118	FBgn0261872
EJG4W	TC006128	FBgn0058263
EJG4Y	TC012023	FBgn0033890
EJG4Z	TC012804	FBgn0040079
EJG50	TC007927	FBgn0286781
EJG51	TC013019	FBgn0001125
EJG60	TC004840	FBgn0020493
EJG6I	TC006824	FBgn0261588
EJG6N	TC009780	FBgn0031260
EJG6R	TC032368	FBgn0085426
EJG6T	TC014546	FBgn0024558
EJG80	TC001920	FBgn0024314
EJG86	TC015165	FBgn0044871
EJG8N	TC015826	FBgn0040022
EJG8Q	TC014895	FBgn0260008,FBgn0050354
EJG96	TC013110	FBgn0037506,FBgn0030263
EJG99	TC009714,TC009715,TC012132,TC012131	FBgn0003308
EJG9F	TC012273	FBgn0004889
EJG9G	TC013628,TC001977,TC001978	FBgn0038350,FBgn0267408,FBgn0038348,FBgn0038349
EJG9T	TC000634	FBgn0033756,FBgn0004435
EJG9V	TC014363,TC007305	FBgn0038721
EJG9Z	TC011820	FBgn0086895
EJGA0	TC002919	FBgn0015789
EJGAD	TC034030,TC034028,TC034029,TC002471,TC002470,TC003941,TC006292	FBgn0038918,FBgn0038919,FBgn0051413,FBgn0033814
EJGAK	TC009173	FBgn0267486
EJGAS	TC016342	FBgn0010803
EJGB2	TC009901	FBgn0032721
EJGB6	TC004678	FBgn0051301
EJGBB	TC000026	FBgn0038815
EJGBH	TC032545	FBgn0260660
EJGBX	TC002792	FBgn0033738
EJGBY	TC011665	FBgn0037419
EJGC8	TC011525,TC013762	FBgn0087035
EJGCS	TC016311	FBgn0036680
EJGD5	TC007357	FBgn0040294
EJGDA	TC009822	FBgn0026619
EJGDD	TC033715	FBgn0037778
EJGDF	TC003449	FBgn0035435
EJGDG	TC000065	FBgn0037504
EJGDV	TC004621	FBgn0040823
EJGE2	TC033754	FBgn0040634
EJGET	TC034807	FBgn0034362,FBgn0034363,FBgn0030071
EJGEW	TC032563,TC002000,TC002002	FBgn0027499
EJGEX	TC012217	FBgn0000181
EJGFA	TC013058,TC010949	FBgn0011692
EJGFG	TC015720	FBgn0033942
EJGFI	TC034902	FBgn0028746
EJGFN	TC015238	FBgn0031195
EJGFQ	TC009147	FBgn0034963
EJGFR	TC033171	FBgn0000061
EJGFS	TC033927	FBgn0010197
EJGFU	TC034629	FBgn0016694
EJGG7	TC010953	FBgn0035245
EJGG9	TC030782	FBgn0015737,FBgn0041780
EJGGA	TC007447	FBgn0023511
EJGGC	TC000969	FBgn0003676
EJGGF	TC013201	FBgn0030276
EJGHP	TC011031	FBgn0036156
EJGI6	TC005512	FBgn0038427
EJGI7	TC002624	FBgn0053144
EJGIA	TC033240	FBgn0264442
EJGIB	TC001563	FBgn0035622
EJGIC	TC009556	FBgn0036345,FBgn0019644
EJGID	TC033274,TC008527,TC006898	FBgn0003016
EJGIF	TC015993	FBgn0029823
EJGIG	TC031269,TC006111	FBgn0086908
EJGII	TC000449	FBgn0000416
EJGIK	TC014973	FBgn0023517,FBgn0035004
EJGIP	TC004603	FBgn0030717,FBgn0032664
EJGIR	TC002246	FBgn0028837
EJGIS	TC015094	FBgn0030724
EJGIY	TC012018	FBgn0035370
EJGJ0	TC000477	FBgn0030061
EJGJ2	TC008147	FBgn0052177
EJGJ3	TC011682	FBgn0041004
EJGJ7	TC000044	FBgn0035838
EJGJK	TC000048	FBgn0039665
EJGJN	TC005309	FBgn0036059
EJGJP	TC007353	FBgn0033810
EJGJS	TC032186	FBgn0039833
EJGJY	TC002775	FBgn0005631
EJGK8	TC007335,TC007334	FBgn0052532
EJGKB	TC000228	FBgn0259678
EJGKD	TC003790	FBgn0264922
EJGKG	TC001303	FBgn0040650
EJGKH	TC033471	FBgn0262483
EJGKX	TC033075	FBgn0032682
EJGM0	TC033865,TC033866	FBgn0069913
EJGND	TC009495	FBgn0030731
EJGNM	TC030614	FBgn0011570
EJGNT	TC007383	FBgn0033264
EJGP3	TC006244	FBgn0027589
EJGPA	TC014457	FBgn0053169
EJGQM	TC031528	FBgn0262477
EJGQQ	TC004129	FBgn0028996
EJGQV	TC034172	FBgn0032330
EJGR3	TC009607	FBgn0039600
EJGR4	TC034135	FBgn0035947
EJGR7	TC003554	FBgn0016919
EJGR8	TC006148	FBgn0035124,FBgn0032971,FBgn0250874
EJGR9	TC001541	FBgn0011771
EJGRA	TC034425	FBgn0261119
EJGRB	TC030603	FBgn0037236
EJGRC	TC007566	FBgn0036518
EJGRI	TC004918	FBgn0032961
EJGRJ	TC004719	FBgn0026401
EJGRK	TC034543	FBgn0039054
EJGRN	TC015855	FBgn0002922
EJGRP	TC001228	FBgn0001296
EJGRQ	TC012532	FBgn0015396
EJGRR	TC010101	FBgn0037758
EJGRV	TC032801	FBgn0262738
EJGST	TC033816	FBgn0028962
EJGSV	TC009844	FBgn0260462
EJGTB	TC015521	FBgn0035321
EJGTC	TC001979	FBgn0003390
EJGTD	TC012896	FBgn0033735
EJGTI	TC007500	FBgn0031514
EJGU9	TC005087	FBgn0025608
EJGUD	TC015731,TC010201	FBgn0001330
EJGUU	TC032466	FBgn0052576
EJGVI	TC012754,TC011730,TC011729	FBgn0000579
EJGWQ	TC012391	FBgn0030029
EJGX2	TC007676	FBgn0036377
EJGX5	TC012418	FBgn0034380
EJGX8	TC013212	FBgn0260858
EJGX9	TC003224	FBgn0030683
EJGXA	TC011042	FBgn0038585
EJGXG	TC010041	FBgn0004908
EJGXV	TC001756	FBgn0011016
EJGXX	TC015141	FBgn0039965
EJGXY	TC015369	FBgn0004855
EJGXZ	TC005810	FBgn0043001
EJGYB	TC034910,TC032932	FBgn0033404
EJGYH	TC010666	FBgn0034750
EJGYQ	TC032733,TC007693	FBgn0026206
EJGYS	TC013921	FBgn0032101
EJGZG	TC004522,TC004873	FBgn0087040,FBgn0003885,FBgn0003884,FBgn0003886
EJH12	TC006337	FBgn0033095
EJH16	TC011044	FBgn0037379
EJH19	TC033101	FBgn0085386
EJH1M	TC031189	FBgn0033376
EJH1N	TC033213	FBgn0031052
EJH1R	TC015540	FBgn0031451,FBgn0250906
EJH1Y	TC001382	FBgn0014133
EJH20	TC033773	FBgn0086472
EJH24	TC033788	FBgn0051855
EJH27	TC006567	FBgn0261608
EJH28	TC010413	FBgn0002593
EJH29	TC011807	FBgn0034447
EJH34	TC034687	FBgn0035293
EJH3A	TC013745	FBgn0037895
EJH4A	TC013763	FBgn0262987
EJH4D	TC000996	FBgn0036860
EJH4U	TC008787	FBgn0028879
EJH53	TC008921	FBgn0052626
EJH54	TC012344	FBgn0021764
EJH56	TC034531	FBgn0259211
EJH59	TC003498	FBgn0036217,FBgn0030481
EJH5C	TC012347	FBgn0261554
EJH5D	TC011974	FBgn0010774
EJH5I	TC013891	FBgn0015791
EJH5J	TC003118,TC003117	FBgn0035588
EJH5S	TC000932	FBgn0037942
EJH5T	TC034305	FBgn0000546
EJH5U	TC012116	FBgn0030088
EJH7H	TC009875	FBgn0035083,FBgn0035082
EJH7Q	TC014630	FBgn0035981
EJHB6	TC009143	FBgn0047114
EJHBX	TC014903	FBgn0000499
EJHBY	TC007169	FBgn0031275
EJHC0	TC007086	FBgn0039936
EJHD9	TC008616	FBgn0016131
EJHDI	TC013061	FBgn0027094
EJHDK	TC002918	FBgn0286786
EJHDM	TC014725	FBgn0031779
EJHDP	TC004326	FBgn0028836
EJHDQ	TC000412	FBgn0020510
EJHDS	TC005767	FBgn0032467
EJHDT	TC000030	FBgn0263251,FBgn0259932
EJHDU	TC003573	FBgn0014340,FBgn0039585
EJHDV	TC031647,TC030579	FBgn0011745
EJHES	TC010503	FBgn0034720
EJHEU	TC013782	FBgn0027088
EJHEV	TC032931,TC005605,TC005604	FBgn0036959
EJHEW	TC011310	FBgn0038927
EJHF0	TC004382	FBgn0266672
EJHF1	TC014081	FBgn0002431
EJHF4	TC009337	FBgn0032723
EJHF6	TC013781	FBgn0034959
EJHF7	TC006516	FBgn0025640,FBgn0032424
EJHFM	TC002338	FBgn0035812
EJHFW	TC012528	FBgn0029831
EJHFX	TC000669	FBgn0038143
EJHFZ	TC004637	FBgn0035264
EJHG3	TC002777	FBgn0033272
EJHG4	TC010123	FBgn0035498,FBgn0036688
EJHG5	TC030595	FBgn0037489
EJHG6	TC033245,TC033244	FBgn0051720
EJHG8	TC008296	FBgn0037000
EJHG9	TC014595	FBgn0260941
EJHGA	TC006230	FBgn0039896
EJHGD	TC001034	FBgn0014366
EJHGE	TC004938	FBgn0002891
EJHGF	TC012650	FBgn0003463
EJHGG	TC007236	FBgn0040696
EJHGK	TC005589	FBgn0024973
EJHGR	TC008830	FBgn0038235
EJHGU	TC005070	FBgn0037644
EJHGW	TC013707	FBgn0031902
EJHGY	TC001384	FBgn0285911
EJHGZ	TC007767	FBgn0036834
EJHH0	TC008353	FBgn0038760
EJHH2	TC034342	FBgn0264490
EJHHG	TC003448	FBgn0086367
EJHHI	TC000183	FBgn0024491
EJHHJ	TC008341	FBgn0052204
EJHHK	TC013607	FBgn0004569
EJHHN	TC005524	FBgn0032420
EJHHP	TC004017	FBgn0043002
EJHHX	TC009249	FBgn0033566
EJHHZ	TC003173	FBgn0035254
EJHI0	TC014102,TC014103	FBgn0051475
EJHI3	TC014514	FBgn0038876
EJHI8	TC032347	FBgn0033015
EJHI9	TC004611	FBgn0285955
EJHIA	TC005482	FBgn0036134
EJHID	TC011702	FBgn0032451
EJHIF	TC002905	FBgn0010905
EJHJC	TC005427	FBgn0032337
EJHJH	TC009197	FBgn0039723
EJHJX	TC034385	FBgn0085244
EJHK7	TC007674	FBgn0004108
EJHME	TC009632	FBgn0034113
EJHMG	TC016125	FBgn0024996
EJHNS	TC015223	FBgn0086676
EJHPI	TC033421,TC015008,TC015007,TC015006,TC015005	FBgn0038452
EJHPK	TC002431	FBgn0031251
EJHPM	TC004457	FBgn0038934,FBgn0260780
EJHPN	TC000382	FBgn0035001
EJHPP	TC013697	FBgn0032957
EJHPT	TC002337	FBgn0030345
EJHPW	TC007531	FBgn0036769
EJHQ6	TC005855	FBgn0003071
EJHQ7	TC005176	FBgn0010051
EJHQD	TC031888,TC016192,TC016191,TC016063	FBgn0260446
EJHS2	TC001170	FBgn0263051
EJHSF	TC030049	FBgn0037172,FBgn0025839
EJHU2	TC001767	FBgn0038510
EJHU3	TC034167	FBgn0051145
EJHU9	TC032646	FBgn0003744
EJHUF	TC015213	FBgn0288846
EJHUG	TC032147,TC032146	FBgn0261710
EJHUH	TC002282	FBgn0036569
EJHVH	TC002934	FBgn0022960
EJHVI	TC001755	FBgn0000173,FBgn0028913
EJHVJ	TC032728	FBgn0030245
EJHVQ	TC033102	FBgn0037436
EJHXJ	TC008657	FBgn0033363
EJHXK	TC004755	FBgn0033240
EJHXM	TC013194	FBgn0032445
EJHXN	TC010369	FBgn0039889
EJHXQ	TC014376	FBgn0035270
EJHXR	TC009832	FBgn0033184
EJHXS	TC005539	FBgn0027903
EJHXT	TC007130	FBgn0034231
EJHY0	TC014220	FBgn0033028
EJHYW	TC003649	FBgn0031360
EJHYY	TC009046	FBgn0038058
EJHYZ	TC010040	FBgn0038606
EJHZ1	TC001336	FBgn0034504
EJHZ3	TC009410	FBgn0036829
EJHZ6	TC031402	FBgn0036552
EJHZC	TC031466	FBgn0265191,FBgn0265180
EJHZF	TC000244	FBgn0013764
EJHZI	TC013339	FBgn0264672
EJHZJ	TC003130	FBgn0029912
EJHZK	TC014687,TC006241	FBgn0032132
EJHZP	TC009943	FBgn0265194
EJHZR	TC006735	FBgn0033438
EJHZT	TC015198	FBgn0026369
EJI03	TC008716	FBgn0031951
EJI0N	TC004600,TC005415	FBgn0039229
EJI0V	TC031371	FBgn0038439
EJI0Z	TC002993	FBgn0003346
EJI11	TC012311	FBgn0031286
EJI12	TC034009	FBgn0030671
EJI17	TC010886	FBgn0026634
EJI19	TC032227	FBgn0039175
EJI1P	TC013723	FBgn0013755,FBgn0013753
EJI1S	TC005392	FBgn0034310
EJI1T	TC033420	FBgn0032059
EJI1W	TC008024	FBgn0043841
EJI1Z	TC001925	FBgn0030432,FBgn0032130,FBgn0003459
EJI2M	TC007681	FBgn0034863,FBgn0034904,FBgn0026174,FBgn0026175,FBgn0031074,FBgn0026176,FBgn0025637,FBgn0262535
EJI2P	TC009986	FBgn0035604
EJI2S	TC002415,TC000102,TC010013	FBgn0003360,FBgn0025111
EJI3Y	TC010873	FBgn0264693
EJI47	TC000168	FBgn0038147
EJI4E	TC003077	FBgn0029717,FBgn0034099
EJI4F	TC000435	FBgn0036890
EJI4Q	TC011240	FBgn0027507
EJI4R	TC015133	FBgn0039902
EJI4S	TC002299	FBgn0038396
EJI4W	TC015920	FBgn0032204
EJI4X	TC007915,TC007916	FBgn0029003,FBgn0027546
EJI51	TC011873	FBgn0286785,FBgn0034005,FBgn0034880
EJI58	TC004489	FBgn0036974
